title,artist,year,genre,composer,file_path,Artista encontrado,Titulo encontrado,Numero de coincidencias,Hay coincidencia preferida,No hay coincidencia preferida,Coincidencia perfecta
La Yumba Don,Osvaldo Pugliese,,tango,,D:\Dropbox\TDJ\MUSICA\Osvaldo LA YUMBA\- PUGLIESE\PUGLIESE       la yumba  21-08-46.mp3,True,True,6,False,True,False
Racconto,Osvaldo Pugliese,1982-08-03,tango,Musica: Carlos García - Letra: Margarita Durán,D:\Dropbox\TDJ\MUSICA\Osvaldo LA YUMBA\- PUGLIESE\Kiko pugli\Osvaldo Pugliese - 1981 - 1982 - Todas sus grabaciones\20-1982 - osvaldo pugliese - racconto- instrumental de carlos garcia y margarita duran.mp3,True,True,1,False,True,True
Copacabana (Nido de amor),Osvaldo Pugliese,1985-06-28,tango,Musica: Julio De Caro - Letra: Antonio Rubio Penadés,D:\Dropbox\TDJ\MUSICA\Osvaldo LA YUMBA\- PUGLIESE\Kiko pugli\Osvaldo Pugliese - 1984 - 1985 - 1986\12-1985 -  pugliese - copacabana  - 1985.mp3,True,True,1,False,True,True
Mala Junta,Osvaldo Pugliese,,tango,,D:\Dropbox\TDJ\MUSICA\Osvaldo LA YUMBA\- PUGLIESE\- PUGLI  -  Instru\PUGLIESE\PUGLIESE       mala junta.mp3,True,True,3,False,True,False
A Un Artista Del Pueblo - De Arturo Penón - 1980,Osvaldo Pugliese,,tango,,D:\Dropbox\TDJ\MUSICA\Osvaldo LA YUMBA\- PUGLIESE\Kiko pugli\Osvaldo Pugliese 1977-1978-1979-1980\17- a un artista del pueblo - DE ARTURO PENÓN - 1980.mp3,True,True,1,False,True,False
Adios Bardi -  Pugliese,Osvaldo Pugliese,,tango,,D:\Dropbox\TDJ\MUSICA\Osvaldo LA YUMBA\- PUGLIESE\- PUGLI  -  Instru\Osvaldo Pugliese-Adios Bardi -  Pugliese.mp3,True,True,1,False,True,False
Adios Pampa Mia- De Mores-Canaro Y Pelay,Osvaldo Pugliese,,tango,,D:\Dropbox\TDJ\MUSICA\Osvaldo LA YUMBA\- PUGLIESE\Kiko pugli\Osvaldo Pugliese 1973-1974-1976\13-1976 - osvaldo pugliese & abel córdoba - adios pampa mia- de mores-canaro y pelay.mp3,True,True,1,False,True,False
Almagro - Adrian Guida - De San Lorenzo Y Timarni - 1985,Osvaldo Pugliese,,tango,,D:\Dropbox\TDJ\MUSICA\Osvaldo LA YUMBA\- PUGLIESE\Kiko pugli\Osvaldo Pugliese - 1984 - 1985 - 1986\05- almagro - adrian guida - de san lorenzo y timarni - 1985.mp3,True,True,6,False,True,False
Aquel Encuentro- De Quevedo-1986,Osvaldo Pugliese,,tango,,"D:\Dropbox\TDJ\MUSICA\Osvaldo LA YUMBA\- PUGLIESE\Kiko pugli\Osvaldo Pugliese - 1984 - 1985 - 1986\16-pugliese, abel córdoba & adrian guida - aquel encuentro- de quevedo-1986.mp3",True,True,2,False,True,False
Caldarella-1955,Osvaldo Pugliese,,tango,,D:\Dropbox\TDJ\MUSICA\Osvaldo LA YUMBA\- PUGLIESE\Kiko pugli\Osvaldo Pugliese - 1964 - 1965 - Todas sus grabaciones\20-osvaldo pugliese-canaro en paris-J. y A. Scarpino-Caldarella-1955.mp3,True,True,1,False,True,False
Callao Once                                            1976,Osvaldo Pugliese,,tango,,D:\Dropbox\TDJ\MUSICA\Osvaldo LA YUMBA\- PUGLIESE\Kiko pugli\Osvaldo Pugliese 1973-1974-1976\10-callao once - osvaldo pugliese 1976- instrumental dejavier mazzea.mp3,True,True,1,False,True,False
"Canta A Guida, Adrian - De Laurenz Y Contursi - 1986",Osvaldo Pugliese,,tango,,"D:\Dropbox\TDJ\MUSICA\Osvaldo LA YUMBA\- PUGLIESE\Kiko pugli\Osvaldo Pugliese - 1984 - 1985 - 1986\18-vieja amiga-tango-canta a guida, adrian - de laurenz y contursi - 1986.mp3",True,True,2,False,True,False
Canzoneta-1954- De Lary Y Suarez,Osvaldo Pugliese,,tango,,D:\Dropbox\TDJ\MUSICA\Osvaldo LA YUMBA\- PUGLIESE\Kiko pugli\Osvaldo Pugliese - 1953 - 1954 - Todas sus grabaciones\21-osvaldo pugliese-jorge maciel-canzoneta-1954- de lary y suarez.mp3,True,True,1,False,True,False
Como Te Pareces A Mi Guitarra - De Nestor Y Nicolas D'alesan,Osvaldo Pugliese,,tango,,D:\Dropbox\TDJ\MUSICA\Osvaldo LA YUMBA\- PUGLIESE\Kiko pugli\Osvaldo Pugliese - 1981 - 1982 - Todas sus grabaciones\08-osvaldo pugliese & adrian guida - como te pareces a mi guitarra - de nestor y nicolas d'alesan.mp3,True,True,1,False,True,False
Consejo De Oro - Roberto Chanel - Arquimedes Arci - 1946,Osvaldo Pugliese,,tango,,D:\Dropbox\TDJ\MUSICA\Osvaldo LA YUMBA\- PUGLIESE\Kiko pugli\Osvaldo Pugliese - 1946 - Todas sus grabaciones\01- consejo de oro - roberto chanel - arquimedes arci - 1946.mp3,True,True,1,False,True,False
Contame Una Historia Canta Hernán Salinas 29 7 81- De Eladia Blazquez Y Mario Iaquinandi,Osvaldo Pugliese,,tango,,D:\Dropbox\TDJ\MUSICA\Osvaldo LA YUMBA\- PUGLIESE\Kiko pugli\Osvaldo Pugliese - 1981 - 1982 - Todas sus grabaciones\04- contame una historia canta hernán salinas 29 7 81- de eladia blazquez y mario iaquinandi.mp3,True,True,2,False,True,False
Corchito- De Gatti Y Mazzzea,Osvaldo Pugliese,,tango,,D:\Dropbox\TDJ\MUSICA\Osvaldo LA YUMBA\- PUGLIESE\Kiko pugli\Osvaldo Pugliese - 1970 - 1972 - Todas sus grabaciones\18-1972 - osvaldo pugliese & abel cordoba - corchito- de gatti y mazzzea.mp3,True,False,0,False,True,False
Corrales viejos,Osvaldo Pugliese,1975-05-03,tango milonga,Musica: Anselmo Aieta - Letra: Francisco Laino,D:\Dropbox\TDJ\MUSICA\Osvaldo LA YUMBA\- PUGLIESE\Kiko pugli\Osvaldo Pugliese 1973-1974-1976\04-1974 - osvaldo pugliese - corrales viejos- de aaieta-raddici y laino- instrumental.mp3,False,False,1,False,False,True
Cuando Tallan Los Recuerdos-Tango De Rossi Y Cadicamo - 1980,Osvaldo Pugliese,,tango,,D:\Dropbox\TDJ\MUSICA\Osvaldo LA YUMBA\- PUGLIESE\Kiko pugli\Osvaldo Pugliese 1977-1978-1979-1980\13-cuando tallan los recuerdos-tango de rossi y cadicamo - 1980.mp3,True,True,1,False,True,False
De Espaldas- De Abel Cordoba Y Ottaviani,Osvaldo Pugliese,,tango,,D:\Dropbox\TDJ\MUSICA\Osvaldo LA YUMBA\- PUGLIESE\Kiko pugli\Osvaldo Pugliese - 1981 - 1982 - Todas sus grabaciones\21-1982 - osvaldo pugliese & abel córdoba - de espaldas- de abel cordoba y ottaviani.mp3,True,False,0,False,True,False
De Pura Cepa De Ceglie Y Sosa Cordero - 1980,Osvaldo Pugliese,1980,tango,,D:\Dropbox\TDJ\MUSICA\Osvaldo LA YUMBA\- PUGLIESE\Kiko pugli\Osvaldo Pugliese 1977-1978-1979-1980\16 de pura cepa - INSTRUMENTAL DE CEGLIE Y SOSA CORDERO - 1980.mp3,True,True,1,False,True,False
Didí,Osvaldo Pugliese,1967-06,tango,Musica: Roberto Firpo,D:\Dropbox\TDJ\MUSICA\Osvaldo LA YUMBA\- PUGLIESE\Kiko pugli\Osvaldo Pugliese - 1967 - Todas sus grabaciones\08-osvaldo pugliese-didi- instrumental de firpo - 1967.mp3,False,False,1,False,False,True
"El Arranque  -  Pugliese,  1944.08.22",Osvaldo Pugliese,,tango,,"D:\Dropbox\TDJ\MUSICA\Osvaldo LA YUMBA\- PUGLIESE\- PUGLI  -  Instru\Osvaldo Pugliese-El Arranque  -  Pugliese,  1944.08.22.mp3",True,True,3,False,True,False
El Dia De Tu Ausencia-Arcos Y Galvan-1944,Osvaldo Pugliese,,tango,,D:\Dropbox\TDJ\MUSICA\Osvaldo LA YUMBA\- PUGLIESE\Kiko pugli\Osvaldo Pugliese - 1943 - 1944 - Todas sus grabaciones\11- osvaldo pugliese & roberto chanel - el dia de tu ausencia-arcos y galvan-1944.mp3,True,True,1,False,True,False
El Jubilado'- De Edmundo Rivero Y Alposta,Osvaldo Pugliese,,tango,,D:\Dropbox\TDJ\MUSICA\Osvaldo LA YUMBA\- PUGLIESE\Kiko pugli\Osvaldo Pugliese - 1970 - 1972 - Todas sus grabaciones\19-1972 - osvaldo pugliese & abel cordoba - poema n 2 'el jubilado'- de edmundo rivero y alposta.mp3,True,False,0,False,True,False
El Mate Amargo-Herrero-Marvill 27-6-51,Osvaldo Pugliese,,tango,,D:\Dropbox\TDJ\MUSICA\Osvaldo LA YUMBA\- PUGLIESE\Kiko pugli\Osvaldo Pugliese - 1951 - 1952 - Todas sus grabaciones\04- osvaldo pugliese & alberto moran - el mate amargo-Herrero-Marvill 27-6-51.mp3,True,True,2,False,True,False
El monito,Osvaldo Pugliese,1945-06-12,tango,Musica: Julio De Caro - Letra: Juan Carlos Marambio Catán,D:\Dropbox\TDJ\MUSICA\Osvaldo LA YUMBA\- PUGLIESE\- PUGLI  -  Instru\Osvaldo Pugliese-El Monito  -  Pugli  -  12-06-45.mp3,False,False,1,False,False,True
El Remate-Alberto Pugliese-1944,Osvaldo Pugliese,,tango,,D:\Dropbox\TDJ\MUSICA\Osvaldo LA YUMBA\- PUGLIESE\Kiko pugli\Osvaldo Pugliese - 1943 - 1944 - Todas sus grabaciones\10-(osvaldo pugliese)-el remate-alberto pugliese-1944.mp3,True,True,1,False,True,False
El Rodeo Agustin Bardi 15-07-43,Osvaldo Pugliese,,tango,,D:\Dropbox\TDJ\MUSICA\Osvaldo LA YUMBA\- PUGLIESE\- PUGLI  -  Instru\PUGLIESE       El rodeo Agustin Bardi 15-07-43.mp3,True,True,1,False,True,False
El Tango Es Una Historia-Yiso Y Chanel-1944,Osvaldo Pugliese,,tango,,D:\Dropbox\TDJ\MUSICA\Osvaldo LA YUMBA\- PUGLIESE\Kiko pugli\Osvaldo Pugliese - 1943 - 1944 - Todas sus grabaciones\15-osvaldo pugliese & roberto chanel - el tango es una historia-yiso y chanel-1944.mp3,True,True,1,False,True,False
Elegante papirusa,Osvaldo Pugliese,1986-06-18,tango,Musica: Tito Roccatagliata,D:\Dropbox\TDJ\MUSICA\Osvaldo LA YUMBA\- PUGLIESE\Kiko pugli\Osvaldo Pugliese - 1984 - 1985 - 1986\15-elegante papirusa - o pugliese - de roccatagliata - 1986.mp3,True,True,1,False,True,True
Emancipación,Osvaldo Pugliese,1955-09-02,tango,Musica: Alfredo Bevilacqua,D:\Dropbox\TDJ\MUSICA\Edmundo\Pugliese\Osvaldo Pugliese - Emancipación.flac,False,False,1,False,False,True
En Secreto-Demarco-Roldan- 19-8-47,Osvaldo Pugliese,,tango,,D:\Dropbox\TDJ\MUSICA\Osvaldo LA YUMBA\- PUGLIESE\Kiko pugli\Osvaldo Pugliese - 1947 - Todas sus grabaciones\09- osvaldo pugliese & alberto moran - en secreto-Demarco-Roldan- 19-8-47.mp3,True,False,0,False,True,False
Enamorado Estoy-Marquez Y Osvaldo Fresedo - 1962,Osvaldo Pugliese,,tango,,D:\Dropbox\TDJ\MUSICA\Osvaldo LA YUMBA\- PUGLIESE\Kiko pugli\Osvaldo Pugliese - 1962 - 1963 - Todas sus grabaciones\17-osvaldo pugliese & abel cordoba - enamorado estoy-marquez y osvaldo fresedo - 1962.mp3,True,True,7,False,True,False
Es Preciso Que Te Vayas- De Cobian Y Celedonio Flores -,Osvaldo Pugliese,,tango,,D:\Dropbox\TDJ\MUSICA\Osvaldo LA YUMBA\- PUGLIESE\Kiko pugli\Osvaldo Pugliese - 1953 - 1954 - Todas sus grabaciones\10-osvaldo pugliese & juan carlos cobos - es preciso que te vayas- de cobian y celedonio flores -.mp3,True,True,1,False,True,False
Escuchame Manon- Pracanico Y Frollo - 10-6-47,Osvaldo Pugliese,,tango,,D:\Dropbox\TDJ\MUSICA\Osvaldo LA YUMBA\- PUGLIESE\Kiko pugli\Osvaldo Pugliese - 1947 - Todas sus grabaciones\16-osvaldo pugliese-roberto chanel-escuchame manon- Pracanico y Frollo - 10-6-47.mp3,True,True,2,False,True,False
"Fuimos Pugliese Homero Manzi, Jose Dames - Canta R Chanel 28-03-46",Osvaldo Pugliese,,tango,,"D:\Dropbox\TDJ\MUSICA\Osvaldo LA YUMBA\- PUGLIESE\- PUGLI  -  Instru\PUGLIESE\PUGLIESE       Fuimos PUGLIESE Homero Manzi, Jose Dames - Canta R Chanel 28-03-46.mp3",True,True,3,False,True,False
Gallo ciego,Osvaldo Pugliese,1959-07-23,tango,Musica: Agustin Bardi,D:\Dropbox\TDJ\MUSICA\Osvaldo LA YUMBA\- PUGLIESE\Kiko pugli\Osvaldo Pugliese - 1959 - Todas sus grabaciones\03-gallo ciego-instrumental de agustin bardi - 1959.mp3,True,True,1,False,True,True
Gallo Ciego - Agustin Bardi -  23-07-59,Osvaldo Pugliese,,tango,,D:\Dropbox\TDJ\MUSICA\Osvaldo LA YUMBA\- PUGLIESE\PUGLIESE       Gallo Ciego - Agustin Bardi -  23-07-59.mp3,True,True,2,False,True,False
Guardia Vieja 4049 - De Lacava - 1985,Osvaldo Pugliese,,tango,,D:\Dropbox\TDJ\MUSICA\Osvaldo LA YUMBA\- PUGLIESE\Kiko pugli\Osvaldo Pugliese - 1984 - 1985 - 1986\06-guardia vieja 4049 - de lacava - 1985.mp3,True,True,1,False,True,False
"Jorge Maciel & Carlos Guido - Por Un Carino-Alcazar, Coll Jarque Y Torres Nim - 1959",Osvaldo Pugliese,,tango,,"D:\Dropbox\TDJ\MUSICA\Osvaldo LA YUMBA\- PUGLIESE\Kiko pugli\Osvaldo Pugliese - 1959 - Todas sus grabaciones\11- jorge maciel & carlos guido - por un carino-alcazar, coll jarque y torres nim - 1959.mp3",True,True,3,False,True,False
La Cachila,Osvaldo Pugliese,,tango,,D:\Dropbox\TDJ\MUSICA\Osvaldo LA YUMBA\- PUGLIESE\Kiko pugli\Osvaldo Pugliese - 1945 - Todas sus grabaciones\13-osvaldo pugliese - la cachila-Arolas y Polito-1945.mp3,True,True,2,False,True,False
La Mascota Del Bar - Con Roberto Chanel,Osvaldo Pugliese,,tango,,D:\Dropbox\TDJ\MUSICA\Osvaldo LA YUMBA\- PUGLIESE\Kiko pugli\Osvaldo Pugliese - 1946 - Todas sus grabaciones\13-roberto chanel - la mascota del barrio - yiso y aznar - 1946.mp3,True,True,7,False,True,False
La Noche Que Me Esperes,Osvaldo Pugliese,,tango,,D:\Dropbox\TDJ\MUSICA\Osvaldo LA YUMBA\- PUGLIESE\Kiko pugli\Osvaldo Puglise - Alberto Moran\04 la noche que me esperes.mp3,True,True,2,False,True,False
La rayuela,Osvaldo Pugliese,1953-11-25,tango,Musica: Julio De Caro,D:\Dropbox\TDJ\MUSICA\Osvaldo LA YUMBA\- PUGLIESE\Kiko pugli\Osvaldo Pugliese - 1953 - 1954 - Todas sus grabaciones\09-osvaldo pugliese - la rayuela de julio de caro - 1953.mp3,True,True,1,False,True,True
Mal De Amores  -  Pugli  -   1946.08.21,Osvaldo Pugliese,,tango,,D:\Dropbox\TDJ\MUSICA\Osvaldo LA YUMBA\- PUGLIESE\- PUGLI  -  Instru\Osvaldo Pugliese-Mal De Amores  -  Pugli  -   1946.08.21.mp3,True,True,1,False,True,False
Mala Estampa  -  Pugliese  -  21-12-1944,Osvaldo Pugliese,,tango,,D:\Dropbox\TDJ\MUSICA\Osvaldo LA YUMBA\- PUGLIESE\- PUGLI  -  Instru\Mala Estampa  -  Pugliese  -  21-12-1944.mp3,True,True,1,False,True,False
Mala junta,Osvaldo Pugliese,,tango,,"D:\Dropbox\TDJ\MUSICA\Osvaldo LA YUMBA\- PUGLIESE\- PUGLI  -  Instru\PUGLIESE\PUGLIESE       Mala Junta                       PUGLIESE  Pedro Laurenz, Juan Velich  27-08-43.mp3",True,True,3,False,True,False
Mala junta,Osvaldo Pugliese,,tango,,D:\Dropbox\TDJ\MUSICA\Osvaldo LA YUMBA\- PUGLIESE\- PUGLI  -  Instru\PUGLIESE\Mala junta - 1970 Osvaldo Pugliese en vivo.mp3,True,True,3,False,True,False
Melenita De Oro 1960- De Geroni Flores Y Pesce,Osvaldo Pugliese,,tango,,D:\Dropbox\TDJ\MUSICA\Osvaldo LA YUMBA\- PUGLIESE\Kiko pugli\Osvaldo Pugliese - 1960 - Todas sus grabaciones\08-Osvaldo Pugliese Jorge Maciel Melenita De Oro 1960- de geroni flores y pesce.mp3,True,True,1,False,True,False
Melodìa De Arrabal- De Gardel Y Le Pera,Osvaldo Pugliese,,tango,,D:\Dropbox\TDJ\MUSICA\Osvaldo LA YUMBA\- PUGLIESE\Kiko pugli\Osvaldo Pugliese - 1984 - 1985 - 1986\09-1985 -pugliese & abel cordoba - melodìa de arrabal- de gardel y le pera.mp3,True,True,5,False,True,False
Mi Noche Triste (Lita),Osvaldo Pugliese,,tango,,D:\Dropbox\TDJ\MUSICA\Osvaldo LA YUMBA\- PUGLIESE\Kiko pugli\Osvaldo Pugliese 1977-1978-1979-1980\11-osvaldo pugliese - mi noche triste (lita)- instrumental de castriota y contursi.mp3,True,True,1,False,True,False
Milonga Para Gardel - Osvaldo Pugliese-Abel Cordoba Y Adrian Guida-1986- De Vivan Y Sanguinett,Osvaldo Pugliese,,tango,,D:\Dropbox\TDJ\MUSICA\Osvaldo LA YUMBA\- PUGLIESE\Kiko pugli\Osvaldo Pugliese - 1984 - 1985 - 1986\11-milonga para gardel - osvaldo pugliese-abel cordoba y adrian guida-1986- de vivan y sanguinett.mp3,True,True,2,False,True,False
Montaraz,Osvaldo Pugliese,1980-09-10,tango,Musica: ? - Letra: ?,D:\Dropbox\TDJ\MUSICA\Osvaldo LA YUMBA\- PUGLIESE\Kiko pugli\Osvaldo Pugliese 1977-1978-1979-1980\14 montaraz- INSTRUMENTAL DE VICENTE GRECO - 1980.mp3,False,False,1,False,False,True
Muchachita Del Amanecer-Pugliese Y Archi-1960,Osvaldo Pugliese,,tango,,D:\Dropbox\TDJ\MUSICA\Osvaldo LA YUMBA\- PUGLIESE\Kiko pugli\Osvaldo Pugliese - 1960 - Todas sus grabaciones\13-pugliese & jorge maciel - muchachita del amanecer-pugliese y archi-1960.mp3,True,True,2,False,True,False
Negracha - Don Osvaldo 24-06-48,Osvaldo Pugliese,,tango,,D:\Dropbox\TDJ\MUSICA\Osvaldo LA YUMBA\- PUGLIESE\PUGLIESE       Negracha - Don Osvaldo 24-06-48.mp3,True,True,5,False,True,False
Ni Triste Ni Solo- De Penón Y Hector Negro,Osvaldo Pugliese,,tango,,D:\Dropbox\TDJ\MUSICA\Osvaldo LA YUMBA\- PUGLIESE\Kiko pugli\Osvaldo Pugliese - 1970 - 1972 - Todas sus grabaciones\10-1972 - osvaldo pugliese & abel cordoba - ni triste ni solo- de penón y hector negro.mp3,True,True,1,False,True,False
Nn Osvaldo Ruggiero  28-04-47,Osvaldo Pugliese,,tango,,D:\Dropbox\TDJ\MUSICA\Osvaldo LA YUMBA\- PUGLIESE\- PUGLI  -  Instru\PUGLIESE\PUGLIESE       NN Osvaldo Ruggiero  28-04-47.mp3,True,False,0,False,True,False
Nueve De Julio - José Luis Padula - 1954,Osvaldo Pugliese,,tango,,D:\Dropbox\TDJ\MUSICA\Osvaldo LA YUMBA\- PUGLIESE\Kiko pugli\Osvaldo Pugliese - 1953 - 1954 - Todas sus grabaciones\17-osvaldo pugliese - nueve de julio - José Luis Padula - 1954.mp3,True,True,1,False,True,False
Pa' Lo Que Te Va A Durar- De Barbieri Y Flores,Osvaldo Pugliese,,tango,,D:\Dropbox\TDJ\MUSICA\Osvaldo LA YUMBA\- PUGLIESE\Kiko pugli\Osvaldo Pugliese - 1984 - 1985 - 1986\08-1985 - osvaldo pugliese & abel cordoba - pa' lo que te va a durar- de barbieri y flores.mp3,True,True,1,False,True,False
Patético,Osvaldo Pugliese,1948-04-06,tango,Musica: Jorge Caldara,D:\Dropbox\TDJ\MUSICA\Eduardo\1\Patetico.mp3,True,True,1,False,True,True
Patetico +,Osvaldo Pugliese,,tango,,D:\Dropbox\TDJ\MUSICA\Osvaldo LA YUMBA\- PUGLIESE\PUGLIESE       PATETICO +.mp3,True,True,1,False,True,False
Patetico ++,Osvaldo Pugliese,,tango,,D:\Dropbox\TDJ\MUSICA\Osvaldo LA YUMBA\- PUGLIESE\- PUGLI  -  Instru\PUGLIESE\PUGLIESE       PATETICO ++.mp3,True,True,1,False,True,False
Pelele  -  Pugli  -  12-06-1945,Osvaldo Pugliese,,tango,,D:\Dropbox\TDJ\MUSICA\Osvaldo LA YUMBA\- PUGLIESE\- PUGLI  -  Instru\Osvaldo Pugliese-Pelele  -  Pugli  -  12-06-1945.mp3,True,True,3,False,True,False
Picaneao - Osvaldo Pugliese & Juan Carlos Cobos (05-01-1954)- De Baldi Y Cadicamo,Osvaldo Pugliese,1954-01-05,tango,,D:\Dropbox\TDJ\MUSICA\Osvaldo LA YUMBA\- PUGLIESE\Kiko pugli\Osvaldo Pugliese - 1953 - 1954 - Todas sus grabaciones\11-picaneao - osvaldo pugliese & juan carlos cobos (05-01-1954)- de Baldi y cadicamo.mp3,True,True,4,False,True,False
Por Unos Ojos Negros- Abel Cordoba - De Dames Y Sanguinetti - 1986,Osvaldo Pugliese,,tango,,D:\Dropbox\TDJ\MUSICA\Osvaldo LA YUMBA\- PUGLIESE\Kiko pugli\Osvaldo Pugliese - 1984 - 1985 - 1986\14- por unos ojos negros- abel cordoba - de dames y sanguinetti - 1986.mp3,True,True,6,False,True,False
porque No Has Venido-Maffia-Julio Navarrine- 3-12-45,Osvaldo Pugliese,,tango,,D:\Dropbox\TDJ\MUSICA\Osvaldo LA YUMBA\- PUGLIESE\Kiko pugli\Osvaldo Pugliese - 1945 - Todas sus grabaciones\17- osvaldo pugliese - alberto moran-porque no has venido-Maffia-Julio Navarrine- 3-12-45.mp3,True,True,3,False,True,False
"Preguntas Para Mi Viejo, De Penón Y Hector Negro - 1984",Osvaldo Pugliese,,tango,,"D:\Dropbox\TDJ\MUSICA\Osvaldo LA YUMBA\- PUGLIESE\Kiko pugli\Osvaldo Pugliese - 1984 - 1985 - 1986\01- osvaldo pugliese & abel cordoba - preguntas para mi viejo, de penón y hector negro - 1984.mp3",True,True,5,False,True,False
"Puentecito De Mi Rio -Benitez, Tormo Y Luna-1944",Osvaldo Pugliese,,tango,,"D:\Dropbox\TDJ\MUSICA\Osvaldo LA YUMBA\- PUGLIESE\Kiko pugli\Osvaldo Pugliese - 1943 - 1944 - Todas sus grabaciones\21-osvaldo pugliese - roberto chanel - puentecito de mi rio -benitez, tormo y luna-1944.mp3",True,True,1,False,True,False
Pugliese & Adrian Guida - Calor De Hogar - De Fernandez Blanco Y Carrero - 1985,Osvaldo Pugliese,,tango,,D:\Dropbox\TDJ\MUSICA\Osvaldo LA YUMBA\- PUGLIESE\Kiko pugli\Osvaldo Pugliese - 1984 - 1985 - 1986\07-pugliese & adrian guida - calor de hogar - de fernandez blanco y carrero - 1985.mp3,True,True,1,False,True,False
Raza Criolla (El Taita),Osvaldo Pugliese,1945-01-25,tango,Musica: Salvador Grupillo,D:\Dropbox\TDJ\MUSICA\Eduardo\4\Raza Criolla (El Taita).mp3,True,True,1,False,True,True
Raza Criolla [El Taita]-Grupillo-1945,Osvaldo Pugliese,1945,tango,,D:\Dropbox\TDJ\MUSICA\Osvaldo LA YUMBA\- PUGLIESE\Kiko pugli\Osvaldo Pugliese - 1947 - Todas sus grabaciones\0 - PUGLIESE ins\02-raza criolla [el taita]-instrumental-Grupillo-1945.mp3,True,True,1,False,True,False
Recuerdo Osvaldo Pugliese,Osvaldo Pugliese,,tango,,D:\Dropbox\TDJ\MUSICA\Osvaldo LA YUMBA\- PUGLIESE\- PUGLI  -  Instru\PUGLIESE\PUGLIESE       Recuerdo OSVALDO PUGLIESE.mp3,True,True,5,False,True,False
Seguime si podés,Osvaldo Pugliese,1953-10-06,tango,Musica: Alejandro Scarpino y Juan Caldarella - Letra: Antonio Anselmi,D:\Dropbox\TDJ\MUSICA\Edmundo\Pugliese\Osvaldo Pugliese - Seguime si podés.flac,False,False,1,False,False,True
Senda De Amor 1961- Laur Y Mazzea,Osvaldo Pugliese,,tango,,D:\Dropbox\TDJ\MUSICA\Osvaldo LA YUMBA\- PUGLIESE\Kiko pugli\Osvaldo Pugliese - 1961- Todas sus grabaciones\08-Osvaldo Pugliese Jorge Maciel Senda De Amor 1961- Laur y Mazzea.mp3,True,True,1,False,True,False
Si Se Calla El Cantor- De Horacio Guarany,Osvaldo Pugliese,,tango,,D:\Dropbox\TDJ\MUSICA\Osvaldo LA YUMBA\- PUGLIESE\Kiko pugli\Osvaldo Pugliese - 1970 - 1972 - Todas sus grabaciones\13-1972 - osvaldo pugliese & abel cordoba - si se calla el cantor- de horacio guarany.mp3,True,True,1,False,True,False
Si Yo Pudiera Olvidarla- De Tarantino Y Palacios - 1954,Osvaldo Pugliese,,tango,,D:\Dropbox\TDJ\MUSICA\Osvaldo LA YUMBA\- PUGLIESE\Kiko pugli\Osvaldo Pugliese - 1953 - 1954 - Todas sus grabaciones\23-osvaldo pugliese & jorge maciel - si yo pudiera olvidarla- de Tarantino y Palacios - 1954.mp3,True,True,1,False,True,False
Suerte Loca- De Aieta Y Garcia Jimenez,Osvaldo Pugliese,,tango,,D:\Dropbox\TDJ\MUSICA\Osvaldo LA YUMBA\- PUGLIESE\Kiko pugli\Osvaldo Pugliese - 1984 - 1985 - 1986\19-1986 - osvaldo pugliese - suerte loca- de aieta y garcia jimenez.mp3,True,True,1,False,True,False
Sur- De Troilo Y Manzi - 1976,Osvaldo Pugliese,,tango,,D:\Dropbox\TDJ\MUSICA\Osvaldo LA YUMBA\- PUGLIESE\Kiko pugli\Osvaldo Pugliese 1973-1974-1976\15-osvaldo pugliese & abel cordoba - sur- de troilo y manzi - 1976.mp3,True,True,2,False,True,False
Tengo calle,Osvaldo Pugliese,1980-06-03,tango,Musica: ? - Letra: ?,D:\Dropbox\TDJ\MUSICA\Osvaldo LA YUMBA\- PUGLIESE\Kiko pugli\Osvaldo Pugliese 1977-1978-1979-1980\15-1980 - osvaldo pugliese - tengo calle- instrumental de silvio pucci.mp3,False,False,1,False,False,True
Tierra Querida  -  Pugli  -  Odeón 7665 - 06-07-1944 - Lado B,Osvaldo Pugliese,,tango,,D:\Dropbox\TDJ\MUSICA\Osvaldo LA YUMBA\- PUGLIESE\- PUGLI  -  Instru\PUGLIESE\Osvaldo Pugliese-Tierra Querida  -  Pugli  -  Odeón 7665 - 06-07-1944 - Lado B.mp3,True,True,1,False,True,False
Tormento- De Charlo Y Amadori - 1972,Osvaldo Pugliese,,tango,,D:\Dropbox\TDJ\MUSICA\Osvaldo LA YUMBA\- PUGLIESE\Kiko pugli\Osvaldo Pugliese - 1970 - 1972 - Todas sus grabaciones\12-osvaldo pugliese & abel cordoba - tormento- de charlo y amadori - 1972.mp3,True,True,6,False,True,False
Zum,Osvaldo Pugliese,1973-12-12,tango,Musica: Astor Piazzolla,D:\Dropbox\TDJ\MUSICA\Osvaldo LA YUMBA\- PUGLIESE\- PUGLI  -  Instru\PUGLIESE\PUGLIESE       Zum.mp3,True,True,1,False,True,True
Bien milonga,Osvaldo Pugliese,1951-07-31,tango,Musica: Ismael Spitalnik,D:\Dropbox\TDJ\MUSICA\Osvaldo LA YUMBA\- PUGLIESE\Kiko pugli\Osvaldo Pugliese - 1951 - 1952 - Todas sus grabaciones\05-osvaldo pugliese - bien milonga (instrumental)-Spiltalnik-1951.mp3,True,True,1,False,True,True
Don Augustín Bardi,Osvaldo Pugliese,,tango,Horacio Salgán,D:\Dropbox\TDJ\MUSICA\Osvaldo LA YUMBA\- PUGLIESE\Kiko pugli\Osvaldo Pugliese - 1961- Todas sus grabaciones\04-osvaldo pugliese - don agustin bardi- instrumental de salgan - 1961.mp3,True,True,1,False,True,False
Corazoneando,Osvaldo Pugliese,1958-01-02,tango,Musica: Osvaldo Pugliese,D:\Dropbox\TDJ\MUSICA\Osvaldo LA YUMBA\- PUGLIESE\Kiko pugli\Osvaldo Pugliese - 1958 - Todas sus grabaciones\01- Corazoneando - instrumental de Pugliese.mp3,False,False,1,False,False,True
Emancipación,Osvaldo Pugliese,1955-09-02,tango,Musica: Alfredo Bevilacqua,D:\Dropbox\TDJ\MUSICA\Osvaldo LA YUMBA\- PUGLIESE\Kiko pugli\Osvaldo Pugliese - 1955 - 1956 - Todas sus grabaciones\01- Emancipación - Instrumental de Bevilaqua - 1955.mp3,True,True,1,False,True,True
Frase - Jorge Maciel - Victor Lavallen - 1965,Osvaldo Pugliese,,tango,,D:\Dropbox\TDJ\MUSICA\Osvaldo LA YUMBA\- PUGLIESE\Kiko pugli\Osvaldo Pugliese - 1964 - 1965 - Todas sus grabaciones\21- frase - jorge maciel - victor lavallen - 1965.mp3,True,True,3,False,True,False
Gallo ciego,Osvaldo Pugliese,1959-07-23,tango,Musica: Agustin Bardi,D:\Dropbox\TDJ\MUSICA\Eva\Unknown Artist\Unknown Album\01 GALLO CIEGO   OSVALDO PUGLIESE.m4a,True,True,1,False,True,True
La Tupungatina,Osvaldo Pugliese,,tango,,D:\Dropbox\TDJ\MUSICA\Eva\Unknown Artist\Unknown Album\01 La Tupungatina - Osvaldo Pugliese (Tango).mp3,True,True,2,False,True,False
Llévame Carretero-Cicarelli Y Parada - 1962,Osvaldo Pugliese,2008,tango,,D:\Dropbox\TDJ\MUSICA\Osvaldo LA YUMBA\- PUGLIESE\Kiko pugli\Osvaldo Pugliese - 1962 - 1963 - Todas sus grabaciones\04-osvaldo pugliese & jorge maciel - llévame carretero-cicarelli y parada - 1962.ogg,True,True,7,False,True,False
Los Largos Del Pibe - De Lary Y Sampri - Miguel Montero,Osvaldo Pugliese,,tango,,D:\Dropbox\TDJ\MUSICA\Osvaldo LA YUMBA\- PUGLIESE\Kiko pugli\Osvaldo Pugliese - 1957 - Todas sus grabaciones\01- Los largos del pibe - de Lary y Sampri - Miguel Montero.mp3,True,True,1,False,True,False
No09,Osvaldo Pugliese,,tango,,D:\Dropbox\TDJ\MUSICA\Osvaldo LA YUMBA\- PUGLIESE\Kiko pugli\Osvaldo Pugliese - 1966 - Todas sus grabaciones\01-La mariposa - pugliese instrumental - maffia.mp3,True,False,0,False,True,False
Patético - Instumental De Caldara - 1948,Osvaldo Pugliese,,tango,,D:\Dropbox\TDJ\MUSICA\Osvaldo LA YUMBA\- PUGLIESE\Kiko pugli\Osvaldo Pugliese - 1948 - 1949 - Todas sus grabaciones\01- Patético - instumental de caldara - 1948.mp3,True,True,3,False,True,False
A Los Artistas Plasticos,Osvaldo Pugliese,1964,tango,,D:\Dropbox\TDJ\MUSICA\Osvaldo LA YUMBA\- PUGLIESE\Kiko pugli\Osvaldo Pugliese - 1964 - 1965 - Todas sus grabaciones\13- a los artistas plasticos - instrumental de pugliese - 1964.mp3,True,True,1,False,True,False
El embrollo,Osvaldo Pugliese,1952-11-13,tango,Musica: Esteban Gilardi,D:\Dropbox\TDJ\MUSICA\Eva\Unknown Artist\Unknown Album\02 El Embrollo - Osvaldo Pugliese (Tango).mp3,False,False,1,False,False,True
Emancipación,Osvaldo Pugliese,1955-09-02,tango,Musica: Alfredo Bevilacqua,D:\Dropbox\TDJ\MUSICA\Eva\Unknown Artist\Unknown Album\02 EMANCIPACION   ODVALDO PUGLIESE.m4a,True,True,1,False,True,True
Gente amiga,Osvaldo Pugliese,1958-01-02,tango,Musica: Ismael Spitalnik,D:\Dropbox\TDJ\MUSICA\Osvaldo LA YUMBA\- PUGLIESE\Kiko pugli\Osvaldo Pugliese - 1958 - Todas sus grabaciones\02- Gente amiga - instrumental de Spitalnik.mp3,False,False,1,False,False,True
La Tupungatina,Osvaldo Pugliese,,tango,,D:\Dropbox\TDJ\MUSICA\Osvaldo LA YUMBA\- PUGLIESE\Kiko pugli\Osvaldo Pugliese - 1951 - 1952 - Todas sus grabaciones\15- la tupungatina - pugliese instrumental de tapia-1952.mp3,True,True,2,False,True,False
Mi Serenata - De Donato Y Thorry - Dúo Maciel-Montero - 1955,Osvaldo Pugliese,,tango,,D:\Dropbox\TDJ\MUSICA\Osvaldo LA YUMBA\- PUGLIESE\Kiko pugli\Osvaldo Pugliese - 1955 - 1956 - Todas sus grabaciones\02- Mi serenata - de Donato y Thorry - dúo Maciel-Montero - 1955.mp3,True,True,3,False,True,False
N.N.,Osvaldo Pugliese,1947-04-28,tango,Musica: Osvaldo Ruggiero,D:\Dropbox\TDJ\MUSICA\Osvaldo LA YUMBA\- PUGLIESE\Kiko pugli\Osvaldo Pugliese - 1947 - Todas sus grabaciones\05-N.N. - Instrumental de Ruggero-1947.mp3,False,False,1,False,False,True
Recuerdo,Osvaldo Pugliese,,tango,,D:\Dropbox\TDJ\MUSICA\Osvaldo LA YUMBA\- PUGLIESE\Kiko pugli\Osvaldo Pugliese - 1943 - 1944 - Todas sus grabaciones\08-Recuerdo-instrumental-pugliese-1944.mp3,True,True,4,False,True,False
Y Sigo Esperando - De Juan Velich Y Ziccaro - Jorge Maciel,Osvaldo Pugliese,,tango,,D:\Dropbox\TDJ\MUSICA\Osvaldo LA YUMBA\- PUGLIESE\Kiko pugli\Osvaldo Pugliese - 1957 - Todas sus grabaciones\02- Y sigo esperando - de Juan Velich y Ziccaro - Jorge Maciel.mp3,True,True,1,False,True,False
Carmen - Jorge Maciel-Abel Cordoba - 1965 - Fulvio Salamanca,Osvaldo Pugliese,,tango,,D:\Dropbox\TDJ\MUSICA\Osvaldo LA YUMBA\- PUGLIESE\Kiko pugli\Osvaldo Pugliese - 1964 - 1965 - Todas sus grabaciones\23- Carmen - jorge maciel-abel cordoba - 1965 - fulvio salamanca.mp3,True,True,3,False,True,False
Chiqué,Osvaldo Pugliese,,tango,,D:\Dropbox\TDJ\MUSICA\Eva\Unknown Artist\Unknown Album\03 Chique - Osvaldo Pugliese (Tango).mp3,True,True,2,False,True,False
Esta Noche De Luna - De García-Gómez Y Marcó - Jorge Maciel - 1955,Osvaldo Pugliese,,tango,,D:\Dropbox\TDJ\MUSICA\Osvaldo LA YUMBA\- PUGLIESE\Kiko pugli\Osvaldo Pugliese - 1955 - 1956 - Todas sus grabaciones\03- Esta noche de luna - de García-Gómez y Marcó - Jorge Maciel - 1955.mp3,True,True,1,False,True,False
Julie,Osvaldo Pugliese,1958-01-16,tango,Musica: Enrique Alessio y Carlos Lazzari,D:\Dropbox\TDJ\MUSICA\Osvaldo LA YUMBA\- PUGLIESE\Kiko pugli\Osvaldo Pugliese - 1958 - Todas sus grabaciones\03- Julie - Instrumental de Lázzari y Alessio.mp3,False,False,1,False,False,True
La Novia Del Suburbio - De Minotti Y Rufino- Jorge Maciel,Osvaldo Pugliese,,tango,,D:\Dropbox\TDJ\MUSICA\Osvaldo LA YUMBA\- PUGLIESE\Kiko pugli\Osvaldo Pugliese - 1957 - Todas sus grabaciones\03- La novia del suburbio - de Minotti y Rufino- Jorge Maciel.mp3,True,True,1,False,True,False
Milonga De Mi Tierra - Jorge Rubino - Alberto Pugliese Y J. Sassone - 1943,Osvaldo Pugliese,,tango,,D:\Dropbox\TDJ\MUSICA\Osvaldo LA YUMBA\- PUGLIESE\Kiko pugli\Osvaldo Pugliese - 1943 - 1944 - Todas sus grabaciones\05- milonga de mi tierra - jorge rubino - alberto pugliese y j. sassone - 1943.mp3,True,True,1,False,True,False
Negracha,Osvaldo Pugliese,1948-06-24,tango,Musica: Osvaldo Pugliese,D:\Dropbox\TDJ\MUSICA\Osvaldo LA YUMBA\- PUGLIESE\Kiko pugli\Osvaldo Pugliese - 1948 - 1949 - Todas sus grabaciones\03- Negracha - Instrumental de Pugliese - 1948.mp3,False,False,1,False,False,True
Seguime si podés,Osvaldo Pugliese,1953-10-06,tango,Musica: Alejandro Scarpino y Juan Caldarella - Letra: Antonio Anselmi,D:\Dropbox\TDJ\MUSICA\Eva\Unknown Artist\Unknown Album\03 SEGUIME SI PODES   OSVALDE PUGLIESE.m4a,True,True,1,False,True,True
Tierra Querida-In J De Caro Y Luis Diaz 1944,Osvaldo Pugliese,,tango,,D:\Dropbox\TDJ\MUSICA\Osvaldo LA YUMBA\- PUGLIESE\Kiko pugli\Osvaldo Pugliese - 1947 - Todas sus grabaciones\0 - PUGLIESE ins\12- tierra querida-in j de caro y luis diaz 1944.mp3,True,True,3,False,True,False
Boedo,Osvaldo Pugliese,1948-07-14,tango,Musica: Julio De Caro - Letra: Dante A. Linyera,D:\Dropbox\TDJ\MUSICA\Osvaldo LA YUMBA\- PUGLIESE\Kiko pugli\Osvaldo Pugliese - 1948 - 1949 - Todas sus grabaciones\04- Boedo - Instrumental de Julio de Caro - 1948.mp3,False,False,1,False,False,True
Gurisa - De García Satur Y Aminto - Miguel Montero,Osvaldo Pugliese,,tango,,D:\Dropbox\TDJ\MUSICA\Osvaldo LA YUMBA\- PUGLIESE\Kiko pugli\Osvaldo Pugliese - 1958 - Todas sus grabaciones\04- Gurisa - de García Satur y Aminto - Miguel Montero.mp3,True,True,2,False,True,False
La rayuela,Osvaldo Pugliese,1953-11-25,tango,Musica: Julio De Caro,D:\Dropbox\TDJ\MUSICA\Eva\Unknown Artist\Unknown Album\04 La Rayuela - Osvaldo Pugliese (Tango).mp3,True,True,1,False,True,True
Parlamento,Osvaldo Pugliese,1979-12-27,tango,Musica: Julio De Caro - Letra: Richard Russo,D:\Dropbox\TDJ\MUSICA\Osvaldo LA YUMBA\- PUGLIESE\Kiko pugli\Osvaldo Pugliese 1977-1978-1979-1980\10- parlamento - instrumental de julio de caro - 1979.mp3,False,False,1,False,False,True
Pata ancha,Osvaldo Pugliese,1957-05-13,tango,Musica: Mario Demarco,D:\Dropbox\TDJ\MUSICA\Osvaldo LA YUMBA\- PUGLIESE\Kiko pugli\Osvaldo Pugliese - 1957 - Todas sus grabaciones\04- Pata ancha - instrumental de Demarco.mp3,True,True,1,False,True,True
Sentencia - Osvaldo Pugliese-Ricardo Medina - Maffia Y Celedonio Flores - 1959,Osvaldo Pugliese,,tango,,D:\Dropbox\TDJ\MUSICA\Osvaldo LA YUMBA\- PUGLIESE\Kiko pugli\Osvaldo Pugliese - 1959 - Todas sus grabaciones\08- sentencia - osvaldo pugliese-ricardo medina - maffia y celedonio flores - 1959.mp3,True,True,5,False,True,False
Yunta de oro,Osvaldo Pugliese,1957-10-25,tango,Musica: Osvaldo Ruggiero,D:\Dropbox\TDJ\MUSICA\Eva\Unknown Artist\Unknown Album\04 YUNTA DE ORO   OSVALDO PUGLIESE.m4a,True,True,1,False,True,True
Buen Amigo - Ins De J De Caro Y Mar Catán,Osvaldo Pugliese,,tango,,D:\Dropbox\TDJ\MUSICA\Osvaldo LA YUMBA\- PUGLIESE\Kiko pugli\Osvaldo Pugliese - 1958 - Todas sus grabaciones\05- Buen amigo - Ins de J de Caro y Mar Catán.mp3,True,True,1,False,True,False
De puro guapo,Osvaldo Pugliese,1972-11-10,tango,Musica: Pedro Laurenz - Letra: Manuel Meaños,D:\Dropbox\TDJ\MUSICA\Osvaldo LA YUMBA\- PUGLIESE\Kiko pugli\Osvaldo Pugliese - 1970 - 1972 - Todas sus grabaciones\15- de puro guapo- instrumental de laurenz y meaños- 1972.mp3,True,True,1,False,True,True
El Poncho Del Amor - De Scatasso Y Vaccarezza - Miguel Montero - 1955,Osvaldo Pugliese,,tango,,D:\Dropbox\TDJ\MUSICA\Osvaldo LA YUMBA\- PUGLIESE\Kiko pugli\Osvaldo Pugliese - 1955 - 1956 - Todas sus grabaciones\05- El poncho del amor - de Scatasso y Vaccarezza - Miguel Montero - 1955.mp3,True,True,1,False,True,False
Estas En Mi Ciudad - Patricia Lasala - De Requena Y Centeya - 1982,Osvaldo Pugliese,,tango,,D:\Dropbox\TDJ\MUSICA\Osvaldo LA YUMBA\- PUGLIESE\Kiko pugli\Osvaldo Pugliese - 1981 - 1982 - Todas sus grabaciones\15- estas en mi ciudad - patricia lasala - de requena y centeya - 1982.mp3,True,True,12,False,True,False
La Conciencia - De Balcarce Y Barros - Miguel Montero,Osvaldo Pugliese,,tango,,D:\Dropbox\TDJ\MUSICA\Osvaldo LA YUMBA\- PUGLIESE\Kiko pugli\Osvaldo Pugliese - 1957 - Todas sus grabaciones\05- La conciencia - de Balcarce y Barros - Miguel Montero.mp3,True,True,2,False,True,False
La Yumba,Osvaldo Pugliese,,tango,,D:\Dropbox\TDJ\MUSICA\Osvaldo LA YUMBA\- PUGLIESE\Kiko pugli\Osvaldo Pugliese - 1946 - Todas sus grabaciones\11-La yumba-instrumental - 1946.mp3,True,True,3,False,True,False
Punto y coma,Osvaldo Pugliese,1948-09-13,tango,Musica: José Martínez,D:\Dropbox\TDJ\MUSICA\Osvaldo LA YUMBA\- PUGLIESE\Kiko pugli\Osvaldo Pugliese - 1948 - 1949 - Todas sus grabaciones\05- Punto y coma - Instrumental de José Martínez - 1948.mp3,False,False,1,False,False,True
Te Quiero - Abel Cordoba De Francisco Canaro - 1974,Osvaldo Pugliese,,tango,,D:\Dropbox\TDJ\MUSICA\Osvaldo LA YUMBA\- PUGLIESE\Kiko pugli\Osvaldo Pugliese 1973-1974-1976\07- te quiero - abel cordoba de francisco canaro - 1974.mp3,True,True,10,False,True,False
Cascabelito - De Bohr Y Caruso - Jorge Maciel - 1955,Osvaldo Pugliese,,tango,,D:\Dropbox\TDJ\MUSICA\Osvaldo LA YUMBA\- PUGLIESE\Kiko pugli\Osvaldo Pugliese - 1955 - 1956 - Todas sus grabaciones\06- Cascabelito - de Bohr y Caruso - Jorge Maciel - 1955.mp3,True,True,3,False,True,False
Desde el alma,Osvaldo Pugliese,,tango vals,,D:\Dropbox\TDJ\MUSICA\Osvaldo LA YUMBA\- PUGLIESE\Kiko pugli\Osvaldo Pugliese 1977-1978-1979-1980\08-Desde el alma- de rosita melo - 1979.mp3,True,True,2,False,True,False
Patético,Osvaldo Pugliese,1948-04-06,tango,Musica: Jorge Caldara,D:\Dropbox\TDJ\MUSICA\Eva\Unknown Artist\Unknown Album\06 PATETICO  OSVALDO PUGLIESE.m4a,True,True,1,False,True,True
Pelele,Osvaldo Pugliese,1945-06-12,tango,Musica: Pedro Maffia,D:\Dropbox\TDJ\MUSICA\Osvaldo LA YUMBA\- PUGLIESE\Kiko pugli\Osvaldo Pugliese - 1945 - Todas sus grabaciones\08- pelele - instrumental- maffia - 1945.mp3,False,False,1,False,False,True
Quien - De Osvaldo Manzi Y Luis Lira - Jorge Maciel,Osvaldo Pugliese,,tango,,D:\Dropbox\TDJ\MUSICA\Osvaldo LA YUMBA\- PUGLIESE\Kiko pugli\Osvaldo Pugliese - 1958 - Todas sus grabaciones\06- Quien - de Osvaldo Manzi y Luis Lira - Jorge Maciel.mp3,True,True,2,False,True,False
Un Tango Para El Recuerdo - De Cantó Y Del Bagno- Jorge Maciel,Osvaldo Pugliese,,tango,,D:\Dropbox\TDJ\MUSICA\Osvaldo LA YUMBA\- PUGLIESE\Kiko pugli\Osvaldo Pugliese - 1957 - Todas sus grabaciones\06- Un tango para el recuerdo - de Cantó y Del Bagno- Jorge Maciel.mp3,True,True,2,False,True,False
A Mis Compañeros,Osvaldo Pugliese,1955,tango,,D:\Dropbox\TDJ\MUSICA\Osvaldo LA YUMBA\- PUGLIESE\Kiko pugli\Osvaldo Pugliese - 1955 - 1956 - Todas sus grabaciones\07- A mis compañeros - Instrumental de Ruggero - 1955.mp3,True,True,1,False,True,False
Adiós Corazón - De Echegoncelay Y Sapelli - Jorge Maciel,Osvaldo Pugliese,,tango,,D:\Dropbox\TDJ\MUSICA\Osvaldo LA YUMBA\- PUGLIESE\Kiko pugli\Osvaldo Pugliese - 1958 - Todas sus grabaciones\07- Adiós corazón - de Echegoncelay y Sapelli - Jorge Maciel.mp3,True,True,1,False,True,False
Amurado,Osvaldo Pugliese,1944-11-24,tango,Musica: Pedro Maffia y Pedro Laurenz - Letra: José De Grandis,D:\Dropbox\TDJ\MUSICA\Osvaldo LA YUMBA\- PUGLIESE\Kiko pugli\Osvaldo Pugliese - 1943 - 1944 - Todas sus grabaciones\19-Amurado-instrumental-maffia laurenz y de grandis-1944.mp3,True,True,1,False,True,True
Bajo Belgrano,Osvaldo Pugliese,,tango,,D:\Dropbox\TDJ\MUSICA\Osvaldo LA YUMBA\- PUGLIESE\Kiko pugli\Osvaldo Pugliese - 1950 - Todas sus grabaciones\06- Vieja recova-Pugliese-Vidal-Sciammarella-Cadícamo-3-5-50.mp3,True,True,1,False,True,False
Buen amigo,Osvaldo Pugliese,1958-03-26,tango,Musica: Julio De Caro - Letra: Juan Carlos Marambio Catan,D:\Dropbox\TDJ\MUSICA\Eva\Unknown Artist\Unknown Album\07 BUEN AMIGO  OSVALDO PUGLIESE.m4a,True,True,1,False,True,True
Chuzas,Osvaldo Pugliese,1949-05-04,tango,Musica: Agustín Bardi,D:\Dropbox\TDJ\MUSICA\Osvaldo LA YUMBA\- PUGLIESE\Kiko pugli\Osvaldo Pugliese - 1948 - 1949 - Todas sus grabaciones\07- Chuzas - Instrumental de Bardi - 1949.mp3,False,False,1,False,False,True
Cordon - Jose Angel Trelles- De Chico Novarro - 1982,Osvaldo Pugliese,,tango,,D:\Dropbox\TDJ\MUSICA\Osvaldo LA YUMBA\- PUGLIESE\Kiko pugli\Osvaldo Pugliese - 1981 - 1982 - Todas sus grabaciones\14- cordon - jose angel trelles- de chico novarro - 1982.mp3,True,True,8,False,True,False
En Otros Caminos- De Lopez Y Pariente - Dúo Maciel-Montero,Osvaldo Pugliese,,tango,,D:\Dropbox\TDJ\MUSICA\Osvaldo LA YUMBA\- PUGLIESE\Kiko pugli\Osvaldo Pugliese - 1957 - Todas sus grabaciones\07- En otros caminos- de Lopez y Pariente - dúo Maciel-Montero.mp3,True,True,2,False,True,False
Bien de tango,Osvaldo Pugliese,1967-08,tango,Musica: ? - Letra: ?,D:\Dropbox\TDJ\MUSICA\Osvaldo LA YUMBA\- PUGLIESE\Kiko pugli\Osvaldo Pugliese - 1967 - Todas sus grabaciones\09- bien de tango - osvaldo pugliese - instrumental de armando cupo - 1967.mp3,False,False,1,False,False,True
Cachá Viaje- De Cardenal Y Vila- Miguel Montero,Osvaldo Pugliese,,tango,,D:\Dropbox\TDJ\MUSICA\Osvaldo LA YUMBA\- PUGLIESE\Kiko pugli\Osvaldo Pugliese - 1957 - Todas sus grabaciones\08- Cachá viaje- de Cardenal y Vila- Miguel Montero.mp3,True,True,1,False,True,False
Che Cristobal - De Colautti Y Vallejo - Miguel Montero,Osvaldo Pugliese,,tango,,D:\Dropbox\TDJ\MUSICA\Osvaldo LA YUMBA\- PUGLIESE\Kiko pugli\Osvaldo Pugliese - 1958 - Todas sus grabaciones\08- Che Cristobal - de Colautti y Vallejo - Miguel Montero.mp3,True,True,1,False,True,False
La revancha,Osvaldo Pugliese,1972-06-26,tango,Musica: Pedro Laurenz,D:\Dropbox\TDJ\MUSICA\Osvaldo LA YUMBA\- PUGLIESE\Kiko pugli\Osvaldo Pugliese - 1970 - 1972 - Todas sus grabaciones\20- la revancha - instrumental de pedro laurenz - 1972.mp3,True,True,1,False,True,True
Mala junta,Osvaldo Pugliese,,tango,,D:\Dropbox\TDJ\MUSICA\Eva\Unknown Artist\Unknown Album\08 Mala Junta - Osvaldo Pugliese (Tango).mp3,True,True,3,False,True,False
No Juegues A La Guerra - De Pugliese Y Morales Miramonti- Jorge Maciel - 1956,Osvaldo Pugliese,,tango,,D:\Dropbox\TDJ\MUSICA\Osvaldo LA YUMBA\- PUGLIESE\Kiko pugli\Osvaldo Pugliese - 1955 - 1956 - Todas sus grabaciones\08- No juegues a la guerra - de Pugliese y Morales Miramonti- Jorge Maciel - 1956.mp3,True,True,1,False,True,False
Y Mientes Todavia- Leocata Y Aznar-1950,Osvaldo Pugliese,,tango,,D:\Dropbox\TDJ\MUSICA\Osvaldo LA YUMBA\- PUGLIESE\Kiko pugli\Osvaldo Pugliese - 1950 - Todas sus grabaciones\10-Pugliese-Moran - Y mientes todavia- Leocata y Aznar-1950.mp3,True,True,2,False,True,False
A Roberto Peppe,Osvaldo Pugliese,1956-03-20,tango,Musica: Esteban Gilardi,D:\Dropbox\TDJ\MUSICA\Osvaldo LA YUMBA\- PUGLIESE\Kiko pugli\Osvaldo Pugliese - 1955 - 1956 - Todas sus grabaciones\09- A Roberto Peppe - Instrumental de Gilardi - 1956.mp3,False,False,1,False,False,True
Abrazo Fraternal - Jorge Maciel-Abel Cordoba - 1964 - Depeñon Y Demarco,Osvaldo Pugliese,,tango,,D:\Dropbox\TDJ\MUSICA\Osvaldo LA YUMBA\- PUGLIESE\Kiko pugli\Osvaldo Pugliese - 1964 - 1965 - Todas sus grabaciones\10- abrazo fraternal - jorge maciel-abel cordoba - 1964 - dePeñon y Demarco.mp3,True,True,1,False,True,False
Derecho viejo,Osvaldo Pugliese,1945-05-28,tango,Musica: Eduardo Arolas - Letra: Gabriel Clausi,D:\Dropbox\TDJ\MUSICA\Eva\Unknown Artist\Unknown Album\09 Derecho Viejo - Osvaldo Pugliese (Tango).mp3,True,True,1,False,True,True
Derecho Viejo - Osvaldo Pugliese (Tango),Osvaldo Pugliese,,tango,,D:\Dropbox\TDJ\MUSICA\Osvaldo LA YUMBA\- PUGLIESE\- PUGLI  -  Instru\Osvaldo Pugliese-Derecho Viejo - Osvaldo Pugliese (Tango).mp3,True,True,1,False,True,False
El andariego,Osvaldo Pugliese,1972-06-26,tango,Musica: Alfredo Gobbi,D:\Dropbox\TDJ\MUSICA\Osvaldo LA YUMBA\- PUGLIESE\Kiko pugli\Osvaldo Pugliese - 1970 - 1972 - Todas sus grabaciones\11- el andariego - de alfredo gobbi - 1972.mp3,True,True,1,False,True,True
El monito,Osvaldo Pugliese,1945-06-12,tango,Musica: Julio De Caro - Letra: Juan Carlos Marambio Catán,D:\Dropbox\TDJ\MUSICA\Osvaldo LA YUMBA\- PUGLIESE\Kiko pugli\Osvaldo Pugliese - 1945 - Todas sus grabaciones\07-El monito-instrumental-de caro y marambio-1945.mp3,True,True,1,False,True,True
Instrumental De Ruggero,Osvaldo Pugliese,,tango,,D:\Dropbox\TDJ\MUSICA\Osvaldo LA YUMBA\- PUGLIESE\Kiko pugli\Osvaldo Pugliese - 1957 - Todas sus grabaciones\09- Yunta de oro - instrumental de ruggero.mp3,True,False,0,False,True,False
La Piel De Buenos Aires - Canta Jorge Guillermo - De Pedro Ortiz Y Javier Mazzea - 1981,Osvaldo Pugliese,,tango,,D:\Dropbox\TDJ\MUSICA\Osvaldo LA YUMBA\- PUGLIESE\Kiko pugli\Osvaldo Pugliese - 1981 - 1982 - Todas sus grabaciones\03- la piel de buenos aires - canta jorge guillermo - de pedro ortiz y javier mazzea - 1981.mp3,True,True,2,False,True,False
Las Tres Banderas - De Rufino Y Carlos Russo - Jorge Maciel,Osvaldo Pugliese,,tango,,D:\Dropbox\TDJ\MUSICA\Osvaldo LA YUMBA\- PUGLIESE\Kiko pugli\Osvaldo Pugliese - 1958 - Todas sus grabaciones\09- Las tres banderas - de Rufino y Carlos Russo - Jorge Maciel.mp3,True,True,1,False,True,False
N. N,Osvaldo Pugliese,,tango,,D:\Dropbox\TDJ\MUSICA\Eva\Unknown Artist\Unknown Album\09 N. N  OSVALDO PUGLIESE.m4a,True,False,0,False,True,False
Acquaforte - De Pettorossi Y Marambio Catán - Miguel Montero,Osvaldo Pugliese,,tango,,D:\Dropbox\TDJ\MUSICA\Osvaldo LA YUMBA\- PUGLIESE\Kiko pugli\Osvaldo Pugliese - 1958 - Todas sus grabaciones\Osvaldo Pugliese-Acquaforte - De Pettorossi Y Marambio Catán - Miguel Montero.mp3,True,True,2,False,True,False
Pinta brava,Osvaldo Pugliese,1949-08-22,tango,Musica: Francisco Canaro,D:\Dropbox\TDJ\MUSICA\Osvaldo LA YUMBA\- PUGLIESE\Kiko pugli\Osvaldo Pugliese - 1948 - 1949 - Todas sus grabaciones\10- Pinta brava - Instrumental de francisco canaro - 1949.mp3,False,False,1,False,False,True
Qué Te Pasa Buenos Aires - De Correia Y Corti - Miguel Montero - 1956,Osvaldo Pugliese,,tango,,D:\Dropbox\TDJ\MUSICA\Osvaldo LA YUMBA\- PUGLIESE\Kiko pugli\Osvaldo Pugliese - 1955 - 1956 - Todas sus grabaciones\10- Qué te pasa Buenos Aires - de Correia y Corti - Miguel Montero - 1956.mp3,True,True,2,False,True,False
Recuerdo - (Tango),Osvaldo Pugliese,,tango,,D:\Dropbox\TDJ\MUSICA\Eva\Unknown Artist\Unknown Album\10 Recuerdo - Osvaldo Pugliese (Tango).mp3,True,True,1,False,True,False
Zum,Osvaldo Pugliese,1973-12-12,tango,Musica: Astor Piazzolla,D:\Dropbox\TDJ\MUSICA\Osvaldo LA YUMBA\- PUGLIESE\Kiko pugli\Osvaldo Pugliese 1973-1974-1976\01-Zum- instrumental de piazzolla - 1973.mp3,True,True,1,False,True,True
Adiós Bardi,Osvaldo Pugliese,1944-10-17,tango,Musica: Osvaldo Pugliese,D:\Dropbox\TDJ\MUSICA\Osvaldo LA YUMBA\- PUGLIESE\Kiko pugli\Osvaldo Pugliese - 1943 - 1944 - Todas sus grabaciones\17-Adiós Bardi-instrumental-pugliese-1944.mp3,True,True,1,False,True,True
Callejera - Abel Cordoba - De Frontera Y Cadicamo - 1974,Osvaldo Pugliese,,tango,,D:\Dropbox\TDJ\MUSICA\Osvaldo LA YUMBA\- PUGLIESE\Kiko pugli\Osvaldo Pugliese 1973-1974-1976\09- callejera - abel cordoba - de frontera y cadicamo - 1974.mp3,True,True,3,False,True,False
Derecho viejo,Osvaldo Pugliese,1945-05-28,tango,Musica: Eduardo Arolas - Letra: Gabriel Clausi,D:\Dropbox\TDJ\MUSICA\Osvaldo LA YUMBA\- PUGLIESE\Kiko pugli\Osvaldo Pugliese - 1945 - Todas sus grabaciones\05- derecho viejo - instrumental - arolas - 1945.mp3,True,True,1,False,True,True
El Remate - (Tango),Osvaldo Pugliese,,tango,,D:\Dropbox\TDJ\MUSICA\Eva\Unknown Artist\Unknown Album\11 El Remate - Osvaldo Pugliese (Tango).mp3,True,True,9,False,True,False
El Remate - Osvaldo Pugliese (Tango),Osvaldo Pugliese,,tango,,D:\Dropbox\TDJ\MUSICA\Osvaldo LA YUMBA\- PUGLIESE\- PUGLI  -  Instru\Osvaldo Pugliese-El Remate - Osvaldo Pugliese (Tango).mp3,True,True,9,False,True,False
La bordona,Osvaldo Pugliese,1958-08-06,tango,Musica: Emilio Balcarce,D:\Dropbox\TDJ\MUSICA\Osvaldo LA YUMBA\- PUGLIESE\Kiko pugli\Osvaldo Pugliese - 1958 - Todas sus grabaciones\11- La bordona - instrumental de emilio balcarce -.mp3,False,False,1,False,False,True
Morena,Osvaldo Pugliese,1964-11,tango milonga,Musica: Julián Plaza,D:\Dropbox\TDJ\MUSICA\Osvaldo LA YUMBA\- PUGLIESE\Kiko pugli\Osvaldo Pugliese - 1964 - 1965 - Todas sus grabaciones\09- Morena - instrumental de julian Plaza - 1964.mp3,False,False,1,False,False,True
"Muchachos, Mi Último Tango - De Rossi Y Thompson - Miguel Montero - 1956",Osvaldo Pugliese,,tango,,"D:\Dropbox\TDJ\MUSICA\Osvaldo LA YUMBA\- PUGLIESE\Kiko pugli\Osvaldo Pugliese - 1955 - 1956 - Todas sus grabaciones\11- Muchachos, mi último tango - de Rossi y Thompson - Miguel Montero - 1956.mp3",True,True,1,False,True,False
Pasional,Osvaldo Pugliese,,tango,,D:\Dropbox\TDJ\MUSICA\Osvaldo LA YUMBA\- PUGLIESE\Kiko pugli\Osvaldo Pugliese - 1951 - 1952 - Todas sus grabaciones\06-Pasional-moran-1951 - caldara y mario soto.mp3,True,True,2,False,True,False
Perla Fina - De Lotito Y Vega- Jorge Maciel,Osvaldo Pugliese,,tango,,D:\Dropbox\TDJ\MUSICA\Osvaldo LA YUMBA\- PUGLIESE\Kiko pugli\Osvaldo Pugliese - 1957 - Todas sus grabaciones\11- Perla fina - de Lotito y Vega- Jorge Maciel.mp3,True,True,1,False,True,False
Puente Alsina - De Tagle Lara - Jorge Vidal 1949,Osvaldo Pugliese,,tango,,D:\Dropbox\TDJ\MUSICA\Osvaldo LA YUMBA\- PUGLIESE\Kiko pugli\Osvaldo Pugliese - 1948 - 1949 - Todas sus grabaciones\11- Puente Alsina - de Tagle Lara - Jorge Vidal 1949.mp3,True,True,1,False,True,False
Bien Compadre - Instrumetal De Emilio Balcarce - 1949,Osvaldo Pugliese,,tango,,D:\Dropbox\TDJ\MUSICA\Osvaldo LA YUMBA\- PUGLIESE\Kiko pugli\Osvaldo Pugliese - 1948 - 1949 - Todas sus grabaciones\12- Bien compadre - instrumetal de emilio balcarce - 1949.mp3,True,True,1,False,True,False
Pa' La Muchachada - De Johnson Y Montero - Miguel Montero,Osvaldo Pugliese,,tango,,D:\Dropbox\TDJ\MUSICA\Osvaldo LA YUMBA\- PUGLIESE\Kiko pugli\Osvaldo Pugliese - 1957 - Todas sus grabaciones\12- Pa' la muchachada - de Johnson y Montero - Miguel Montero.mp3,True,True,1,False,True,False
Que pinturita,Osvaldo Pugliese,1958-08-06,tango,Musica: Esteban Gilardi,D:\Dropbox\TDJ\MUSICA\Osvaldo LA YUMBA\- PUGLIESE\Kiko pugli\Osvaldo Pugliese - 1958 - Todas sus grabaciones\12- Qué pinturita - instrumental de Esteban Gilardi.mp3,False,False,1,False,False,True
Tiny,Osvaldo Pugliese,1945-12-18,tango,Musica: Pedro Maffia y Julio De Caro,D:\Dropbox\TDJ\MUSICA\Osvaldo LA YUMBA\- PUGLIESE\Kiko pugli\Osvaldo Pugliese - 1945 - Todas sus grabaciones\20- tiny - instrumental- maffia y de caro - 1945.mp3,False,False,1,False,False,True
Toda mi vida,Osvaldo Pugliese,,tango,José María Contursi:Aut Aníbal Troilo:Com,D:\Dropbox\TDJ\MUSICA\Osvaldo LA YUMBA\- PUGLIESE\Kiko pugli\Osvaldo Pugliese - 1984 - 1985 - 1986\02- toda mi vida - pugliese orq. troilo y contursi.mp3,True,True,2,False,True,False
Berretín,Osvaldo Pugliese,1979-12-27,tango,Musica: Pedro Laurenz - Letra: Enrique Cadícamo,D:\Dropbox\TDJ\MUSICA\Osvaldo LA YUMBA\- PUGLIESE\Kiko pugli\Osvaldo Pugliese 1977-1978-1979-1980\12-Berretín- instrumental de pedro laurenz - 1979.mp3,True,True,1,False,True,True
Dicha Pasada - De Barbieri - Miguel Montero,Osvaldo Pugliese,,tango,,D:\Dropbox\TDJ\MUSICA\Osvaldo LA YUMBA\- PUGLIESE\Kiko pugli\Osvaldo Pugliese - 1958 - Todas sus grabaciones\Osvaldo Pugliese-Dicha Pasada - De Barbieri - Miguel Montero.mp3,True,True,1,False,True,False
Hasta El Ultimo Tren - Canta Abel Cordoba - De Camilloni Y Ahumada - 1970,Osvaldo Pugliese,,tango,,D:\Dropbox\TDJ\MUSICA\Osvaldo LA YUMBA\- PUGLIESE\Kiko pugli\Osvaldo Pugliese - 1970 - 1972 - Todas sus grabaciones\05- hasta el ultimo tren - canta abel cordoba - de camilloni y ahumada - 1970.mp3,True,True,1,False,True,False
La Cieguita - De Kepler-Lais Y Ramuncho - Jorge Vidal - 1949,Osvaldo Pugliese,,tango,,D:\Dropbox\TDJ\MUSICA\Osvaldo LA YUMBA\- PUGLIESE\Kiko pugli\Osvaldo Pugliese - 1948 - 1949 - Todas sus grabaciones\13- La cieguita - de Kepler-Lais y Ramuncho - Jorge Vidal - 1949.mp3,True,True,4,False,True,False
Mala Estampa(Mala Pinta),Osvaldo Pugliese,1944,tango,,D:\Dropbox\TDJ\MUSICA\Osvaldo LA YUMBA\- PUGLIESE\Kiko pugli\Osvaldo Pugliese - 1943 - 1944 - Todas sus grabaciones\22- mala estampa(mala pinta) - instrumental - 1944.mp3,True,True,1,False,True,False
No me pregunten porqué,Osvaldo Pugliese,,tango,,D:\Dropbox\TDJ\MUSICA\Osvaldo LA YUMBA\- PUGLIESE\Kiko pugli\Osvaldo Pugliese - 1962 - 1963 - Todas sus grabaciones\02 - Osvaldo Pugliese Alfredo Belusi No Me Pregunten Porque-di sarli y pignataro- 1962.mp3,True,True,3,False,True,False
Orgullo criollo,Osvaldo Pugliese,1956-06-21,tango,Musica: Julio De Caro y Pedro Laurenz,D:\Dropbox\TDJ\MUSICA\Osvaldo LA YUMBA\- PUGLIESE\Kiko pugli\Osvaldo Pugliese - 1955 - 1956 - Todas sus grabaciones\13- Orgullo criollo - Inst de J de Caro y Laurenz- 1956.mp3,True,True,1,False,True,True
Verano porteño,Osvaldo Pugliese,1966-05,tango,Musica: Astor Piazzolla,D:\Dropbox\TDJ\MUSICA\Osvaldo LA YUMBA\- PUGLIESE\Kiko pugli\Osvaldo Pugliese - 1966 - Todas sus grabaciones\03- Verano porteño - instrumental - pugliese - piazzolla.mp3,False,False,1,False,False,True
Ojos negros,Osvaldo Pugliese,1972-12-20,tango,Musica: Vicente Greco - Letra: Pedro Numa Cordoba,D:\Dropbox\TDJ\MUSICA\Osvaldo LA YUMBA\- PUGLIESE\Kiko pugli\Osvaldo Pugliese - 1970 - 1972 - Todas sus grabaciones\14- ojos negros- instrumental de vicente greco - 1972.mp3,False,False,1,False,False,True
Orlando Goñi,Osvaldo Pugliese,1965-10,tango,Musica: Alfredo Gobbi,D:\Dropbox\TDJ\MUSICA\Osvaldo LA YUMBA\- PUGLIESE\Kiko pugli\Osvaldo Pugliese - 1964 - 1965 - Todas sus grabaciones\22- Orlando Goñi - Instrumental de Alfredo Gobbi - 1965.mp3,False,False,1,False,False,True
Si sos brujo,Osvaldo Pugliese,1952-10-09,tango,Musica: Emilio Balcarce,D:\Dropbox\TDJ\MUSICA\Osvaldo LA YUMBA\- PUGLIESE\Kiko pugli\Osvaldo Pugliese - 1951 - 1952 - Todas sus grabaciones\17-Si sos brujo-emilio balcarce - 1952.mp3,True,True,1,False,True,True
Unión Cívica,Osvaldo Pugliese,1958-11-19,tango,Musica: Domingo Santa Cruz,D:\Dropbox\TDJ\MUSICA\Osvaldo LA YUMBA\- PUGLIESE\Kiko pugli\Osvaldo Pugliese - 1958 - Todas sus grabaciones\14- Unión cívica - instrumental de Santa Cruz.mp3,False,False,1,False,False,True
Alma de bohemio,Osvaldo Pugliese,1958-12-10,tango,Musica: Roberto Firpo - Letra: Juan Andrés Caruso,D:\Dropbox\TDJ\MUSICA\Osvaldo LA YUMBA\- PUGLIESE\Kiko pugli\Osvaldo Pugliese - 1958 - Todas sus grabaciones\15- Alma de bohemio - de Firpo y Caruso - Instrumental.mp3,True,True,1,False,True,True
Buenos Aires Tokio,Osvaldo Pugliese,1965,tango,,D:\Dropbox\TDJ\MUSICA\Osvaldo LA YUMBA\- PUGLIESE\Kiko pugli\Osvaldo Pugliese - 1964 - 1965 - Todas sus grabaciones\19- buenos aires tokio - instrumental de julian plaza - 1965.mp3,True,True,1,False,True,False
Canaro en París,Osvaldo Pugliese,,tango,,D:\Dropbox\TDJ\MUSICA\Osvaldo LA YUMBA\- PUGLIESE\Kiko pugli\Osvaldo Pugliese - 1948 - 1949 - Todas sus grabaciones\15- Canaro en París - Instrumental de J. y A. Scarpino y Caldarella - 1949.mp3,True,True,2,False,True,False
Chiqué,Osvaldo Pugliese,,tango,,D:\Dropbox\TDJ\MUSICA\Osvaldo LA YUMBA\- PUGLIESE\Kiko pugli\Osvaldo Pugliese - 1953 - 1954 - Todas sus grabaciones\01-Chiqué-Pugliese- instrumental de brignolo - 1953.mp3,True,True,2,False,True,False
El motivo (Pobre paica),Osvaldo Pugliese,1966-08,tango,Musica: Juan Carlos Cobián - Letra: Pascual Contursi,D:\Dropbox\TDJ\MUSICA\Osvaldo LA YUMBA\- PUGLIESE\Kiko pugli\Osvaldo Pugliese - 1966 - Todas sus grabaciones\08- el motivo-pugliese instrumental - cobian y pascual contursi.mp3,False,False,1,False,False,True
Nochero soy,Osvaldo Pugliese,1956-11-28,tango,Musica: Oscar Herrero,D:\Dropbox\TDJ\MUSICA\Eva\Unknown Artist\Unknown Album\15 Nochero Soy  Osvaldo Pugliese.m4a,True,True,1,False,True,True
Silueta Porteña - De Cuccaro - Dúo Maciel-Montero - 1956,Osvaldo Pugliese,,tango,,D:\Dropbox\TDJ\MUSICA\Osvaldo LA YUMBA\- PUGLIESE\Kiko pugli\Osvaldo Pugliese - 1955 - 1956 - Todas sus grabaciones\15- Silueta porteña - de Cuccaro - dúo Maciel-Montero - 1956.mp3,True,True,1,False,True,False
Yo Soy Del 30 - Abel Cordoba- Troilo Y Mendez - 1965,Osvaldo Pugliese,,tango,,D:\Dropbox\TDJ\MUSICA\Osvaldo LA YUMBA\- PUGLIESE\Kiko pugli\Osvaldo Pugliese - 1964 - 1965 - Todas sus grabaciones\17- yo soy del 30 - abel cordoba- troilo y mendez - 1965.mp3,True,True,1,False,True,False
A los amigos,Osvaldo Pugliese,1960-07-15,tango,Musica: Armando Pontier,D:\Dropbox\TDJ\MUSICA\Osvaldo LA YUMBA\- PUGLIESE\Kiko pugli\Osvaldo Pugliese - 1960 - Todas sus grabaciones\01- a los amigos- de armando pontier.mp3,True,True,1,False,True,True
A mis compañeros,Osvaldo Pugliese,1956-01-31,tango,Musica: Osvaldo Ruggiero,D:\Dropbox\TDJ\MUSICA\Eva\Unknown Artist\Unknown Album\16  A Mis Compañeros  Osvaldo Pugliese.m4a,True,True,1,False,True,True
Baldosa Floja-Pgliese-Maciel-,Osvaldo Pugliese,,tango,,D:\Dropbox\TDJ\MUSICA\Osvaldo LA YUMBA\- PUGLIESE\Kiko pugli\Osvaldo Pugliese - 1960 - Todas sus grabaciones\09 - Baldosa floja-Pgliese-Maciel-Belussi-sassone-bocazi y gilardoni-1960.mp3,True,True,1,False,True,False
Dos Amores - Jorge Maciel - Antonio Y Geronimo Sureda - 1961,Osvaldo Pugliese,,tango,,D:\Dropbox\TDJ\MUSICA\Osvaldo LA YUMBA\- PUGLIESE\Kiko pugli\Osvaldo Pugliese - 1961- Todas sus grabaciones\09- Dos amores - Jorge Maciel - antonio y geronimo sureda - 1961.mp3,True,True,1,False,True,False
El día que me quieras,Osvaldo Pugliese,1977-06-14,tango,Musica: Carlos Gardel - Letra: Alfredo Le Pera,D:\Dropbox\TDJ\MUSICA\Osvaldo LA YUMBA\- PUGLIESE\Kiko pugli\Osvaldo Pugliese 1977-1978-1979-1980\02- el dia que me quieras - instrumental de gardel - 1977.mp3,False,False,1,False,False,True
La Beba,Osvaldo Pugliese,1972-04-25,tango,Musica: Osvaldo Pugliese,D:\Dropbox\TDJ\MUSICA\Osvaldo LA YUMBA\- PUGLIESE\Kiko pugli\Osvaldo Pugliese - 1970 - 1972 - Todas sus grabaciones\07-La Beba- instrumental de pugliese - 1972.mp3,True,True,1,False,True,True
La Yumba,Osvaldo Pugliese,,tango,,D:\Dropbox\TDJ\MUSICA\Eva\Unknown Artist\Unknown Album\16 LA YUMBA   OSVALDO PUGLIESE.m4a,True,True,3,False,True,False
Porqué Me La Nombran - De Pareces-Rossi-Russo - Jorge Maciel,Osvaldo Pugliese,,tango,,D:\Dropbox\TDJ\MUSICA\Osvaldo LA YUMBA\- PUGLIESE\Kiko pugli\Osvaldo Pugliese - 1958 - Todas sus grabaciones\16- Porqué me la nombran - de Pareces-Rossi-Russo - Jorge Maciel.mp3,True,True,3,False,True,False
Te Estaba Esperando - De Roberto Jiménez - Miguel Montero - 1956,Osvaldo Pugliese,,tango,,D:\Dropbox\TDJ\MUSICA\Osvaldo LA YUMBA\- PUGLIESE\Kiko pugli\Osvaldo Pugliese - 1955 - 1956 - Todas sus grabaciones\16- Te estaba esperando - de Roberto Jiménez - Miguel Montero - 1956.mp3,True,True,1,False,True,False
Testamento De Arrabal - De Castagniaro Y Hormaza - Jorge Vidal 1949,Osvaldo Pugliese,,tango,,D:\Dropbox\TDJ\MUSICA\Osvaldo LA YUMBA\- PUGLIESE\Kiko pugli\Osvaldo Pugliese - 1948 - 1949 - Todas sus grabaciones\16- Testamento de arrabal - de Castagniaro y Hormaza - Jorge Vidal 1949.mp3,True,True,1,False,True,False
Catuzo,Osvaldo Pugliese,1949-12-07,tango,Musica: Osvaldo Ruggiero,D:\Dropbox\TDJ\MUSICA\Osvaldo LA YUMBA\- PUGLIESE\Kiko pugli\Osvaldo Pugliese - 1948 - 1949 - Todas sus grabaciones\17- Catuzo - Instrumental de osvaldo ruggiero - 1949.mp3,False,False,1,False,False,True
El paladín,Osvaldo Pugliese,1945-03-20,tango,Musica: Agustín Bardi,D:\Dropbox\TDJ\MUSICA\Osvaldo LA YUMBA\- PUGLIESE\Kiko pugli\Osvaldo Pugliese - 1945 - Todas sus grabaciones\03- el paladin- instrumental - bardi - 1945.mp3,False,False,1,False,False,True
Gallo Ciego  Osvalado Pugliese,Osvaldo Pugliese,,tango,,D:\Dropbox\TDJ\MUSICA\Eva\Unknown Artist\Unknown Album\17 Gallo Ciego  Osvalado Pugliese.m4a,True,True,1,False,True,False
La mariposa,Osvaldo Pugliese,,tango,,D:\Dropbox\TDJ\MUSICA\Eva\Unknown Artist\Unknown Album\17 LA MARIPOSA   OSLVALDO PUGLIESE.m4a,True,True,2,False,True,False
Muchacha - De Luis Caruso Y Suarez - Jorge Maciel - 1956,Osvaldo Pugliese,,tango,,D:\Dropbox\TDJ\MUSICA\Osvaldo LA YUMBA\- PUGLIESE\Kiko pugli\Osvaldo Pugliese - 1955 - 1956 - Todas sus grabaciones\17- Muchacha - de Luis Caruso y Suarez - Jorge Maciel - 1956.mp3,True,True,3,False,True,False
Pa' la guardia,Osvaldo Pugliese,1964-08,tango,Musica: Ernesto Baffa y Antonio Scelza,D:\Dropbox\TDJ\MUSICA\Osvaldo LA YUMBA\- PUGLIESE\Kiko pugli\Osvaldo Pugliese - 1964 - 1965 - Todas sus grabaciones\07- Pa' la guardia - instrumental de baffa y sceiza - 1964.mp3,False,False,1,False,False,True
Chiqué,Osvaldo Pugliese,,tango,,D:\Dropbox\TDJ\MUSICA\Eva\Unknown Artist\Unknown Album\18 CHIQUE   OSLVALDO PUGLIESE.m4a,True,True,2,False,True,False
Flor de tango,Osvaldo Pugliese,1945-08-28,tango,Musica: Julio Carrasco,D:\Dropbox\TDJ\MUSICA\Osvaldo LA YUMBA\- PUGLIESE\Kiko pugli\Osvaldo Pugliese - 1945 - Todas sus grabaciones\12- flor de tango - instrumental- julio carrasco - 1945.mp3,False,False,1,False,False,True
Inspiración,Osvaldo Pugliese,1962-12,tango,Musica: Peregrino Paulos - Letra: Luis Rubistein,D:\Dropbox\TDJ\MUSICA\Osvaldo LA YUMBA\- PUGLIESE\Kiko pugli\Osvaldo Pugliese - 1962 - 1963 - Todas sus grabaciones\12- inspiracion - instrumental de paulos y rubinstein - 1962.mp3,False,False,1,False,False,True
La mariposa,Osvaldo Pugliese,,tango,,D:\Dropbox\TDJ\MUSICA\Eva\Unknown Artist\Unknown Album\18 La Mariposa  Osvaldo Pugliese.m4a,True,True,2,False,True,False
Lágrimas (Arolas Y Polito) Pugliese (1970),Osvaldo Pugliese,,tango,,D:\Dropbox\TDJ\MUSICA\Osvaldo LA YUMBA\- PUGLIESE\Kiko pugli\Osvaldo Pugliese - 1970 - 1972 - Todas sus grabaciones\04-Lágrimas (Arolas y Polito) Pugliese (1970).mp3,True,True,5,False,True,False
Lorenzo,Osvaldo Pugliese,1965-08,tango,Musica: Agustín Bardi,D:\Dropbox\TDJ\MUSICA\Osvaldo LA YUMBA\- PUGLIESE\Kiko pugli\Osvaldo Pugliese - 1964 - 1965 - Todas sus grabaciones\16- lorenzo-  instrumental de agustin bardi - 1965.mp3,False,False,1,False,False,True
Malandraca,Osvaldo Pugliese,1949-05-31,tango,Musica: Osvaldo Pugliese,D:\Dropbox\TDJ\MUSICA\Osvaldo LA YUMBA\- PUGLIESE\Kiko pugli\Osvaldo Pugliese - 1948 - 1949 - Todas sus grabaciones\18- Malandraca - Instrumental de Pugliese - 1949.mp3,False,False,1,False,False,True
Suipacha,Osvaldo Pugliese,1956-10-26,tango,Musica: Eduardo Arolas,D:\Dropbox\TDJ\MUSICA\Osvaldo LA YUMBA\- PUGLIESE\Kiko pugli\Osvaldo Pugliese - 1955 - 1956 - Todas sus grabaciones\18- Suipacha - instrumental de Arolas - 1956.mp3,False,False,1,False,False,True
Cancion De Rango - Abel Cordoba- Ksaplun Y Suñe - 1965,Osvaldo Pugliese,,tango,,D:\Dropbox\TDJ\MUSICA\Osvaldo LA YUMBA\- PUGLIESE\Kiko pugli\Osvaldo Pugliese - 1964 - 1965 - Todas sus grabaciones\15- cancion de rango - abel cordoba- Ksaplun y suñe - 1965.mp3,True,True,1,False,True,False
Nochero soy,Osvaldo Pugliese,1956-11-28,tango,Musica: Oscar Herrero,D:\Dropbox\TDJ\MUSICA\Eva\Unknown Artist\Unknown Album\19 NOCHERO SOY  OSVLADO PUGLIESE.m4a,True,True,1,False,True,True
Nochero soy,Osvaldo Pugliese,1956-11-28,tango,Musica: Oscar Herrero,D:\Dropbox\TDJ\MUSICA\Osvaldo LA YUMBA\- PUGLIESE\Kiko pugli\Osvaldo Pugliese - 1955 - 1956 - Todas sus grabaciones\19- Nochero soy - Instrumental de Oscar Herrero - 1956.mp3,False,False,1,False,False,True
Y Con Eso Dónde Voy - De Cabral Y Dizeo - Miguel Montero - 1956,Osvaldo Pugliese,,tango,,D:\Dropbox\TDJ\MUSICA\Osvaldo LA YUMBA\- PUGLIESE\Kiko pugli\Osvaldo Pugliese - 1955 - 1956 - Todas sus grabaciones\20- Y con eso dónde voy - de Cabral y Dizeo - Miguel Montero - 1956.mp3,True,True,1,False,True,False
Mentiras - De Juan Reyes - Dúo Maciel-Montero - 1956,Osvaldo Pugliese,,tango,,D:\Dropbox\TDJ\MUSICA\Osvaldo LA YUMBA\- PUGLIESE\Kiko pugli\Osvaldo Pugliese - 1955 - 1956 - Todas sus grabaciones\21- Mentiras - de Juan Reyes - dúo Maciel-Montero - 1956.mp3,True,True,4,False,True,False
Marrón y azul,Osvaldo Pugliese,1956-12-26,tango,Musica: Astor Piazzolla,D:\Dropbox\TDJ\MUSICA\Osvaldo LA YUMBA\- PUGLIESE\Kiko pugli\Osvaldo Pugliese - 1955 - 1956 - Todas sus grabaciones\22- Marrón y azul - Instrumental de Piazzolla - 1956.mp3,False,False,1,False,False,True
Para Eduardo Arolas,Osvaldo Pugliese,1976-06-04,tango,Musica: ? - Letra: ?,D:\Dropbox\TDJ\MUSICA\Osvaldo LA YUMBA\- PUGLIESE\Kiko pugli\Osvaldo Pugliese 1973-1974-1976\12-1976 - osvaldo pugliese - para eduardo arolas- instrumental de pugliese.mp3,True,True,1,False,True,True
Asi era ella muchachos,Osvaldo Pugliese,YYYY,tango,,D:\Dropbox\TDJ\MUSICA\Osvaldo LA YUMBA\- PUGLIESE\Kiko pugli\Osvaldo Pugliese - 1966 - Todas sus grabaciones\12-Osvaldo Pugliese  Jorge Maciel Asi Era Ella Muchachos- Cabodeville y Di Rosa.mp3,True,True,1,False,True,False
Candombe blanco,Osvaldo Pugliese,YYYY,tango,,D:\Dropbox\TDJ\MUSICA\Osvaldo LA YUMBA\- PUGLIESE\Kiko pugli\Osvaldo Pugliese - 1961- Todas sus grabaciones\10-Osvaldo Pugliese  Jorge Maciel Alfredo Belussi Candombe Blanco-balcarce y camilloni - 1961.mp3,True,True,1,False,True,False
Decime Dios dónde estás,Osvaldo Pugliese,YYYY,tango,,D:\Dropbox\TDJ\MUSICA\Osvaldo LA YUMBA\- PUGLIESE\Kiko pugli\Osvaldo Pugliese - 1962 - 1963 - Todas sus grabaciones\15-Osvaldo Pugliese  Jorge Maciel  Decime Dios Donde Estas.mp3,True,True,1,False,True,False
Jamás lo vas a saber,Osvaldo Pugliese,YYYY,tango,,D:\Dropbox\TDJ\MUSICA\Osvaldo LA YUMBA\- PUGLIESE\Kiko pugli\Osvaldo Pugliese - 1966 - Todas sus grabaciones\04-Osvaldo Pugliese  Jorge Maciel Jamas Lo Vas A Saber- sucher y aznar.mp3,True,True,1,False,True,False
Milonga del soldado,Osvaldo Pugliese,YYYY,tango,,D:\Dropbox\TDJ\MUSICA\Osvaldo LA YUMBA\- PUGLIESE\Kiko pugli\Osvaldo Pugliese - 1961- Todas sus grabaciones\11-Osvaldo Pugliese MILONGA DEL SOLDADO (milonga) cantan Jorge Maciel - Alfredo Belussi-horacio g.mp3,True,True,1,False,True,False
Que Solo Estoy,Osvaldo Pugliese,YYYY,tango,,D:\Dropbox\TDJ\MUSICA\Osvaldo LA YUMBA\- PUGLIESE\Kiko pugli\Osvaldo Pugliese - 1966 - Todas sus grabaciones\06-Osvaldo Pugliese Jorge Maciel Que Solo Estoy- kaplun y roberto miró.mp3,True,True,1,False,True,False
Las marionetas,Osvaldo Pugliese,1945-11-06,tango,Musica: Osvaldo Pugliese,D:\Dropbox\TDJ\MUSICA\Eduardo\7\05 Las Marionetas.mp3,True,True,1,False,True,True
Mi fuelle rezonga,Osvaldo Pugliese,1954-12-13,tango,Musica: Pedro Toscano,D:\Dropbox\TDJ\MUSICA\Eduardo\1\01 Mi Fuelle Rezonga.mp3,True,True,1,False,True,True
Suipacha,Osvaldo Pugliese,1956-10-26,tango,Musica: Eduardo Arolas,D:\Dropbox\TDJ\MUSICA\Eduardo\2\07 Suipacha.mp3,True,True,1,False,True,True
Julie,Osvaldo Pugliese,1958-01-16,tango,Musica: Enrique Alessio y Carlos Lazzari,D:\Dropbox\TDJ\MUSICA\Eduardo\2\11 Julie.mp3,True,True,1,False,True,True
Alma de bohemio,Osvaldo Pugliese,1958-12-10,tango,Musica: Roberto Firpo - Letra: Juan Andrés Caruso,D:\Dropbox\TDJ\MUSICA\Eduardo\2\14 Alma De Bohemio.mp3,True,True,1,False,True,True
Quejumbroso,Osvaldo Pugliese,1959-07-23,tango,Musica: Oscar Herrero,D:\Dropbox\TDJ\MUSICA\Eduardo\6\18 Quejumbroso   - esu128.mp3,True,True,1,False,True,True
Quejumbroso,Osvaldo Pugliese,1959-07-23,tango,Musica: Oscar Herrero,D:\Dropbox\TDJ\MUSICA\Eduardo\4\Quejumbroso  1 - esu320(128) ok.mp3,True,True,1,False,True,True
Arrabal,Osvaldo Pugliese,1985-12-26,tango,Musica: José Pascual,D:\Dropbox\TDJ\MUSICA\Osvaldo LA YUMBA\- PUGLIESE\PUGLIESE       ARRABAL VIVO.mp3,False,False,1,False,False,True
A Evaristo Carriego,Osvaldo Pugliese,1985-12-26,tango,Musica: Eduardo Rovira,D:\Dropbox\TDJ\MUSICA\Osvaldo LA YUMBA\- PUGLIESE\PUGLIESE       A EVARISTO CARRIEGO vivo pugli.mp3,False,False,1,False,False,True
Chiqué,Osvaldo Pugliese,1985-12-26,tango,Musica: Ricardo Luis Brignolo - Letra: Ricardo Brignolo,D:\Dropbox\TDJ\MUSICA\Osvaldo LA YUMBA\- PUGLIESE\PUGLIESE       Chique PUGLIESE VIVO.mp3,False,False,1,False,False,True
La mariposa,Osvaldo Pugliese,1985-12-26,tango,Musica: Pedro Maffia - Letra: Celedonio Flores,D:\Dropbox\TDJ\MUSICA\Osvaldo LA YUMBA\- PUGLIESE\PUGLIESE       la mariposa colon.mp3,False,False,1,False,False,True
Derecho viejo,Osvaldo Pugliese,1945-05-28,tango,Musica: Eduardo Arolas - Letra: Gabriel Clausi,D:\Dropbox\TDJ\MUSICA\Eduardo\2\13 Derecho Viejo.mp3,True,True,1,False,True,True
La tupungatina,Osvaldo Pugliese,1952,tango,Com: Cristino Tapia,D:\Dropbox\TDJ\MUSICA\Edmundo\Pugliese\Osvaldo Pugliese - La Tupungatina.flac,True,True,2,False,True,False
La mariposa,Osvaldo Pugliese,1966-04,tango,Musica: Pedro Maffia - Letra: Celedonio Flores,D:\Dropbox\TDJ\MUSICA\Edmundo\Pugliese\Osvaldo Pugliese - La mariposa.flac,False,False,1,False,False,True
Para dos,Osvaldo Pugliese,1952-05-06,tango,Musica: Osvaldo Ruggiero,D:\Dropbox\TDJ\MUSICA\Eduardo\1\Para Dos       1 - esu186.mp3,True,True,1,False,True,True
El amanecer,Osvaldo Pugliese,1964-04,tango,Musica: Roberto Firpo,D:\Dropbox\TDJ\MUSICA\Eduardo\7\04 El Amanecer.mp3,False,False,1,False,False,True
Nobleza de arrabal,Osvaldo Pugliese,1966-12,tango,Musica: Francisco Canaro - Letra: Homero Manzi,D:\Dropbox\TDJ\MUSICA\Eduardo\7\05 Nobleza De Arrabal.mp3,True,True,1,False,True,True
Bien de tango,Osvaldo Pugliese,1967-08,tango,Musica: ? - Letra: ?,D:\Dropbox\TDJ\MUSICA\Eduardo\7\06 Bien De Tango.mp3,True,True,1,False,True,True
Pa' la guardia,Osvaldo Pugliese,1964-08,tango,Musica: Ernesto Baffa y Antonio Scelza,D:\Dropbox\TDJ\MUSICA\Eduardo\2\09 Pa' La Guardia.mp3,True,True,1,False,True,True
Bandoneón arrabalero,Osvaldo Pugliese,1967-09,tango,Musica: Bachicha - Letra: Pascual Contursi,D:\Dropbox\TDJ\MUSICA\Eduardo\2\11 Bandoneón Arrabalero.mp3,True,True,1,False,True,True
El pensamiento,Osvaldo Pugliese,1969-05,tango,Musica: José Martínez - Letra: Francisco García Jiménez,D:\Dropbox\TDJ\MUSICA\Eduardo\2\13 El Pensamiento.mp3,True,True,1,False,True,True
Bando,Osvaldo Pugliese,1969-08,tango,Musica: Astor Piazzolla,D:\Dropbox\TDJ\MUSICA\Eduardo\6\15 Bando.mp3,True,True,1,False,True,True
Mi Primer Gol,Osvaldo Pugliese,1968,tango,H. Pettorossi y M. Bonano - A. Fattorini,D:\Dropbox\TDJ\MUSICA\Eduardo\sc1\16 Mi Primer Gol.mp3,True,True,1,False,True,False
El marne,Osvaldo Pugliese,1969-06,tango,Musica: Eduardo Arolas,D:\Dropbox\TDJ\MUSICA\Eduardo\6\17 El Marne.mp3,True,True,1,False,True,True
La biandunga,Osvaldo Pugliese,1969-08,tango,Musica: Osvaldo Pugliese,D:\Dropbox\TDJ\MUSICA\Eduardo\6\18 La Biandunga.mp3,True,True,1,False,True,True
Tinta roja,Osvaldo Pugliese,1972-04-25,tango,Musica: Sebastián Piana - Letra: Cátulo Castillo,D:\Dropbox\TDJ\MUSICA\Osvaldo LA YUMBA\- PUGLIESE\Kiko pugli\Osvaldo Pugliese - 1970 - 1972 - Todas sus grabaciones\08-osvaldo pugliese - tinta roja- piana y catulo castillo - 1972.mp3,True,True,1,False,True,True
Quejas de bandoneón,Osvaldo Pugliese,1977-06-14,tango,Musica: Juan de Dios Filiberto,D:\Dropbox\TDJ\MUSICA\Osvaldo LA YUMBA\- PUGLIESE\Kiko pugli\Osvaldo Pugliese 1977-1978-1979-1980\01-osvaldo pugliese - quejas de bandoneon- instrumental de filiberto - 1977.mp3,True,True,1,False,True,True
La guitarrita,Osvaldo Pugliese,1954-07-14,tango,Musica: Eduardo Arolas - Letra: Gabriel Clausi,D:\Dropbox\TDJ\MUSICA\Osvaldo LA YUMBA\- PUGLIESE\Kiko pugli\Osvaldo Pugliese - 1953 - 1954 - Todas sus grabaciones\19- la guitarrita - instrumental de arolas - 1954.mp3,True,True,1,False,True,True
El africano,Osvaldo Pugliese,1978-12-20,tango,Musica: Eduardo Pereyra - Letra: Francisco Lío,D:\Dropbox\TDJ\MUSICA\Osvaldo LA YUMBA\- PUGLIESE\Kiko pugli\Osvaldo Pugliese 1977-1978-1979-1980\05-osvaldo pugliese - el africano- instrumental de eduardo pereyra - 1978.mp3,True,True,1,False,True,True
Arrabal,Osvaldo Pugliese,1974-09-27,tango,Musica: José Pascual,D:\Dropbox\TDJ\MUSICA\Osvaldo LA YUMBA\- PUGLIESE\Kiko pugli\Osvaldo Pugliese 1973-1974-1976\06- osvaldo pugliese - arrabal- de pascual 1974.mp3,True,True,1,False,True,True
El Adios,Osvaldo Pugliese,1965,tango,,D:\Dropbox\TDJ\MUSICA\Osvaldo LA YUMBA\- PUGLIESE\Kiko pugli\Osvaldo Pugliese - 1962 - 1963 - Todas sus grabaciones\13-el adios-pugliese-maciel- pacheco huergo y san clemente-1963.mp3,True,True,1,False,True,False
La Tupungatina,Osvaldo Pugliese,,tango,,D:\Dropbox\TDJ\MUSICA\Osvaldo LA YUMBA\- PUGLIESE\- PUGLI  -  Instru\PUGLIESE\Osvaldo Pugliese-La Tupungatina.mp3,True,True,2,False,True,False
Para Dos Pugli,Osvaldo Pugliese,,tango,,D:\Dropbox\TDJ\MUSICA\Osvaldo LA YUMBA\- PUGLIESE\- PUGLI  -  Instru\PUGLIESE       para dos.mp3,True,True,4,False,True,False
Toda mi vida,Osvaldo Pugliese,1985-12-26,tango,Musica: Aníbal Troilo - Letra: José María Contursi,D:\Dropbox\TDJ\MUSICA\Eduardo\4\Toda Mi Vida (Vivo).mp3,True,True,1,False,True,True
Malambeao,Osvaldo Pugliese,1994,tango,,D:\Dropbox\TDJ\MUSICA\Eva\Osvaldo Pugliese\Antología - Volumen 1\01 Osvaldo Pugliese - Instrumental _ Malambeao.mp3,True,True,2,False,True,False
Malambeao,Osvaldo Pugliese,1994,tango,Alfredo Bevilacqua/Antonio Polito,D:\Dropbox\TDJ\MUSICA\Osvaldo LA YUMBA\- PUGLIESE\Kiko pugli\Osvaldo Pugliese - 1961- Todas sus grabaciones\01-osvaldo pugliese - instrumental _ malambeao - de ruggero - 1961.mp3,True,True,2,False,True,False
Corrientes Bajo Cero,Osvaldo Pugliese,1994,tango,,D:\Dropbox\TDJ\MUSICA\Eva\Osvaldo Pugliese Y Su Orquesta Típica\Antología - Volumen 1\02 Osvaldo Pugliese - Alfredo Belusi _ Corrientes Bajo Cero.mp3,True,True,1,False,True,False
Nonino,Osvaldo Pugliese,1994,tango,,D:\Dropbox\TDJ\MUSICA\Eva\Osvaldo Pugliese Y Su Orquesta Típica\Antología - Volumen 1\03 Osvaldo Pugliese - Instrumental _ Nonino.mp3,True,True,2,False,True,False
Milonga Del Soldado,Osvaldo Pugliese,1994,tango,,D:\Dropbox\TDJ\MUSICA\Eva\Osvaldo Pugliese Y Su Orquesta Típica\Antología - Volumen 1\04 Osvaldo Pugliese - Alfredo Belusi - Jorge Maciel _ Milonga Del Soldado.mp3,True,True,1,False,True,False
Don Augustín Bardi,Osvaldo Pugliese,1994,tango,Horacio Salgán,D:\Dropbox\TDJ\MUSICA\Eva\Osvaldo Pugliese Y Su Orquesta Típica\Antología - Volumen 1\05 Osvaldo Pugliese - Instrumental _ Don Agustín Bardi.mp3,True,True,1,False,True,False
Coplas,Osvaldo Pugliese,1994,tango,Emilio Balcarce,D:\Dropbox\TDJ\MUSICA\Osvaldo LA YUMBA\- PUGLIESE\Kiko pugli\Osvaldo Pugliese - 1961- Todas sus grabaciones\06-osvaldo pugliese - alfredo belusi - jorge maciel _ coplas- troilo y martinez - 1961.mp3,True,True,1,False,True,False
Coplas,Osvaldo Pugliese,1994,tango,,D:\Dropbox\TDJ\MUSICA\Eva\Osvaldo Pugliese Y Su Orquesta Típica\Antología - Volumen 1\07 Osvaldo Pugliese - Alfredo Belusi - Jorge Maciel _ Coplas.mp3,True,True,1,False,True,False
Bronca,Osvaldo Pugliese,1994,tango,,D:\Dropbox\TDJ\MUSICA\Eva\Osvaldo Pugliese Y Su Orquesta Típica\Antología - Volumen 1\08 Osvaldo Pugliese - Alfredo Belusi _ Bronca.mp3,True,True,1,False,True,False
Pregonera,Osvaldo Pugliese,1994,tango,,D:\Dropbox\TDJ\MUSICA\Eva\Osvaldo Pugliese Y Su Orquesta Típica\Antología - Volumen 1\09 Osvaldo Pugliese - Alfredo Belusi - Jorge Maciel _ Pregonera.mp3,True,True,1,False,True,False
Pregonera,Osvaldo Pugliese,1994,tango,Agustín Bardi,D:\Dropbox\TDJ\MUSICA\Osvaldo LA YUMBA\- PUGLIESE\Kiko pugli\Osvaldo Pugliese - 1961- Todas sus grabaciones\07--osvaldo pugliese - alfredo belusi - jorge maciel _ pregonera-de angelis y rotulo-1961.mp3,True,True,1,False,True,False
Un Tropezón,Osvaldo Pugliese,1994,tango,Cátulo Castillo/Sebastián Piana,D:\Dropbox\TDJ\MUSICA\Osvaldo LA YUMBA\- PUGLIESE\Kiko pugli\Osvaldo Pugliese - 1961- Todas sus grabaciones\13-osvaldo pugliese - alfredo belusi _ un tropezón-de los hoyos y bayon  herrera-1961.mp3,True,True,1,False,True,False
Un Tropezón,Osvaldo Pugliese,1994,tango,,D:\Dropbox\TDJ\MUSICA\Eva\Osvaldo Pugliese Y Su Orquesta Típica\Antología - Volumen 1\11 Osvaldo Pugliese - Alfredo Belusi _ Un Tropezón.mp3,True,True,1,False,True,False
Candombe Blanco,Osvaldo Pugliese,1994,tango,,D:\Dropbox\TDJ\MUSICA\Eva\Osvaldo Pugliese Y Su Orquesta Típica\Antología - Volumen 1\13 Osvaldo Pugliese - Alfredo Belusi - Jorge Maciel _ Candombe Blanco.mp3,True,True,1,False,True,False
Festejando,Osvaldo Pugliese,1994,tango,Pedro Laurenz,D:\Dropbox\TDJ\MUSICA\Osvaldo LA YUMBA\- PUGLIESE\Kiko pugli\Osvaldo Pugliese - 1961- Todas sus grabaciones\12-osvaldo pugliese - instrumental _ festejando- de luis stamponi - 1961.mp3,True,True,1,False,True,False
Festejando,Osvaldo Pugliese,1994,tango,,D:\Dropbox\TDJ\MUSICA\Eva\Osvaldo Pugliese Y Su Orquesta Típica\Antología - Volumen 1\14 Osvaldo Pugliese - Instrumental _ Festejando.mp3,True,True,1,False,True,False
No Me Pregunten Por Qué,Osvaldo Pugliese,1994,tango,,D:\Dropbox\TDJ\MUSICA\Eva\Osvaldo Pugliese Y Su Orquesta Típica\Antología - Volumen 1\15 Osvaldo Pugliese - Alfredo Belusi _ No Me Pregunten Por Qué.mp3,True,True,2,False,True,False
Cabulero,Osvaldo Pugliese,1994,tango,,D:\Dropbox\TDJ\MUSICA\Eva\Osvaldo Pugliese Y Su Orquesta Típica\Antología - Volumen 1\16 Osvaldo Pugliese - Instrumental _ Cabulero.mp3,True,True,1,False,True,False
El Vino Triste,Osvaldo Pugliese,1994,tango,,D:\Dropbox\TDJ\MUSICA\Eva\Osvaldo Pugliese Y Su Orquesta Típica\Antología - Volumen 1\18 Osvaldo Pugliese - Alfredo Belusi _ El Vino Triste.mp3,True,True,1,False,True,False
El Vino Triste,Osvaldo Pugliese,1994,tango,"Filberto, Juan Dedios",D:\Dropbox\TDJ\MUSICA\Osvaldo LA YUMBA\- PUGLIESE\Kiko pugli\Osvaldo Pugliese - 1962 - 1963 - Todas sus grabaciones\01-osvaldo pugliese - alfredo belusi _ el vino triste-d'arienzo y romero-1962.mp3,True,True,1,False,True,False
Cabulero,Osvaldo Pugliese,1994,tango,"Pascual, José",D:\Dropbox\TDJ\MUSICA\Osvaldo LA YUMBA\- PUGLIESE\Kiko pugli\Osvaldo Pugliese - 1962 - 1963 - Todas sus grabaciones\03-osvaldo pugliese - instrumental _ cabulero(-leopoldo federico y m.c. flores - 1962.mp3,True,True,1,False,True,False
Cardo Y Malvón,Osvaldo Pugliese,1994,tango,,D:\Dropbox\TDJ\MUSICA\Osvaldo LA YUMBA\- PUGLIESE\Kiko pugli\Osvaldo Pugliese - 1962 - 1963 - Todas sus grabaciones\05--cardo y malvón - instrumental de pugliese - 1962.mp3,True,True,1,False,True,False
Cardo Y Malvón,Osvaldo Pugliese,1994,tango,,D:\Dropbox\TDJ\MUSICA\Eva\Osvaldo Pugliese Y Su Orquesta Típica\Antología - Volumen 2\01 Cardo Y Malvón.mp3,True,True,1,False,True,False
El Pescante (C. Alfredo Belusi),Osvaldo Pugliese,1994,tango,,D:\Dropbox\TDJ\MUSICA\Eva\Osvaldo Pugliese Y Su Orquesta Típica\Antología - Volumen 2\02 El Pescante (c. Alfredo Belusi).mp3,True,True,1,False,True,False
El Pescante (C. Alfredo Belusi),Osvaldo Pugliese,1994,tango,,D:\Dropbox\TDJ\MUSICA\Osvaldo LA YUMBA\- PUGLIESE\Kiko pugli\Osvaldo Pugliese - 1962 - 1963 - Todas sus grabaciones\06-el pescante (c alfredo belusi)-piana-manzi-1962.mp3,True,True,1,False,True,False
Nostálgico,Osvaldo Pugliese,1994,tango,,D:\Dropbox\TDJ\MUSICA\Eva\Osvaldo Pugliese Y Su Orquesta Típica\Antología - Volumen 2\03 Nostálgico.mp3,True,True,1,False,True,False
Por Qué La Quise Tanto (C. Jorge Maciel),Osvaldo Pugliese,1994,tango,,D:\Dropbox\TDJ\MUSICA\Eva\Osvaldo Pugliese Y Su Orquesta Típica\Antología - Volumen 2\04 Por Qué La Quise Tanto (c. Jorge Maciel).mp3,True,True,1,False,True,False
Desencuentro (C. Alfredo Belusi),Osvaldo Pugliese,1994,tango,,D:\Dropbox\TDJ\MUSICA\Eva\Osvaldo Pugliese Y Su Orquesta Típica\Antología - Volumen 2\05 Desencuentro (c. Alfredo Belusi).mp3,True,True,1,False,True,False
Bordoneo Y 900,Osvaldo Pugliese,1994,tango,,D:\Dropbox\TDJ\MUSICA\Osvaldo LA YUMBA\- PUGLIESE\Kiko pugli\Osvaldo Pugliese - 1962 - 1963 - Todas sus grabaciones\10-bordoneo y 900 - instrumental de ruggero - 1962.mp3,True,True,1,False,True,False
Bordoneo Y 900,Osvaldo Pugliese,1994,tango,,D:\Dropbox\TDJ\MUSICA\Eva\Osvaldo Pugliese Y Su Orquesta Típica\Antología - Volumen 2\06 Bordoneo Y 900.mp3,True,True,1,False,True,False
De Mi Ciudad (C. Jorge Maciel),Osvaldo Pugliese,1994,tango,,D:\Dropbox\TDJ\MUSICA\Osvaldo LA YUMBA\- PUGLIESE\Kiko pugli\Osvaldo Pugliese - 1962 - 1963 - Todas sus grabaciones\11-de mi ciudad (c jorge maciel)-balcarce y lizarraga-1962.mp3,True,True,4,False,True,False
De Mi Ciudad (C. Jorge Maciel),Osvaldo Pugliese,1994,tango,,D:\Dropbox\TDJ\MUSICA\Eva\Osvaldo Pugliese Y Su Orquesta Típica\Antología - Volumen 2\07 De Mi Ciudad (c. Jorge Maciel).mp3,True,True,4,False,True,False
Inspiración,Osvaldo Pugliese,1994,tango,,D:\Dropbox\TDJ\MUSICA\Eva\Osvaldo Pugliese\Antología - Volumen 2\08 Inspiración.mp3,True,True,1,False,True,False
El Adiós (C. Jorge Maciel),Osvaldo Pugliese,1994,tango,,D:\Dropbox\TDJ\MUSICA\Eva\Osvaldo Pugliese Y Su Orquesta Típica\Antología - Volumen 2\09 El Adiós (c. Jorge Maciel).mp3,True,True,4,False,True,False
Charamusca,Osvaldo Pugliese,1994,tango,,D:\Dropbox\TDJ\MUSICA\Eva\Osvaldo Pugliese Y Su Orquesta Típica\Antología - Volumen 2\10 Charamusca.mp3,True,True,1,False,True,False
Charamusca,Osvaldo Pugliese,1994,tango,,D:\Dropbox\TDJ\MUSICA\Osvaldo LA YUMBA\- PUGLIESE\Kiko pugli\Osvaldo Pugliese - 1962 - 1963 - Todas sus grabaciones\14-charamusca - instrumental de francisco canaro - 1962.mp3,True,True,1,False,True,False
Decime Dios Dónde Estás (C. Jorge Maciel),Osvaldo Pugliese,1994,tango,,D:\Dropbox\TDJ\MUSICA\Eva\Osvaldo Pugliese Y Su Orquesta Típica\Antología - Volumen 2\11 Decime Dios Dónde Estás (c. Jorge Maciel).mp3,True,True,1,False,True,False
La Cabrera,Osvaldo Pugliese,1994,tango,,D:\Dropbox\TDJ\MUSICA\Osvaldo LA YUMBA\- PUGLIESE\Kiko pugli\Osvaldo Pugliese - 1962 - 1963 - Todas sus grabaciones\16-la cabrera - instrumental de arolas - 1962.mp3,True,True,1,False,True,False
La Cabrera,Osvaldo Pugliese,1994,tango,,D:\Dropbox\TDJ\MUSICA\Eva\Osvaldo Pugliese Y Su Orquesta Típica\Antología - Volumen 2\12 La Cabrera.mp3,True,True,1,False,True,False
El amanecer,Osvaldo Pugliese,1994,tango,,D:\Dropbox\TDJ\MUSICA\Eva\Osvaldo Pugliese Y Su Orquesta Típica\Antología - Volumen 2\13 El Amanecer.mp3,True,True,1,False,True,False
El amanecer,Osvaldo Pugliese,1994,tango,,D:\Dropbox\TDJ\MUSICA\Osvaldo LA YUMBA\- PUGLIESE\Kiko pugli\Osvaldo Pugliese - 1964 - 1965 - Todas sus grabaciones\01-el amanecer - instrumental de firpo - 1964.mp3,True,True,1,False,True,False
La payanca,Osvaldo Pugliese,1994,tango,,D:\Dropbox\TDJ\MUSICA\Eva\Osvaldo Pugliese Y Su Orquesta Típica\Antología - Volumen 2\15 La Payanca.mp3,True,True,1,False,True,False
Cómo Aprender A Quererte (C. Abel Córdoba),Osvaldo Pugliese,1994,tango,,D:\Dropbox\TDJ\MUSICA\Eva\Osvaldo Pugliese Y Su Orquesta Típica\Antología - Volumen 2\16 Cómo Aprender A Quererte (c. Abel Córdoba).mp3,True,True,1,False,True,False
Norteño,Osvaldo Pugliese,1994,tango,,D:\Dropbox\TDJ\MUSICA\Osvaldo LA YUMBA\- PUGLIESE\Kiko pugli\Osvaldo Pugliese - 1964 - 1965 - Todas sus grabaciones\05-norteño- instrumental de emilio balcarce - 19642).mp3,True,True,1,False,True,False
Norteño,Osvaldo Pugliese,1994,tango,,D:\Dropbox\TDJ\MUSICA\Eva\Osvaldo Pugliese Y Su Orquesta Típica\Antología - Volumen 2\17 Norteño.mp3,True,True,1,False,True,False
Será Una Noche (C. Jorge Maciel),Osvaldo Pugliese,1994,tango,,D:\Dropbox\TDJ\MUSICA\Osvaldo LA YUMBA\- PUGLIESE\Kiko pugli\Osvaldo Pugliese - 1964 - 1965 - Todas sus grabaciones\06-será una noche (c jorge maciel)- tinelli y ferradas - 1964.mp3,True,True,1,False,True,False
Será Una Noche (C. Jorge Maciel),Osvaldo Pugliese,1994,tango,,D:\Dropbox\TDJ\MUSICA\Eva\Osvaldo Pugliese Y Su Orquesta Típica\Antología - Volumen 2\18 Será Una Noche (c. Jorge Maciel).mp3,True,True,1,False,True,False
Pa' La Guardia,Osvaldo Pugliese,1994,tango,,D:\Dropbox\TDJ\MUSICA\Eva\Osvaldo Pugliese Y Su Orquesta Típica\Antología - Volumen 3\01 Osvaldo Pugliese - Instrumental _ Pa' La Guardia.mp3,True,True,1,False,True,False
Morena,Osvaldo Pugliese,1994,tango,,D:\Dropbox\TDJ\MUSICA\Eva\Osvaldo Pugliese Y Su Orquesta Típica\Antología - Volumen 3\03 Osvaldo Pugliese - Instrumental _ Morena.mp3,True,True,1,False,True,False
Abrazo Fraternal,Osvaldo Pugliese,1994,tango,,D:\Dropbox\TDJ\MUSICA\Eva\Osvaldo Pugliese Y Su Orquesta Típica\Antología - Volumen 3\04 Osvaldo Pugliese - Abel Córdoba - Jorge Maciel _ Abrazo Fraternal.mp3,True,True,1,False,True,False
El Relámpago,Osvaldo Pugliese,1994,tango,Emilio Juan Sitano/Julio Camilloni,D:\Dropbox\TDJ\MUSICA\Osvaldo LA YUMBA\- PUGLIESE\Kiko pugli\Osvaldo Pugliese - 1964 - 1965 - Todas sus grabaciones\11-osvaldo pugliese - instrumental _ el relámpago-Sassone- 1964.mp3,True,True,1,False,True,False
El Relámpago,Osvaldo Pugliese,1994,tango,,D:\Dropbox\TDJ\MUSICA\Eva\Osvaldo Pugliese Y Su Orquesta Típica\Antología - Volumen 3\05 Osvaldo Pugliese - Instrumental _ El Relámpago.mp3,True,True,1,False,True,False
Nido Gaucho,Osvaldo Pugliese,1994,tango,,D:\Dropbox\TDJ\MUSICA\Eva\Osvaldo Pugliese Y Su Orquesta Típica\Antología - Volumen 3\06 Osvaldo Pugliese - Abel Córdoba _ Nido Gaucho.mp3,True,True,1,False,True,False
A Los Artistas Plásticos,Osvaldo Pugliese,1994,tango,,D:\Dropbox\TDJ\MUSICA\Eva\Osvaldo Pugliese Y Su Orquesta Típica\Antología - Volumen 3\07 Osvaldo Pugliese - Instrumental _ A Los Artistas Plásticos.mp3,True,True,1,False,True,False
Buenos Aires - Tokyo,Osvaldo Pugliese,1994,tango,,D:\Dropbox\TDJ\MUSICA\Eva\Osvaldo Pugliese Y Su Orquesta Típica\Antología - Volumen 3\09 Osvaldo Pugliese - Instrumental _ Buenos Aires - Tokyo.mp3,True,True,1,False,True,False
Canción De Rango,Osvaldo Pugliese,1994,tango,,D:\Dropbox\TDJ\MUSICA\Eva\Osvaldo Pugliese Y Su Orquesta Típica\Antología - Volumen 3\10 Osvaldo Pugliese - Abel Córdoba _ Canción De Rango.mp3,True,True,1,False,True,False
Lorenzo,Osvaldo Pugliese,1994,tango,,D:\Dropbox\TDJ\MUSICA\Eva\Osvaldo Pugliese Y Su Orquesta Típica\Antología - Volumen 3\11 Osvaldo Pugliese - Instrumental _ Lorenzo.mp3,True,True,1,False,True,False
Yo Soy Del Treinta,Osvaldo Pugliese,1994,tango,,D:\Dropbox\TDJ\MUSICA\Eva\Osvaldo Pugliese Y Su Orquesta Típica\Antología - Volumen 3\12 Osvaldo Pugliese - Instrumental _ Yo Soy Del Treinta.mp3,True,True,1,False,True,False
Whisky,Osvaldo Pugliese,1994,tango,,D:\Dropbox\TDJ\MUSICA\Eva\Osvaldo Pugliese Y Su Orquesta Típica\Antología - Volumen 3\13 Osvaldo Pugliese - Abel Córdoba _ Whisky.mp3,True,True,1,False,True,False
Canaro En París,Osvaldo Pugliese,1994,tango,,D:\Dropbox\TDJ\MUSICA\Eva\Osvaldo Pugliese\Antología - Volumen 3\14 Osvaldo Pugliese - Instrumental _ Canaro En París.mp3,True,True,2,False,True,False
Orlando Goñi,Osvaldo Pugliese,1994,tango,,D:\Dropbox\TDJ\MUSICA\Eva\Osvaldo Pugliese Y Su Orquesta Típica\Antología - Volumen 3\16 Osvaldo Pugliese - Abel Córdoba - Jorge Maciel _ Orlando Goñi.mp3,True,True,1,False,True,False
Carmen,Osvaldo Pugliese,1994,tango,,D:\Dropbox\TDJ\MUSICA\Eva\Osvaldo Pugliese Y Su Orquesta Típica\Antología - Volumen 3\17 Osvaldo Pugliese - Abel Córdoba - Jorge Maciel _ Carmen.mp3,True,True,1,False,True,False
La mariposa,Osvaldo Pugliese,1994,tango,,D:\Dropbox\TDJ\MUSICA\Eva\Osvaldo Pugliese Y Su Orquesta Típica\Antología - Volumen 3\18 Osvaldo Pugliese - Instrumental _ La Mariposa.mp3,True,True,2,False,True,False
Verano Porteño,Osvaldo Pugliese,1994,tango,,D:\Dropbox\TDJ\MUSICA\Eva\Osvaldo Pugliese Y Su Orquesta Típica\Antología - Volumen 4\02 Osvaldo Pugliese - Instrumental _ Verano Porteño.mp3,True,True,1,False,True,False
Con Voz Rebelde,Osvaldo Pugliese,1994,tango,,D:\Dropbox\TDJ\MUSICA\Eva\Osvaldo Pugliese Y Su Orquesta Típica\Antología - Volumen 4\04 Osvaldo Pugliese - Abel Córdoba _ Con Voz Rebelde.mp3,True,True,2,False,True,False
El Motivo,Osvaldo Pugliese,1994,tango,,D:\Dropbox\TDJ\MUSICA\Eva\Osvaldo Pugliese Y Su Orquesta Típica\Antología - Volumen 4\06 Osvaldo Pugliese - Instrumental _ El Motivo.mp3,True,True,1,False,True,False
Se Tiran Conmigo,Osvaldo Pugliese,1994,tango,,D:\Dropbox\TDJ\MUSICA\Eva\Osvaldo Pugliese Y Su Orquesta Típica\Antología - Volumen 4\07 Osvaldo Pugliese - Abel Córdoba _ Se Tiran Conmigo.mp3,True,True,1,False,True,False
Mi Lejana Buenos Aires,Osvaldo Pugliese,1994,tango,,D:\Dropbox\TDJ\MUSICA\Eva\Osvaldo Pugliese Y Su Orquesta Típica\Antología - Volumen 4\08 Osvaldo Pugliese - Instrumental _ Mi Lejana Buenos Aires.mp3,True,True,1,False,True,False
Locura Tanguera,Osvaldo Pugliese,1994,tango,,D:\Dropbox\TDJ\MUSICA\Eva\Osvaldo Pugliese Y Su Orquesta Típica\Antología - Volumen 4\10 Osvaldo Pugliese - Instrumental _ Locura Tanguera.mp3,True,True,1,False,True,False
El Inquilino,Osvaldo Pugliese,1994,tango,,D:\Dropbox\TDJ\MUSICA\Eva\Osvaldo Pugliese Y Su Orquesta Típica\Antología - Volumen 4\12 Osvaldo Pugliese - Abel Córdoba _ El Inquilino.mp3,True,True,1,False,True,False
Nobleza De Arrabal,Osvaldo Pugliese,1994,tango,,D:\Dropbox\TDJ\MUSICA\Eva\Osvaldo Pugliese Y Su Orquesta Típica\Antología - Volumen 4\14 Osvaldo Pugliese - Instrumental _ Nobleza De Arrabal.mp3,True,True,1,False,True,False
Sin Gritar,Osvaldo Pugliese,1994,tango,,D:\Dropbox\TDJ\MUSICA\Osvaldo LA YUMBA\- PUGLIESE\Kiko pugli\Osvaldo Pugliese - 1967 - Todas sus grabaciones\02-osvaldo pugliese - abel córdoba _ sin gritar- casinelli y el cholo hernandez - 1967.mp3,True,True,1,False,True,False
Sin Gritar,Osvaldo Pugliese,1994,tango,,D:\Dropbox\TDJ\MUSICA\Eva\Osvaldo Pugliese Y Su Orquesta Típica\Antología - Volumen 4\16 Osvaldo Pugliese - Abel Córdoba _ Sin Gritar.mp3,True,True,1,False,True,False
Una Lágrima,Osvaldo Pugliese,1994,tango,,D:\Dropbox\TDJ\MUSICA\Eva\Osvaldo Pugliese Y Su Orquesta Típica\Antología - Volumen 4\17 Osvaldo Pugliese - Abel Córdoba _ Una Lágrima.mp3,True,True,1,False,True,False
Bien De Abajo,Osvaldo Pugliese,1994,tango,,D:\Dropbox\TDJ\MUSICA\Eva\Osvaldo Pugliese Y Su Orquesta Típica\Antología - Volumen 4\18 Osvaldo Pugliese - Abel Córdoba _ Bien De Abajo.mp3,True,True,1,False,True,False
Con Voz Rebelde,Osvaldo Pugliese,1994,tango,,D:\Dropbox\TDJ\MUSICA\Osvaldo LA YUMBA\- PUGLIESE\Kiko pugli\Osvaldo Pugliese - 1966 - Todas sus grabaciones\05-osvaldo pugliese - abel córdoba _ con voz rebelde- Corti y Zein.mp3,True,True,2,False,True,False
Mi Lejana Buenos Aires,Osvaldo Pugliese,1994,tango,,D:\Dropbox\TDJ\MUSICA\Osvaldo LA YUMBA\- PUGLIESE\Kiko pugli\Osvaldo Pugliese - 1966 - Todas sus grabaciones\09-osvaldo pugliese - instrumental _ mi lejana buenos aires- emilio balcarce.mp3,True,True,1,False,True,False
Locura Tanguera,Osvaldo Pugliese,1994,tango,,D:\Dropbox\TDJ\MUSICA\Osvaldo LA YUMBA\- PUGLIESE\Kiko pugli\Osvaldo Pugliese - 1966 - Todas sus grabaciones\11-osvaldo pugliese - locura tanguera (instrumental)- Osvaldo ruggero.mp3,True,True,1,False,True,False
El Inquilino,Osvaldo Pugliese,1994,tango,,D:\Dropbox\TDJ\MUSICA\Osvaldo LA YUMBA\- PUGLIESE\Kiko pugli\Osvaldo Pugliese - 1966 - Todas sus grabaciones\13-osvaldo pugliese - abel córdoba _ el inquilino- Lucero y Mazzea.mp3,True,True,1,False,True,False
Nobleza De Arrabal,Osvaldo Pugliese,1994,tango,,D:\Dropbox\TDJ\MUSICA\Osvaldo LA YUMBA\- PUGLIESE\Kiko pugli\Osvaldo Pugliese - 1966 - Todas sus grabaciones\15-osvaldo pugliese - instrumental _ nobleza de arrabal- francisco canaro.mp3,True,True,1,False,True,False
Di Di,Osvaldo Pugliese,1994,tango,,D:\Dropbox\TDJ\MUSICA\Eva\Osvaldo Pugliese Y Su Orquesta Típica\Antología - Volumen 5\01 Osvaldo Pugliese - Instrumental _ Di Di.mp3,True,False,0,False,True,False
Imagen Campera,Osvaldo Pugliese,1994,tango,,D:\Dropbox\TDJ\MUSICA\Osvaldo LA YUMBA\- PUGLIESE\Kiko pugli\Osvaldo Pugliese - 1967 - Todas sus grabaciones\05-imagen campera-maciel-abel cordoba-1967-arena y lavallen.mp3,True,True,1,False,True,False
Imagen Campera,Osvaldo Pugliese,1994,tango,,D:\Dropbox\TDJ\MUSICA\Eva\Osvaldo Pugliese Y Su Orquesta Típica\Antología - Volumen 5\02 Osvaldo Pugliese - Abel Córdoba - Jorge Maciel _ Imagen Campera.mp3,True,True,1,False,True,False
Marejada,Osvaldo Pugliese,1994,tango,,D:\Dropbox\TDJ\MUSICA\Eva\Osvaldo Pugliese Y Su Orquesta Típica\Antología - Volumen 5\03 Osvaldo Pugliese - Instrumental _ Marejada.mp3,True,True,1,False,True,False
Marejada,Osvaldo Pugliese,1994,tango,,D:\Dropbox\TDJ\MUSICA\Osvaldo LA YUMBA\- PUGLIESE\Kiko pugli\Osvaldo Pugliese - 1967 - Todas sus grabaciones\06-osvaldo pugliese - instrumental _ marejada de roberto firpo - 1967.mp3,True,True,1,False,True,False
Bien De Tango,Osvaldo Pugliese,1994,tango,,D:\Dropbox\TDJ\MUSICA\Eva\Osvaldo Pugliese Y Su Orquesta Típica\Antología - Volumen 5\05 Osvaldo Pugliese - Instrumental _ Bien De Tango.mp3,True,True,1,False,True,False
Tangueando Te Quiero,Osvaldo Pugliese,1994,tango,,D:\Dropbox\TDJ\MUSICA\Eva\Osvaldo Pugliese Y Su Orquesta Típica\Antología - Volumen 5\06 Osvaldo Pugliese - Instrumental _ Tangueando Te Quiero.mp3,True,True,1,False,True,False
Tangueando Te Quiero,Osvaldo Pugliese,1994,tango,,D:\Dropbox\TDJ\MUSICA\Osvaldo LA YUMBA\- PUGLIESE\Kiko pugli\Osvaldo Pugliese - 1967 - Todas sus grabaciones\10-tangueando te quiero osvaldo pugliese- cordoba - di sarli y marcó - 1967.mp3,True,True,1,False,True,False
Bandoneón Arrabalero,Osvaldo Pugliese,1994,tango,,D:\Dropbox\TDJ\MUSICA\Eva\Osvaldo Pugliese Y Su Orquesta Típica\Antología - Volumen 5\07 Osvaldo Pugliese - Instrumental _ Bandoneón Arrabalero.mp3,True,True,1,False,True,False
Universo,Osvaldo Pugliese,1994,tango,,D:\Dropbox\TDJ\MUSICA\Osvaldo LA YUMBA\- PUGLIESE\Kiko pugli\Osvaldo Pugliese - 1967 - Todas sus grabaciones\13-universo- instrumenal de libertella - 1967.mp3,True,True,1,False,True,False
Universo,Osvaldo Pugliese,1994,tango,,D:\Dropbox\TDJ\MUSICA\Eva\Osvaldo Pugliese Y Su Orquesta Típica\Antología - Volumen 5\09 Osvaldo Pugliese - Instrumental _ Universo.mp3,True,True,1,False,True,False
El Negro Cambamba,Osvaldo Pugliese,1994,tango,,D:\Dropbox\TDJ\MUSICA\Osvaldo LA YUMBA\- PUGLIESE\Kiko pugli\Osvaldo Pugliese - 1967 - Todas sus grabaciones\14-osvaldo pugliese - abel córdoba - _ el negro cambamba - pugliese y bagala - 1967.mp3,True,True,1,False,True,False
El Negro Cambamba,Osvaldo Pugliese,1994,tango,,D:\Dropbox\TDJ\MUSICA\Eva\Osvaldo Pugliese Y Su Orquesta Típica\Antología - Volumen 5\10 Osvaldo Pugliese - Abel Córdoba - _ El Negro Cambamba.mp3,True,True,1,False,True,False
El Entrerriano,Osvaldo Pugliese,1994,tango,,D:\Dropbox\TDJ\MUSICA\Eva\Osvaldo Pugliese Y Su Orquesta Típica\Antología - Volumen 5\12 Osvaldo Pugliese - Instrumental _ El Entrerriano.mp3,True,True,1,False,True,False
Muñequita,Osvaldo Pugliese,1994,tango,,D:\Dropbox\TDJ\MUSICA\Eva\Osvaldo Pugliese Y Su Orquesta Típica\Antología - Volumen 5\13 Osvaldo Pugliese - Abel Córdoba - _ Muñequita.mp3,True,True,1,False,True,False
Muñequita,Osvaldo Pugliese,1994,tango,,D:\Dropbox\TDJ\MUSICA\Osvaldo LA YUMBA\- PUGLIESE\Kiko pugli\Osvaldo Pugliese 1968 - 1969 - Todas sus grabaciones\02-osvaldo pugliese - abel córdoba - _ muñequita- de francisco lomuto - 1968.mp3,True,True,1,False,True,False
Qué Noche,Osvaldo Pugliese,1994,tango,,D:\Dropbox\TDJ\MUSICA\Eva\Osvaldo Pugliese Y Su Orquesta Típica\Antología - Volumen 5\14 Osvaldo Pugliese - Instrumental _ Qué Noche.mp3,True,True,1,False,True,False
Mi Primer Goal,Osvaldo Pugliese,1994,tango,,D:\Dropbox\TDJ\MUSICA\Eva\Osvaldo Pugliese Y Su Orquesta Típica\Antología - Volumen 5\15 Osvaldo Pugliese - Abel Córdoba - _ Mi Primer Goal.mp3,True,True,1,False,True,False
Mi Primer Goal,Osvaldo Pugliese,1994,tango,,D:\Dropbox\TDJ\MUSICA\Osvaldo LA YUMBA\- PUGLIESE\Kiko pugli\Osvaldo Pugliese 1968 - 1969 - Todas sus grabaciones\04-osvaldo pugliese - abel córdoba - _ mi primer goal(2).mp3,True,True,1,False,True,False
El Pensamiento,Osvaldo Pugliese,1994,tango,,D:\Dropbox\TDJ\MUSICA\Eva\Osvaldo Pugliese Y Su Orquesta Típica\Antología - Volumen 5\16 Osvaldo Pugliese - Instrumental _ El Pensamiento.mp3,True,True,1,False,True,False
El Pensamiento,Osvaldo Pugliese,1994,tango,,D:\Dropbox\TDJ\MUSICA\Osvaldo LA YUMBA\- PUGLIESE\Kiko pugli\Osvaldo Pugliese 1968 - 1969 - Todas sus grabaciones\05-el pensamiento - o pugliese- de martinez y garcia jimenez - 1969.mp3,True,True,1,False,True,False
El Encopao,Osvaldo Pugliese,1994,tango,,D:\Dropbox\TDJ\MUSICA\Eva\Osvaldo Pugliese Y Su Orquesta Típica\Antología - Volumen 5\17 Osvaldo Pugliese - Abel Córdoba - _ El Encopao.mp3,True,True,3,False,True,False
El marne,Osvaldo Pugliese,1994,tango,,D:\Dropbox\TDJ\MUSICA\Osvaldo LA YUMBA\- PUGLIESE\Kiko pugli\Osvaldo Pugliese 1968 - 1969 - Todas sus grabaciones\07-osvaldo pugliese - instrumental _ el marne- de arolas - 1969.mp3,True,True,1,False,True,False
El Marne,Osvaldo Pugliese,1994,tango,,D:\Dropbox\TDJ\MUSICA\Eva\Osvaldo Pugliese Y Su Orquesta Típica\Antología - Volumen 5\18 Osvaldo Pugliese - Instrumental _ El Marne.mp3,True,True,1,False,True,False
canción Para Un Niño Negro,Osvaldo Pugliese,1994,tango,,D:\Dropbox\TDJ\MUSICA\Osvaldo LA YUMBA\- PUGLIESE\Kiko pugli\Osvaldo Pugliese 1968 - 1969 - Todas sus grabaciones\08-osvaldo pugliese -abel cordoba - canción para un niño negro- de salamanca - 1969.mp3,True,True,1,False,True,False
Canción Para Un Niño Negro,Osvaldo Pugliese,1994,tango,,D:\Dropbox\TDJ\MUSICA\Eva\Osvaldo Pugliese Y Su Orquesta Típica\Antología - Volumen 6\01 Osvaldo Pugliese - Instrumental _ Canción Para Un Niño Negro.mp3,True,True,1,False,True,False
Manón,Osvaldo Pugliese,1994,tango,,D:\Dropbox\TDJ\MUSICA\Eva\Osvaldo Pugliese Y Su Orquesta Típica\Antología - Volumen 6\02 Osvaldo Pugliese - Instrumental _ Manón.mp3,True,True,1,False,True,False
A Evaristo Carriego,Osvaldo Pugliese,1994,tango,,D:\Dropbox\TDJ\MUSICA\Osvaldo LA YUMBA\- PUGLIESE\Kiko pugli\Osvaldo Pugliese 1968 - 1969 - Todas sus grabaciones\10-osvaldo pugliese - instrumental _ a evaristo carriego- de rovira-1969.mp3,True,True,2,False,True,False
A Evaristo Carriego,Osvaldo Pugliese,1994,tango,,D:\Dropbox\TDJ\MUSICA\Eva\Osvaldo Pugliese Y Su Orquesta Típica\Antología - Volumen 6\03 Osvaldo Pugliese - Instrumental _ A Evaristo Carriego.mp3,True,True,2,False,True,False
Bando,Osvaldo Pugliese,1994,tango,,D:\Dropbox\TDJ\MUSICA\Eva\Osvaldo Pugliese Y Su Orquesta Típica\Antología - Volumen 6\04 Osvaldo Pugliese - Instrumental _ Bando.mp3,True,True,1,False,True,False
Bando,Osvaldo Pugliese,1994,tango,,D:\Dropbox\TDJ\MUSICA\Osvaldo LA YUMBA\- PUGLIESE\Kiko pugli\Osvaldo Pugliese 1968 - 1969 - Todas sus grabaciones\11-osvaldo pugliese - instrumental _ bando- de piazzolla - 1969.mp3,True,True,1,False,True,False
La Biandunga,Osvaldo Pugliese,1994,tango,,D:\Dropbox\TDJ\MUSICA\Eva\Osvaldo Pugliese Y Su Orquesta Típica\Antología - Volumen 6\05 Osvaldo Pugliese - Instrumental _ La Biandunga.mp3,True,True,1,False,True,False
Zorro gris,Osvaldo Pugliese,1969-09,tango,Musica: Rafael Tuegols - Letra: Francisco García Jiménez,D:\Dropbox\TDJ\MUSICA\Eva\Osvaldo Pugliese Y Su Orquesta Típica\Antología - Volumen 6\06 Osvaldo Pugliese - Instrumental _ Zorro Gris.mp3,True,True,1,False,True,True
Tu Angustia Y Mi Dolor,Osvaldo Pugliese,1994,tango,,D:\Dropbox\TDJ\MUSICA\Eva\Osvaldo Pugliese Y Su Orquesta Típica\Antología - Volumen 6\07 Osvaldo Pugliese - Abel Córdoba _ Tu Angustia Y Mi Dolor.mp3,True,True,1,False,True,False
Tu Angustia Y Mi Dolor,Osvaldo Pugliese,1994,tango,,D:\Dropbox\TDJ\MUSICA\Osvaldo LA YUMBA\- PUGLIESE\Kiko pugli\Osvaldo Pugliese 1968 - 1969 - Todas sus grabaciones\14-tu angustia y mi dolor - tango - osvaldo pugliese con abel córdoba- de gobbi y camilloni- 1969.mp3,True,True,1,False,True,False
Gente De Teatro,Osvaldo Pugliese,1994,tango,,D:\Dropbox\TDJ\MUSICA\Osvaldo LA YUMBA\- PUGLIESE\Kiko pugli\Osvaldo Pugliese 1968 - 1969 - Todas sus grabaciones\15-osvaldo pugliese - instrumental _ gente de teatro- dde Penón- 1969.mp3,True,True,1,False,True,False
Gente De Teatro,Osvaldo Pugliese,1994,tango,,D:\Dropbox\TDJ\MUSICA\Eva\Osvaldo Pugliese Y Su Orquesta Típica\Antología - Volumen 6\08 Osvaldo Pugliese - Instrumental _ Gente De Teatro.mp3,True,True,1,False,True,False
Pavadas,Osvaldo Pugliese,1994,tango,,D:\Dropbox\TDJ\MUSICA\Eva\Osvaldo Pugliese Y Su Orquesta Típica\Antología - Volumen 6\09 Osvaldo Pugliese - Abel Córdoba _ Pavadas.mp3,True,True,1,False,True,False
Pavadas,Osvaldo Pugliese,1994,tango,,D:\Dropbox\TDJ\MUSICA\Osvaldo LA YUMBA\- PUGLIESE\Kiko pugli\Osvaldo Pugliese 1968 - 1969 - Todas sus grabaciones\16-osvaldo pugliese - abel córdoba _ pavadas - de camilloni-Isusi-Demarco- 1969.mp3,True,True,1,False,True,False
La Última Cita,Osvaldo Pugliese,1994,tango,,D:\Dropbox\TDJ\MUSICA\Eva\Osvaldo Pugliese Y Su Orquesta Típica\Antología - Volumen 6\10 Osvaldo Pugliese - Instrumental _ La Última Cita.mp3,True,True,1,False,True,False
Te Quiero Como Te Quiero,Osvaldo Pugliese,1994,tango,,D:\Dropbox\TDJ\MUSICA\Eva\Osvaldo Pugliese Y Su Orquesta Típica\Antología - Volumen 6\11 Osvaldo Pugliese - Abel Córdoba _ Te Quiero Como Te Quiero.mp3,True,True,1,False,True,False
Te Quiero Como Te Quiero,Osvaldo Pugliese,1994,tango,,D:\Dropbox\TDJ\MUSICA\Osvaldo LA YUMBA\- PUGLIESE\Kiko pugli\Osvaldo Pugliese 1968 - 1969 - Todas sus grabaciones\18-osvaldo pugliese - abel córdoba _ te quiero como te quiero.mp3,True,True,1,False,True,False
Balada Para Un Loco,Osvaldo Pugliese,1994,tango,,D:\Dropbox\TDJ\MUSICA\Eva\Osvaldo Pugliese Y Su Orquesta Típica\Antología - Volumen 6\12 Osvaldo Pugliese - Instrumental _ Balada Para Un Loco.mp3,True,True,1,False,True,False
Taconeando,Osvaldo Pugliese,1994,tango,,D:\Dropbox\TDJ\MUSICA\Eva\Osvaldo Pugliese Y Su Orquesta Típica\Antología - Volumen 6\13 Osvaldo Pugliese - Instrumental _ Taconeando.mp3,True,True,1,False,True,False
Sentimental Y Canyengue,Osvaldo Pugliese,1994,tango,,D:\Dropbox\TDJ\MUSICA\Eva\Osvaldo Pugliese Y Su Orquesta Típica\Antología - Volumen 6\14 Osvaldo Pugliese - Instrumental _ Sentimental Y Canyengue.mp3,True,True,1,False,True,False
Lágrimas,Osvaldo Pugliese,1994,tango,,D:\Dropbox\TDJ\MUSICA\Eva\Osvaldo Pugliese Y Su Orquesta Típica\Antología - Volumen 6\15 Osvaldo Pugliese - Instrumental _ Lágrimas.mp3,True,True,1,False,True,False
Hasta El Último Tren,Osvaldo Pugliese,1994,tango,,D:\Dropbox\TDJ\MUSICA\Eva\Osvaldo Pugliese Y Su Orquesta Típica\Antología - Volumen 6\16 Osvaldo Pugliese - Abel Córdoba _ Hasta El Último Tren.mp3,True,True,1,False,True,False
Farolito De Mi Barrio,Osvaldo Pugliese,1994,tango,,D:\Dropbox\TDJ\MUSICA\Osvaldo LA YUMBA\- PUGLIESE\Kiko pugli\Osvaldo Pugliese - 1970 - 1972 - Todas sus grabaciones\06-plugiese-farolito de mi barrio- instrumental de Pontier y De Grandis - 1970.mp3,True,True,1,False,True,False
Farolito De Mi Barrio,Osvaldo Pugliese,1994,tango,,D:\Dropbox\TDJ\MUSICA\Eva\Osvaldo Pugliese Y Su Orquesta Típica\Antología - Volumen 6\17 Osvaldo Pugliese - Instrumental _ Farolito De Mi Barrio.mp3,True,True,1,False,True,False
Nostalgico.Mp3,Osvaldo Pugliese,,tango,,D:\Dropbox\TDJ\MUSICA\Osvaldo LA YUMBA\- PUGLIESE\Kiko pugli\Osvaldo Pugliese - 1962 - 1963 - Todas sus grabaciones\07-nostálgico - 01-01-62-instrumental de julian plaza.mp3,True,False,0,False,True,False
Norteño,Osvaldo Pugliese,1964-07,tango,Musica: Emilio Balcarce,D:\Dropbox\TDJ\MUSICA\Eduardo\6\17 Norteño.mp3,True,True,1,False,True,True
Gente de teatro,Osvaldo Pugliese,1969-10,tango,Musica: ? - Letra: ?,D:\Dropbox\TDJ\MUSICA\Eduardo\2\08 Gente De Teatro.mp3,True,True,1,False,True,True
La última cita,Osvaldo Pugliese,1969-11,tango,Musica: Agustín Bardi - Letra: Francisco García Jiménez,D:\Dropbox\TDJ\MUSICA\Eduardo\2\10 La Ultima Cita.mp3,True,True,1,False,True,True
Sentimental y canyengue,Osvaldo Pugliese,1970-06,tango,Musica: Víctor Felice y Leopoldo Federico,D:\Dropbox\TDJ\MUSICA\Eduardo\6\14 Sentimental Y Canyengue.mp3,True,True,1,False,True,True
Farolito de mi barrio,Osvaldo Pugliese,1970-07,tango,Musica: Enrique Pollet - Letra: José De Grandis,D:\Dropbox\TDJ\MUSICA\Eduardo\6\17 Farolito De Mi Barrio.mp3,True,True,1,False,True,True
Zorro gris,Osvaldo Pugliese,1969-09,tango,Musica: Rafael Tuegols - Letra: Francisco García Jiménez,D:\Dropbox\TDJ\MUSICA\Osvaldo LA YUMBA\- PUGLIESE\Kiko pugli\Osvaldo Pugliese 1968 - 1969 - Todas sus grabaciones\13- zorro gris- osvaldo pugliese - de tuegols - 1969.mp3,True,True,1,False,True,True
Catuzo,Osvaldo Pugliese,1949-12-07,tango,Musica: Osvaldo Ruggiero,D:\Dropbox\TDJ\MUSICA\Eduardo\7\05 Catuzo.mp3,True,True,1,False,True,True
Pastoral,Osvaldo Pugliese,1950-05-03,tango,Musica: Juan Caldarella,D:\Dropbox\TDJ\MUSICA\Eduardo\2\07 Pastoral.mp3,True,True,1,False,True,True
Don Aniceto,Osvaldo Pugliese,1950-07-26,tango,Musica: Esteban Gilardi,D:\Dropbox\TDJ\MUSICA\Eduardo\2\08 Don Aniceto.mp3,True,True,1,False,True,True
El tobiano,Osvaldo Pugliese,1950-10-24,tango,Musica: Emilio Balcarce,D:\Dropbox\TDJ\MUSICA\Eduardo\2\09 El Tobiano.mp3,True,True,1,False,True,True
Bien milonga,Osvaldo Pugliese,1951-07-31,tango,Musica: Ismael Spitalnik,D:\Dropbox\TDJ\MUSICA\Eduardo\2\10 Bien Milonga.mp3,True,True,1,False,True,True
El refrán,Osvaldo Pugliese,1951-10-02,tango,Musica: Roberto Peppe,D:\Dropbox\TDJ\MUSICA\Eduardo\2\11 El Refran.mp3,True,True,1,False,True,True
Mi lamento,Osvaldo Pugliese,1954-03-17,tango,Musica: Julio Carrasco,D:\Dropbox\TDJ\MUSICA\Eduardo\2\12 Mi Lamento.mp3,True,True,1,False,True,True
A Roberto Pepe,Osvaldo Pugliese,1956,tango,E. Gilardi,D:\Dropbox\TDJ\MUSICA\Eduardo\sc1\14 A Roberto Pepe.mp3,True,True,1,False,True,False
Yunta de oro,Osvaldo Pugliese,1957-10-25,tango,Musica: Osvaldo Ruggiero,D:\Dropbox\TDJ\MUSICA\Eduardo\6\17 Yunta De Oro.mp3,True,True,1,False,True,True
Seguime si podés,Osvaldo Pugliese,1953-10-06,tango,Musica: Alejandro Scarpino y Juan Caldarella - Letra: Antonio Anselmi,D:\Dropbox\TDJ\MUSICA\Eduardo\6\15 Seguime Si Podes     - esu128 ok.mp3,True,True,1,False,True,True
Chiqué,Osvaldo Pugliese,1953-05-28,tango,Musica: Ricardo Luis Brignolo - Letra: Ricardo Brignolo,D:\Dropbox\TDJ\MUSICA\Eduardo\3\Chiqué    1RR- esu320 ok 1.mp3,True,True,1,False,True,True
La rayuela,Osvaldo Pugliese,1953-11-25,tango,Musica: Julio De Caro,D:\Dropbox\TDJ\MUSICA\Eduardo\5\La Rayuela   1 - esu133 ok.mp3,True,True,1,False,True,True
Si sos brujo,Osvaldo Pugliese,1952-10-09,tango,Musica: Emilio Balcarce,D:\Dropbox\TDJ\MUSICA\Eduardo\7\05 Si Sos Brujo    1 - esu128 ok.mp3,True,True,1,False,True,True
Para dos,Osvaldo Pugliese,1952-05-06,tango,Musica: Osvaldo Ruggiero,D:\Dropbox\TDJ\MUSICA\Eduardo\1\01 Para Dos             -        5_3.mp3,True,True,1,False,True,True
Entrador,Osvaldo Pugliese,1952-05-06,tango,Musica: Mario Demarco,D:\Dropbox\TDJ\MUSICA\Eduardo\1\02 Entrador.mp3,True,True,1,False,True,True
La Tupungatina,Osvaldo Pugliese,1952,tango,C. Tapia,D:\Dropbox\TDJ\MUSICA\Eduardo\sc1\03 La Tupungatina         -        3.mp3,True,True,2,False,True,False
El embrollo,Osvaldo Pugliese,1952-11-13,tango,Musica: Esteban Gilardi,D:\Dropbox\TDJ\MUSICA\Eduardo\2\07 El Embrollo.mp3,True,True,1,False,True,True
Seguime si podés,Osvaldo Pugliese,1953-10-06,tango,Musica: Alejandro Scarpino y Juan Caldarella - Letra: Antonio Anselmi,D:\Dropbox\TDJ\MUSICA\Eduardo\6\15 Seguime Si Podes.mp3,True,True,1,False,True,True
La rayuela,Osvaldo Pugliese,1953-11-25,tango,Musica: Julio De Caro,D:\Dropbox\TDJ\MUSICA\Eduardo\6\17 La Rayuela.mp3,True,True,1,False,True,True
Desde el alma,Osvaldo Pugliese,1979-12-27,tango vals,Musica: Rosita Melo - Letra: Homero Manzi y Víctor Piuma Vélez,D:\Dropbox\TDJ\MUSICA\Eduardo\6\20 Desde El Alma.mp3,False,False,1,False,False,True
Recuerdo,Osvaldo Pugliese,1944-03-31,tango,Musica: Osvaldo Pugliese - Letra: Eduardo Moreno,D:\Dropbox\TDJ\MUSICA\Edmundo\Pugliese\Osvaldo Pugliese - Recuerdo.mp3,True,True,1,False,True,True
La yumba,Osvaldo Pugliese,1952-11-13,tango,Musica: Osvaldo Pugliese,D:\Dropbox\TDJ\MUSICA\Edmundo\Pugliese\Osvaldo Pugliese - La Yumba.mp3,True,True,1,False,True,True
Chiqué,Osvaldo Pugliese,1953-05-28,tango,Musica: Ricardo Luis Brignolo - Letra: Ricardo Brignolo,D:\Dropbox\TDJ\MUSICA\Edmundo\Pugliese\Osvaldo Pugliese - Chiqué.mp3,True,True,1,False,True,True
Emancipación,Osvaldo Pugliese,1955-09-02,tango,Musica: Alfredo Bevilacqua,D:\Dropbox\TDJ\MUSICA\Edmundo\Pugliese\Osvaldo Pugliese - Emancipación.mp3,True,True,1,False,True,True
Desde el alma,Osvaldo Pugliese,1979-12-27,tango vals,Musica: Rosita Melo - Letra: Homero Manzi y Víctor Piuma Vélez,D:\Dropbox\TDJ\MUSICA\Edmundo\Pugliese\Osvaldo Pugliese - Desde El Alma.mp3,False,False,1,False,False,True
Mala junta,Osvaldo Pugliese,1995,tango,,D:\Dropbox\TDJ\MUSICA\Dan\Pugliese\Ausencia\Pugliese_Ausencia - 02 - Mala junta.flac,True,True,3,False,True,False
Recuerdo,Osvaldo Pugliese,1995,tango,,D:\Dropbox\TDJ\MUSICA\Dan\Pugliese\Ausencia\Pugliese_Ausencia - 03 - Recuerdo.flac,True,True,4,False,True,False
La yumba,Osvaldo Pugliese,1995,tango,,D:\Dropbox\TDJ\MUSICA\Dan\Pugliese\Ausencia\Pugliese_Ausencia - 06 - La yumba.flac,True,True,3,False,True,False
Chiqué,Osvaldo Pugliese,1995,tango,,D:\Dropbox\TDJ\MUSICA\Dan\Pugliese\Ausencia\Pugliese_Ausencia - 09 - Chiqué.flac,True,True,2,False,True,False
Emancipación,Osvaldo Pugliese,1995,tango,,D:\Dropbox\TDJ\MUSICA\Dan\Pugliese\Ausencia\Pugliese_Ausencia - 12 - Emancipación.flac,True,True,1,False,True,False
Nochero soy,Osvaldo Pugliese,1995,tango,,D:\Dropbox\TDJ\MUSICA\Dan\Pugliese\Ausencia\Pugliese_Ausencia - 16 - Nochero soy.flac,True,True,1,False,True,False
La mariposa,Osvaldo Pugliese,1995,tango,,D:\Dropbox\TDJ\MUSICA\Dan\Pugliese\Ausencia\Pugliese_Ausencia - 17 - La mariposa.flac,True,True,2,False,True,False
La beba,Osvaldo Pugliese,1995,tango,,D:\Dropbox\TDJ\MUSICA\Dan\Pugliese\Ausencia\Pugliese_Ausencia - 18 - La beba.flac,True,True,1,False,True,False
Arrabal,Osvaldo Pugliese,1995,tango,,D:\Dropbox\TDJ\MUSICA\Dan\Pugliese\Ausencia\Pugliese_Ausencia - 19 - Arrabal.flac,True,True,3,False,True,False
Desde el alma,Osvaldo Pugliese,1979-12-27,tango vals,Musica: Rosita Melo - Letra: Homero Manzi y Víctor Piuma Vélez,D:\Dropbox\TDJ\MUSICA\Edmundo\Pugliese\Pugliese_Ausencia - 20 - Desde el alma.flac,True,True,1,False,True,True
Desde el alma,Osvaldo Pugliese,1995,tango vals,,D:\Dropbox\TDJ\MUSICA\Dan\Pugliese\Ausencia\Pugliese_Ausencia - 20 - Desde el alma.flac,True,True,2,False,True,False
La biandunga,Osvaldo Pugliese,1969-08,tango,Musica: Osvaldo Pugliese,D:\Dropbox\TDJ\MUSICA\Osvaldo LA YUMBA\- PUGLIESE\Kiko pugli\Osvaldo Pugliese 1968 - 1969 - Todas sus grabaciones\12-la biandunga- de pugliese - 1969.mp3,True,True,1,False,True,True
Qué noche,Osvaldo Pugliese,1968-12,tango,Musica: Agustín Bardi,D:\Dropbox\TDJ\MUSICA\Osvaldo LA YUMBA\- PUGLIESE\Kiko pugli\Osvaldo Pugliese 1968 - 1969 - Todas sus grabaciones\03 que noche- bardi - 1968.mp3,True,True,1,False,True,True
A los artistas plásticos,Osvaldo Pugliese,1965-04,tango,Musica: Osvaldo Pugliese,D:\Dropbox\TDJ\MUSICA\Osvaldo LA YUMBA\- PUGLIESE\- PUGLI  -  Instru\PUGLIESE       A LOS ARTISTAS PLASTICOS pug.mp3,True,True,1,False,True,True
Bordoneo y novecientos,Osvaldo Pugliese,1962-08,tango milonga,Musica: Osvaldo Ruggiero,D:\Dropbox\TDJ\MUSICA\Osvaldo LA YUMBA\- PUGLIESE\PUGLIESE       BORDONEO Y 900 pug.mp3,True,True,1,False,True,True
La mariposa,Osvaldo Pugliese,2000,tango,,D:\Dropbox\TDJ\MUSICA\Osvaldo LA YUMBA\- PUGLIESE\PUGLIESE       la mariposa.mp3,True,True,2,False,True,False
A Evaristo Carriego,Osvaldo Pugliese,1969-07,tango,Musica: Eduardo Rovira,D:\Dropbox\TDJ\MUSICA\Eduardo\5\01 A Evaristo Carriego.mp3,True,True,1,False,True,True
A Los Artisitas Plásticos,Osvaldo Pugliese,1965,tango,O. Pugliese,D:\Dropbox\TDJ\MUSICA\Eduardo\sc2\02 A Los Artisitas Plásticos.mp3,True,True,1,False,True,False
Adiós Nonino,Osvaldo Pugliese,1961,tango,A. Piazzolla - E. Blázquez,D:\Dropbox\TDJ\MUSICA\Eduardo\sc1\04 Adiós Nonino.mp3,True,True,6,False,True,False
El Entrerriano,Osvaldo Pugliese,1969,tango,R. Mendizábal - E. Temes,D:\Dropbox\TDJ\MUSICA\Eduardo\sc2\05 El Entrerriano.mp3,True,True,1,False,True,False
Balada para un loco,Osvaldo Pugliese,1970-05,tango,Musica: Astor Piazzolla - Letra: Horacio Ferrer,D:\Dropbox\TDJ\MUSICA\Eduardo\7\06 Balada Para Un Loco.mp3,True,True,1,False,True,True
Bordoneo y novecientos,Osvaldo Pugliese,1962-08,tango milonga,Musica: Osvaldo Ruggiero,D:\Dropbox\TDJ\MUSICA\Eduardo\2\07 Bordoneo Y 900.mp3,True,True,1,False,True,True
Buenos Aires-Tokyo,Osvaldo Pugliese,1965,tango,J. Plaza,D:\Dropbox\TDJ\MUSICA\Eduardo\sc1\08 Buenos Aires-Tokyo.mp3,True,True,6,False,True,False
Cabulero,Osvaldo Pugliese,1962-04,tango,Musica: Leopoldo Federico - Letra: Manuel Ceferino Flores,D:\Dropbox\TDJ\MUSICA\Eduardo\2\09 Cabulero.mp3,True,True,1,False,True,True
Qué noche,Osvaldo Pugliese,1968-12,tango,Musica: Agustín Bardi,D:\Dropbox\TDJ\MUSICA\Eduardo\6\19 Que Noche!.mp3,True,True,1,False,True,True
La mariposa,Osvaldo Pugliese,1949,tango,P. Maffia - C. E. Flores,D:\Dropbox\TDJ\MUSICA\Eduardo\sc2\17 La Mariposa            -.mp3,True,True,2,False,True,False
La mariposa,Osvaldo Pugliese,1949,tango,,D:\Dropbox\TDJ\MUSICA\Eduardo\sc1\La Mariposa RR   1 - esu154.mp3,True,True,2,False,True,False
El tobiano,Osvaldo Pugliese,1950-10-24,tango,Musica: Emilio Balcarce,D:\Dropbox\TDJ\MUSICA\Osvaldo LA YUMBA\- PUGLIESE\Kiko pugli\Osvaldo Pugliese - 1950 - Todas sus grabaciones\11 - osvaldo pugliese - instrumental - el tobiano (Sitano)- 1950.mp3,True,True,1,False,True,True
Mi lamento,Osvaldo Pugliese,1954-03-17,tango,Musica: Julio Carrasco,D:\Dropbox\TDJ\MUSICA\Osvaldo LA YUMBA\- PUGLIESE\Kiko pugli\Osvaldo Pugliese - 1953 - 1954 - Todas sus grabaciones\13- osvaldo pugliese - mi lamento - instrumental de Julio Carrasco - 1954.mp3,True,True,1,False,True,True
Pastoral,Osvaldo Pugliese,1950-05-03,tango,Musica: Juan Caldarella,D:\Dropbox\TDJ\MUSICA\Osvaldo LA YUMBA\- PUGLIESE\Kiko pugli\Osvaldo Pugliese - 1950 - Todas sus grabaciones\05-osvaldo pugliese - instrumental - pastoral - jorge caldara - 1950.mp3,True,True,1,False,True,True
Patético,Osvaldo Pugliese,1948-04-06,tango,Musica: Jorge Caldara,D:\Dropbox\TDJ\MUSICA\Edmundo\Pugliese\Osvaldo Pugliese - Patético.flac,False,False,1,False,False,True
Mi fuelle rezonga,Osvaldo Pugliese,1954-12-13,tango,Musica: Pedro Toscano,D:\Dropbox\TDJ\MUSICA\Osvaldo LA YUMBA\- PUGLIESE\Kiko pugli\Osvaldo Pugliese - 1953 - 1954 - Todas sus grabaciones\24-mi fuelle rezonga- pugliese- instrumental de pedro toscano - 1954.mp3,True,True,1,False,True,True
Mala junta,Osvaldo Pugliese,,tango,,D:\Dropbox\TDJ\MUSICA\Eva\Compilations\Colecccion M. Orlando\08 Mala Junta 1.m4a,True,True,3,False,True,False
Mala junta,Osvaldo Pugliese,,tango,,D:\Dropbox\TDJ\MUSICA\Eva\Compilations\Colecccion M. Orlando\08 Mala Junta.m4a,True,True,3,False,True,False
Derecho viejo,Osvaldo Pugliese,1945-05-28,tango,Musica: Eduardo Arolas - Letra: Gabriel Clausi,D:\Dropbox\TDJ\MUSICA\Eva\Compilations\Colecccion M. Orlando\09 Derecho Viejo.m4a,True,True,1,False,True,True
Derecho viejo,Osvaldo Pugliese,1945-05-28,tango,Musica: Eduardo Arolas - Letra: Gabriel Clausi,D:\Dropbox\TDJ\MUSICA\Eva\Compilations\Colecccion M. Orlando\09 Derecho Viejo 1.m4a,True,True,1,False,True,True
Recuerdo,Osvaldo Pugliese,,tango,,D:\Dropbox\TDJ\MUSICA\Eva\Compilations\Colecccion M. Orlando\10 Recuerdo 1.m4a,True,True,4,False,True,False
Recuerdo,Osvaldo Pugliese,,tango,,D:\Dropbox\TDJ\MUSICA\Eva\Compilations\Colecccion M. Orlando\10 Recuerdo.m4a,True,True,4,False,True,False
El remate,Osvaldo Pugliese,1944-06-01,tango,Musica: Alberto Pugliese,D:\Dropbox\TDJ\MUSICA\Eva\Compilations\Colecccion M. Orlando\11 El Remate.m4a,True,True,1,False,True,True
El remate,Osvaldo Pugliese,1944-06-01,tango,Musica: Alberto Pugliese,D:\Dropbox\TDJ\MUSICA\Eva\Compilations\Colecccion M. Orlando\11 El Remate 1.m4a,True,True,1,False,True,True
Parlamento,Osvaldo Pugliese,1979-12-27,tango,Musica: Julio De Caro - Letra: Richard Russo,D:\Dropbox\TDJ\MUSICA\Eduardo\7\06 Parlamento.mp3,True,True,1,False,True,True
La Tupungatita  Osvalod Pugliese,Osvaldo Pugliese,,tango,,D:\Dropbox\TDJ\MUSICA\Eva\Compilations\Coleccion M. Orlando Vol 4\01 La Tupungatita  Osvalod Pugliese.m4a,True,False,0,False,True,False
El embrollo,Osvaldo Pugliese,1952-11-13,tango,Musica: Esteban Gilardi,D:\Dropbox\TDJ\MUSICA\Eva\Compilations\Coleccion M. Orlando Vol 4\02 El Embrollo  Osvaldo Pugliese.m4a,True,True,1,False,True,True
Chiqué,Osvaldo Pugliese,,tango,,D:\Dropbox\TDJ\MUSICA\Eva\Compilations\Coleccion M. Orlando Vol 4\03 Chique  Osvaldo Pugliese.m4a,True,True,2,False,True,False
La rayuela,Osvaldo Pugliese,1953-11-25,tango,Musica: Julio De Caro,D:\Dropbox\TDJ\MUSICA\Eva\Compilations\Coleccion M. Orlando Vol 4\04 La Rayuela  Osvaldo Pugliese.m4a,True,True,1,False,True,True
La Yumba,Osvaldo Pugliese,,tango,,D:\Dropbox\TDJ\MUSICA\Eva\Compilations\Coleccion M. Orlando Vol 8\04 La Yumba Osvaldo Pugliese.m4a,True,True,3,False,True,False
La Yumba,Osvaldo Pugliese,,tango,,D:\Dropbox\TDJ\MUSICA\Eva\Compilations\Coleccion M. Orlando Vol 8\04 La Yumba 1.m4a,True,True,3,False,True,False
Gallo ciego,Osvaldo Pugliese,1959-07-23,tango,Musica: Agustin Bardi,D:\Dropbox\TDJ\MUSICA\Eva\Compilations\Coleccion M. Orlando Vol 8\05 Gallo Ciego  Osvaldo Pugliese.m4a,True,True,1,False,True,True
Gallo ciego,Osvaldo Pugliese,1959-07-23,tango,Musica: Agustin Bardi,D:\Dropbox\TDJ\MUSICA\Eva\Compilations\Coleccion M. Orlando Vol 8\05 Gallo Ciego 1.m4a,True,True,1,False,True,True
Emancipación,Osvaldo Pugliese,1955-09-02,tango,Musica: Alfredo Bevilacqua,D:\Dropbox\TDJ\MUSICA\Eva\Compilations\Coleccion M. Orlando Vol 8\06 Emancipacion 1.m4a,True,True,1,False,True,True
Emancipación,Osvaldo Pugliese,1955-09-02,tango,Musica: Alfredo Bevilacqua,D:\Dropbox\TDJ\MUSICA\Eva\Compilations\Coleccion M. Orlando Vol 8\06 Emancipacion  Osvaldo Pugliese.m4a,True,True,1,False,True,True
La mariposa,Osvaldo Pugliese,,tango,,D:\Dropbox\TDJ\MUSICA\Eva\Compilations\Coleccion M. Orlando Vol 8\07 La Mariposa  Osvaldo Pugliese.m4a,True,True,2,False,True,False
La mariposa,Osvaldo Pugliese,,tango,,D:\Dropbox\TDJ\MUSICA\Eva\Compilations\Coleccion M. Orlando Vol 8\07 La Mariposa 1.m4a,True,True,2,False,True,False
El Entrerriano - Pugliese - De Mendizabal- 1968,Osvaldo Pugliese,,tango,,D:\Dropbox\TDJ\MUSICA\Osvaldo LA YUMBA\- PUGLIESE\Kiko pugli\Osvaldo Pugliese 1968 - 1969 - Todas sus grabaciones\01 el entrerriano - pugliese - de mendizabal- 1968.mp3,True,True,3,False,True,False
Punto y coma,Osvaldo Pugliese,1948-09-13,tango,Musica: José Martínez,D:\Dropbox\TDJ\MUSICA\Eduardo\4\Punto Y Coma.mp3,True,True,1,False,True,True
Copacabana (Nido De Amor),Osvaldo Pugliese,1985,tango,J. De Caro - A. Rubio Penades,D:\Dropbox\TDJ\MUSICA\Eduardo\sc1\12 Copacabana (Nido De Amor).mp3,True,True,2,False,True,False
Tierra querida,Osvaldo Pugliese,1944-07-06,tango,Musica: Julio De Caro - Letra: Luis Diaz,D:\Dropbox\TDJ\MUSICA\Dan\Pugliese\De Caro por Pugliese\Osvaldo Pugliese_De Caro por Pugliese - 01 - Tierra querida.flac,True,True,1,False,True,True
Mala junta,Osvaldo Pugliese,1996,tango,,D:\Dropbox\TDJ\MUSICA\Dan\Pugliese\De Caro por Pugliese\Osvaldo Pugliese_De Caro por Pugliese - 02 - Mala junta.flac,True,True,3,False,True,False
El monito,Osvaldo Pugliese,1945-06-12,tango,Musica: Julio De Caro - Letra: Juan Carlos Marambio Catán,D:\Dropbox\TDJ\MUSICA\Dan\Pugliese\De Caro por Pugliese\Osvaldo Pugliese_De Caro por Pugliese - 03 - El monito.flac,True,True,1,False,True,True
El arranque,Osvaldo Pugliese,1944-08-22,tango,Musica: Julio De Caro - Letra: Mario César Gomila,D:\Dropbox\TDJ\MUSICA\Dan\Pugliese\De Caro por Pugliese\Osvaldo Pugliese_De Caro por Pugliese - 04 - El arranque.flac,True,True,1,False,True,True
Orgullo criollo,Osvaldo Pugliese,1956-06-21,tango,Musica: Julio De Caro y Pedro Laurenz,D:\Dropbox\TDJ\MUSICA\Dan\Pugliese\De Caro por Pugliese\Osvaldo Pugliese_De Caro por Pugliese - 05 - Orgullo criollo.flac,True,True,1,False,True,True
Boedo,Osvaldo Pugliese,1948-07-14,tango,Musica: Julio De Caro - Letra: Dante A. Linyera,D:\Dropbox\TDJ\MUSICA\Dan\Pugliese\De Caro por Pugliese\Osvaldo Pugliese_De Caro por Pugliese - 06 - Boedo.flac,True,True,1,False,True,True
La rayuela,Osvaldo Pugliese,1953-11-25,tango,Musica: Julio De Caro,D:\Dropbox\TDJ\MUSICA\Dan\Pugliese\De Caro por Pugliese\Osvaldo Pugliese_De Caro por Pugliese - 07 - La rayuela.flac,True,True,1,False,True,True
Mala estampa (Mala pinta),Osvaldo Pugliese,1996,tango,,D:\Dropbox\TDJ\MUSICA\Dan\Pugliese\De Caro por Pugliese\Osvaldo Pugliese_De Caro por Pugliese - 08 - Mala estampa (Mala pinta).flac,True,True,1,False,True,False
Tiny,Osvaldo Pugliese,1945-12-18,tango,Musica: Pedro Maffia y Julio De Caro,D:\Dropbox\TDJ\MUSICA\Dan\Pugliese\De Caro por Pugliese\Osvaldo Pugliese_De Caro por Pugliese - 09 - Tiny.flac,True,True,1,False,True,True
Buen amigo,Osvaldo Pugliese,1958-03-26,tango,Musica: Julio De Caro - Letra: Juan Carlos Marambio Catan,D:\Dropbox\TDJ\MUSICA\Dan\Pugliese\De Caro por Pugliese\Osvaldo Pugliese_De Caro por Pugliese - 10 - Buen amigo.flac,True,True,1,False,True,True
Parlamento,Osvaldo Pugliese,1979-12-27,tango,Musica: Julio De Caro - Letra: Richard Russo,D:\Dropbox\TDJ\MUSICA\Dan\Pugliese\De Caro por Pugliese\Osvaldo Pugliese_De Caro por Pugliese - 11 - Parlamento.flac,True,True,1,False,True,True
Copacabana (Nido de amor),Osvaldo Pugliese,1985-06-28,tango,Musica: Julio De Caro - Letra: Antonio Rubio Penadés,D:\Dropbox\TDJ\MUSICA\Dan\Pugliese\De Caro por Pugliese\Osvaldo Pugliese_De Caro por Pugliese - 12 - Copacabana.flac,True,True,1,False,True,True
Patético,Osvaldo Pugliese,1948-04-06,tango,Musica: Jorge Caldara,D:\Dropbox\TDJ\MUSICA\Edmundo\Pugliese\Osvaldo Pugliese - Patético.mp3,True,True,1,False,True,True
Recuerdo  Maciel,Osvaldo Pugliese,2000,tango,Osvaldo Pugliese,D:\Dropbox\TDJ\MUSICA\Osvaldo LA YUMBA\- PUGLIESE\- PUGLI  -  Instru\PUGLIESE\PUGLIESE       Recuerdo  MACIEL.WMA,True,True,5,False,True,False
De floreo,Osvaldo Pugliese,1950-03-29,tango,Musica: Julio Carrasco,D:\Dropbox\TDJ\MUSICA\Edmundo\Pugliese\Osvaldo Pugliese - De floreo.mp3,True,True,1,False,True,True
Donde Estas-Jorge Maciel-1959,Osvaldo Pugliese,1997,tango,,D:\Dropbox\TDJ\MUSICA\Osvaldo LA YUMBA\- PUGLIESE\Kiko pugli\Osvaldo Pugliese - 1959 - Todas sus grabaciones\12-dónde estás - jorge maciel-jose bohr y sucher-1959.mp3,True,True,5,False,True,False
Seguime si podés,Osvaldo Pugliese,1953-10-06,tango,Musica: Alejandro Scarpino y Juan Caldarella - Letra: Antonio Anselmi,D:\Dropbox\TDJ\MUSICA\Osvaldo LA YUMBA\- PUGLIESE\Kiko pugli\Osvaldo Pugliese - 1953 - 1954 - Todas sus grabaciones\07-seguime si podes-instrumental-1953 de Caldarella-Scarpino y Anselmi.mp3,True,True,1,False,True,True
Volver-Adrian Guida-1981,Osvaldo Pugliese,1997,tango,,D:\Dropbox\TDJ\MUSICA\Osvaldo LA YUMBA\- PUGLIESE\Kiko pugli\Osvaldo Pugliese - 1981 - 1982 - Todas sus grabaciones\06-volver-adrian guida-1981- gardel y le pera.mp3,True,True,2,False,True,False
Para dos,Osvaldo Pugliese,1952-05-06,tango,Musica: Osvaldo Ruggiero,D:\Dropbox\TDJ\MUSICA\Eva\Osvaldo Pugliese & Su Orquesta Típica\Dos Maestros... Dos Estilos - Osvaldo Pugliese - Alfredo De Angelis\01 022  PARA DOS  OSVALDO PUGLIESE.mp3,True,True,1,False,True,True
El rodeo,Osvaldo Pugliese,1943-07-15,tango,Musica: Agustín Bardi,D:\Dropbox\TDJ\MUSICA\Osvaldo LA YUMBA\- PUGLIESE\- PUGLI  -  Instru\Osvaldo Pugliese-El Rodeo [Instrumental].wma,False,False,1,False,False,True
Mala junta,Osvaldo Pugliese,2006,tango,J.M. Velich,D:\Dropbox\TDJ\MUSICA\Osvaldo LA YUMBA\- PUGLIESE\- PUGLI  -  Instru\PUGLIESE\Osvaldo Pugliese-Mala junta.wma,True,True,3,False,True,False
Recuerdo,Osvaldo Pugliese,2006,tango,Osvaldo Pugliese,D:\Dropbox\TDJ\MUSICA\Osvaldo LA YUMBA\- PUGLIESE\- PUGLI  -  Instru\PUGLIESE\Osvaldo Pugliese-Recuerdo [Instrumental].wma,True,True,4,False,True,False
Amurado,Osvaldo Pugliese,1944-11-24,tango,Musica: Pedro Maffia y Pedro Laurenz - Letra: José De Grandis,D:\Dropbox\TDJ\MUSICA\Osvaldo LA YUMBA\- PUGLIESE\- PUGLI  -  Instru\PUGLIESE\Osvaldo Pugliese-Amurado.wma,False,False,1,False,False,True
La Yumba,Osvaldo Pugliese,2006,tango,Osvaldo Pugliese,D:\Dropbox\TDJ\MUSICA\Osvaldo LA YUMBA\- PUGLIESE\- PUGLI  -  Instru\PUGLIESE\Osvaldo Pugliese-La Yumba [Instrumental].wma,True,True,3,False,True,False
N...N...,Osvaldo Pugliese,2006,tango,Osvaldo Pugliese,D:\Dropbox\TDJ\MUSICA\Osvaldo LA YUMBA\- PUGLIESE\- PUGLI  -  Instru\PUGLIESE\Osvaldo Pugliese-N...N... [Instrumental].wma,True,False,0,False,True,False
Patético,Osvaldo Pugliese,1948-04-06,tango,Musica: Jorge Caldara,D:\Dropbox\TDJ\MUSICA\Osvaldo LA YUMBA\- PUGLIESE\- PUGLI  -  Instru\Osvaldo Pugliese-Patético [Instrumental].wma,False,False,1,False,False,True
Negracha,Osvaldo Pugliese,1948-06-24,tango,Musica: Osvaldo Pugliese,D:\Dropbox\TDJ\MUSICA\Osvaldo LA YUMBA\- PUGLIESE\- PUGLI  -  Instru\Osvaldo Pugliese-Negracha [Instrumental].wma,False,False,1,False,False,True
Malandraca,Osvaldo Pugliese,1949-05-31,tango,Musica: Osvaldo Pugliese,D:\Dropbox\TDJ\MUSICA\Osvaldo LA YUMBA\- PUGLIESE\- PUGLI  -  Instru\PUGLIESE\Osvaldo Pugliese-Malandraca [Instrumental].wma,False,False,1,False,False,True
Descorazonado,Osvaldo Pugliese / Alberto Moran,1949-10-25,tango,Musica: Oscar Herrero - Letra: Marvil,D:\Dropbox\TDJ\MUSICA\Osvaldo LA YUMBA\- PUGLIESE\- PUGLI  -  Instru\PUGLIESE\24 Descorazonado.wma,False,False,1,False,False,True
Testamento de arrabal,Osvaldo Pugliese / Jorge Vidal,1949-12-07,tango,Musica: Oscar Castagniaro - Letra: Raúl Hormaza,D:\Dropbox\TDJ\MUSICA\Osvaldo LA YUMBA\- PUGLIESE\- Pugliese  cantado\Testamento de Arrabal.wma,False,False,1,False,False,True
De floreo,Osvaldo Pugliese,1950-03-29,tango,Musica: Julio Carrasco,D:\Dropbox\TDJ\MUSICA\Osvaldo LA YUMBA\- PUGLIESE\- PUGLI  -  Instru\Osvaldo Pugliese-De Floreo [Instrumental].wma,False,False,1,False,False,True
El japanga,Osvaldo Pugliese,1978-12-20,tango,Musica: ? - Letra: ?,D:\Dropbox\TDJ\MUSICA\Osvaldo LA YUMBA\- PUGLIESE\Kiko pugli\Osvaldo Pugliese 1977-1978-1979-1980\06 El Japanga [Instrumental] de pugliese - 1978.wma,False,False,1,False,False,True
Madrugados bien temprano,Osvaldo Pugliese,1979-12-27,tango,Musica: ? - Letra: ?,D:\Dropbox\TDJ\MUSICA\Osvaldo LA YUMBA\- PUGLIESE\Kiko pugli\Osvaldo Pugliese 1977-1978-1979-1980\09 Madrugados Bien Temprano - instrumental de pugliese - 1979.wma,False,False,1,False,False,True
Recién,Osvaldo Pugliese / Abel Córdoba,1980-09-10,tango,Musica: Osvaldo Pugliese - Letra: Homero Manzi,D:\Dropbox\TDJ\MUSICA\Osvaldo LA YUMBA\- PUGLIESE\Kiko pugli\Osvaldo Pugliese 1977-1978-1979-1980\18- recien - abel cordoba - de pugliese y homero manzi- 1980.wma,False,False,1,False,False,True
Quinto Año,Osvaldo Pugliese,2006,tango,Juanca Tavera,D:\Dropbox\TDJ\MUSICA\Osvaldo LA YUMBA\- PUGLIESE\Kiko pugli\Osvaldo Pugliese - 1981 - 1982 - Todas sus grabaciones\11- Quinto Año- adrian guida - tarantino y tavera- 1-7-81.wma,True,True,2,False,True,False
Juan Pueblo,Osvaldo Pugliese,1981-07-29,tango,Musica: ? - Letra: ?,D:\Dropbox\TDJ\MUSICA\Osvaldo LA YUMBA\- PUGLIESE\Kiko pugli\Osvaldo Pugliese - 1981 - 1982 - Todas sus grabaciones\07 juan pueblo - instrumental de ismael spitalnik - 1981.wma,False,False,1,False,False,True
Pa' los medicos,Osvaldo Pugliese,1982-09-03,tango,Musica: ? - Letra: ?,D:\Dropbox\TDJ\MUSICA\Osvaldo LA YUMBA\- PUGLIESE\Kiko pugli\Osvaldo Pugliese - 1981 - 1982 - Todas sus grabaciones\16 Pa' Los Médicos [Instrumental] de pugliese - 1982.wma,False,False,1,False,False,True
Recuerdo,Osvaldo Pugliese,2006,tango,Eduardo Fierros Moreno,D:\Dropbox\TDJ\MUSICA\Osvaldo LA YUMBA\- PUGLIESE\Kiko pugli\Osvaldo Pugliese - 1984 - 1985 - 1986\10 Recuerdo [Instrumental] de pugliese- 1985.wma,True,True,4,False,True,False
Andres Selpa,Osvaldo Pugliese,1985-05-21,tango,Musica: ? - Letra: ?,D:\Dropbox\TDJ\MUSICA\Osvaldo LA YUMBA\- PUGLIESE\Kiko pugli\Osvaldo Pugliese - 1984 - 1985 - 1986\04 Andrés Selpa [Instrumental] de pugliese - - 1985.wma,False,False,1,False,False,True
El Encopao,Osvaldo Pugliese,2006,tango,Enrique Dizeo,D:\Dropbox\TDJ\MUSICA\Osvaldo LA YUMBA\- PUGLIESE\Kiko pugli\Osvaldo Pugliese - 1984 - 1985 - 1986\03 El Encopao - instrumental de pugliese y dizeo - 1985.wma,True,True,3,False,True,False
Protocoleando,Osvaldo Pugliese,2006,tango,Osvaldo Pugliese,D:\Dropbox\TDJ\MUSICA\Osvaldo LA YUMBA\- PUGLIESE\Kiko pugli\Osvaldo Pugliese - 1984 - 1985 - 1986\13 Protocoleando [Instrumental] de pugliese - 1985.wma,True,True,2,False,True,False
Ensayando,Osvaldo Pugliese,1986-11-10,tango,Musica: ? - Letra: ?,D:\Dropbox\TDJ\MUSICA\Osvaldo LA YUMBA\- PUGLIESE\Kiko pugli\Osvaldo Pugliese - 1984 - 1985 - 1986\17 Ensayando [Instrumental] de prevignano - 1986.wma,False,False,1,False,False,True
Igual Que Una Sombra,Osvaldo Pugliese,2006,tango,E. Cadícamo,D:\Dropbox\TDJ\MUSICA\Osvaldo LA YUMBA\- PUGLIESE\Kiko pugli\Osvaldo Pugliese - 1984 - 1985 - 1986\22 Igual Que una Sombra- adrian guida - puglise y cadicamo-  1986.wma,True,False,0,False,True,False
Tokio Luminoso,Osvaldo Pugliese,2006,tango,Osvaldo Pugliese,D:\Dropbox\TDJ\MUSICA\Osvaldo LA YUMBA\- PUGLIESE\Kiko pugli\Osvaldo Pugliese - 1984 - 1985 - 1986\20 Tokio Luminoso [Instrumental] - 1986.wma,True,True,1,False,True,False
Compañera,Osvaldo Pugliese,2006,tango,Gutiérrez,D:\Dropbox\TDJ\MUSICA\Osvaldo LA YUMBA\- PUGLIESE\Kiko pugli\Osvaldo Pugliese - 1984 - 1985 - 1986\21 Compañera [Instrumental].wma,True,False,0,False,True,False
Festejando,Osvaldo Pugliese,1961-12,tango,Musica: Héctor Stamponi,D:\Dropbox\TDJ\MUSICA\Eduardo\1\Festejando           -    7_1.mp3,True,True,1,False,True,True
Mato y voy,Osvaldo Pugliese,1978-12-20,tango,Musica: Ernesto Baffa,D:\Dropbox\TDJ\MUSICA\Eduardo\4\Mato Y Voy             -      7_3.mp3,True,True,1,False,True,True
Gallo ciego,Osvaldo Pugliese,1959-07-23,tango,Musica: Agustin Bardi,D:\Dropbox\TDJ\MUSICA\Eduardo\5\Gallo Ciego 1 - esu188.mp3,True,True,1,False,True,True
Raza Criollla (El Taita),Osvaldo Pugliese,1945,tango,,D:\Dropbox\TDJ\MUSICA\Eduardo\sc1\Raza Criollla (El Taita) 1-esu320 ok.mp3,True,True,1,False,True,False
A Evaristo Carriego,Osvaldo Pugliese,1969-07,tango,Musica: Eduardo Rovira,D:\Dropbox\TDJ\MUSICA\Eduardo\3\A Evaristo Carriego  1 - esu186.mp3,True,True,1,False,True,True
A Evaristo Carriego,Osvaldo Pugliese,1969-07,tango,Musica: Eduardo Rovira,D:\Dropbox\TDJ\MUSICA\Eduardo\3\A Evaristo Carriego - Comodin 10.mp3,True,True,1,False,True,True
Chiqué,Osvaldo Pugliese,1953-05-28,tango,Musica: Ricardo Luis Brignolo - Letra: Ricardo Brignolo,D:\Dropbox\TDJ\MUSICA\Eduardo\3\Chiqué  1- esu 320 ok.mp3,True,True,1,False,True,True
Don Agustín Bardi,Osvaldo Pugliese,1961-08,tango,Musica: Horacio Salgán,D:\Dropbox\TDJ\MUSICA\Eduardo\3\Don Agustin Bardi  1-esu320 ok.mp3,True,True,1,False,True,True
Flor de tango,Osvaldo Pugliese,1945-08-28,tango,Musica: Julio Carrasco,D:\Dropbox\TDJ\MUSICA\Eduardo\1\Flor De Tango  -  Comodin.mp3,True,True,1,False,True,True
Gallo ciego,Osvaldo Pugliese,1959-07-23,tango,Musica: Agustin Bardi,D:\Dropbox\TDJ\MUSICA\Eduardo\5\Gallo Ciego  1  -  Comodin 10.mp3,True,True,1,False,True,True
La Tupungatina,Osvaldo Pugliese,1952,tango,,D:\Dropbox\TDJ\MUSICA\Eduardo\sc1\La Tupungatina    1 - esu133.mp3,True,True,2,False,True,False
La Yumb,Osvaldo Pugliese,1952,tango,,D:\Dropbox\TDJ\MUSICA\Eduardo\sc1\La Yumba  - Comodin.mp3,True,True,1,False,True,False
Malandraca,Osvaldo Pugliese,1949-05-31,tango,Musica: Osvaldo Pugliese,D:\Dropbox\TDJ\MUSICA\Eduardo\4\Malandraca Hi  1 - esu184 ok.mp3,True,True,1,False,True,True
Negracha,Osvaldo Pugliese,1948-06-24,tango,Musica: Osvaldo Pugliese,D:\Dropbox\TDJ\MUSICA\Eduardo\4\Negracha  1- esu188 ok.mp3,True,True,1,False,True,True
Seguime si podés,Osvaldo Pugliese,1953-10-06,tango,Musica: Alejandro Scarpino y Juan Caldarella - Letra: Antonio Anselmi,D:\Dropbox\TDJ\MUSICA\Eduardo\4\Seguíme Si Podés  1-esu320 ok 1.mp3,True,True,1,False,True,True
Si sos brujo,Osvaldo Pugliese,1952-10-09,tango,Musica: Emilio Balcarce,D:\Dropbox\TDJ\MUSICA\Eduardo\4\Si Sos Brujo  1 - esu320 ok  1.mp3,True,True,1,False,True,True
Yunta de oro,Osvaldo Pugliese,1957-10-25,tango,Musica: Osvaldo Ruggiero,D:\Dropbox\TDJ\MUSICA\Eduardo\4\Yunta De Oro  1 - esu320 ok.mp3,True,True,1,False,True,True
Patético,Osvaldo Pugliese,1948-04-06,tango,Musica: Jorge Caldara,D:\Dropbox\TDJ\MUSICA\Eduardo\1\Patético Hi    1 - esu192.mp3,True,True,1,False,True,True
Patético,Osvaldo Pugliese,1948-04-06,tango,Musica: Jorge Caldara,D:\Dropbox\TDJ\MUSICA\Eduardo\1\Patético Hi   1 - esu186 Ok 1.mp3,True,True,1,False,True,True
Nochero soy,Osvaldo Pugliese,1956-11-28,tango,Musica: Oscar Herrero,D:\Dropbox\TDJ\MUSICA\Eduardo\1\Nochero Soy     - 2_3-4_3.mp3,True,True,1,False,True,True
Nochero soy,Osvaldo Pugliese,1956-11-28,tango,Musica: Oscar Herrero,D:\Dropbox\TDJ\MUSICA\Eduardo\1\Nochero Soy   Mono 179.mp3,True,True,1,False,True,True
Nochero soy,Osvaldo Pugliese,1956-11-28,tango,Musica: Oscar Herrero,D:\Dropbox\TDJ\MUSICA\Eduardo\1\Nochero Soy.mp3,True,True,1,False,True,True
Nochero soy,Osvaldo Pugliese,1956-11-28,tango,Musica: Oscar Herrero,D:\Dropbox\TDJ\MUSICA\Eduardo\1\Nochero Soy   1 - esu181.mp3,True,True,1,False,True,True
Malambeao,Osvaldo Pugliese,1961,tango,O. Ruggiero,D:\Dropbox\TDJ\MUSICA\Eduardo\sc2\01 Malambeao.mp3,True,True,2,False,True,False
Arrabal,Osvaldo Pugliese,1961-07,tango,Musica: José Pascual,D:\Dropbox\TDJ\MUSICA\Eduardo\7\04 Arrabal.mp3,True,True,1,False,True,True
Nonino,Osvaldo Pugliese,1961,tango,A. Piazzolla,D:\Dropbox\TDJ\MUSICA\Eduardo\sc1\09 Nonino.mp3,True,True,2,False,True,False
El Encopao,Osvaldo Pugliese,1948,tango,O. Pugliese - E. Dizeo,D:\Dropbox\TDJ\MUSICA\Eduardo\sc2\13 El Encopao (c_intro).mp3,True,True,3,False,True,False
A Barguinazos (c/intro),Osvaldo Pugliese,1948,tango,O. Pugliese - H. Expósito,D:\Dropbox\TDJ\MUSICA\Eduardo\sc2\15 A Barguinazos (c_intro).mp3,True,False,0,False,True,False
Malambeao,Osvaldo Pugliese,2001,tango,Osvaldo Ruggiero,D:\Dropbox\TDJ\MUSICA\Dan\Pugliese\El eslabón perdido\Osvaldo Pugliese_El eslabón perdido - 01 - Malambeao.flac,True,True,2,False,True,False
Con voz rebelde,Osvaldo Pugliese,2001,tango,Zeint & Cortti,D:\Dropbox\TDJ\MUSICA\Dan\Pugliese\El eslabón perdido\Osvaldo Pugliese_El eslabón perdido - 03 - Con voz rebelde.flac,True,True,2,False,True,False
Arrabal,Osvaldo Pugliese,2001,tango,J. Pascual,D:\Dropbox\TDJ\MUSICA\Dan\Pugliese\El eslabón perdido\Osvaldo Pugliese_El eslabón perdido - 04 - Arrabal.flac,True,True,3,False,True,False
Nonino,Osvaldo Pugliese,2001,tango,A. Piazolla,D:\Dropbox\TDJ\MUSICA\Dan\Pugliese\El eslabón perdido\Osvaldo Pugliese_El eslabón perdido - 09 - Nonino.flac,True,True,2,False,True,False
El encopao,Osvaldo Pugliese,2001,tango,O . Pugliese & E. Dizeo,D:\Dropbox\TDJ\MUSICA\Dan\Pugliese\El eslabón perdido\Osvaldo Pugliese_El eslabón perdido - 13 - El encopao.flac,True,True,3,False,True,False
La Yumba,Osvaldo Pugliese,2001,tango,Osvaldo Pugliese,D:\Dropbox\TDJ\MUSICA\Dan\Pugliese\El eslabón perdido\Osvaldo Pugliese_El eslabón perdido - 14 - La Yumba.flac,True,True,3,False,True,False
A barquinazos,Osvaldo Pugliese,2001,tango,O. Pugliese &  H. Exposito,D:\Dropbox\TDJ\MUSICA\Dan\Pugliese\El eslabón perdido\Osvaldo Pugliese_El eslabón perdido - 15 - A barquinazos.flac,True,False,0,False,True,False
Don Augustín Bardi,Osvaldo Pugliese,2006,tango,Horacio Salgan,D:\Dropbox\TDJ\MUSICA\Osvaldo LA YUMBA\- PUGLIESE\- PUGLI  -  Instru\PUGLIESE\PUGLIESE       A don agustin bardi.mp3,True,True,1,False,True,False
Arrabal,Osvaldo Pugliese,1985-12-26,tango,Musica: José Pascual,D:\Dropbox\TDJ\MUSICA\Leandro\Osvaldo Pugliese\Osvaldo Pugliese - En Vivo En El Teatro Colon De Buenos Aires (26.12.1985)\01 - Arrabal.flac,False,False,1,False,False,True
Los mareados,Osvaldo Pugliese,1985-12-26,tango,Musica: Juan Carlos Cobian - Letra: Enrique Cadicamo,D:\Dropbox\TDJ\MUSICA\Leandro\Osvaldo Pugliese\Osvaldo Pugliese - En Vivo En El Teatro Colon De Buenos Aires (26.12.1985)\02 - Los Mareados.flac,False,False,1,False,False,True
Quinto año,Osvaldo Pugliese / Adrián Guida,1985-12-26,tango,Musica: Osvaldo Tarantino - Letra: Juanca Tavera,D:\Dropbox\TDJ\MUSICA\Leandro\Osvaldo Pugliese\Osvaldo Pugliese - En Vivo En El Teatro Colon De Buenos Aires (26.12.1985)\04 - Quinto Año.flac,False,False,1,False,False,True
Chacabuqueando,Osvaldo Pugliese,1985-12-26,tango,Musica: Roberto Alvarez,D:\Dropbox\TDJ\MUSICA\Leandro\Osvaldo Pugliese\Osvaldo Pugliese - En Vivo En El Teatro Colon De Buenos Aires (26.12.1985)\05 - Chacabuqueando.flac,False,False,1,False,False,True
A Evaristo Carriego,Osvaldo Pugliese,1985-12-26,tango,Musica: Eduardo Rovira,D:\Dropbox\TDJ\MUSICA\Leandro\Osvaldo Pugliese\Osvaldo Pugliese - En Vivo En El Teatro Colon De Buenos Aires (26.12.1985)\06 - A Evaristo Carriego.flac,False,False,1,False,False,True
Melodía De Arrabal,Osvaldo Pugliese,1985-12-26,tango,,D:\Dropbox\TDJ\MUSICA\Leandro\Osvaldo Pugliese\Osvaldo Pugliese - En Vivo En El Teatro Colon De Buenos Aires (26.12.1985)\07 - Melodía De Arrabal.flac,True,True,2,False,True,False
Almagro,Osvaldo Pugliese,1985-12-26,tango,,D:\Dropbox\TDJ\MUSICA\Leandro\Osvaldo Pugliese\Osvaldo Pugliese - En Vivo En El Teatro Colon De Buenos Aires (26.12.1985)\08 - Almagro.flac,True,True,2,False,True,False
Recuerdo,Osvaldo Pugliese,1985-12-26,tango,,D:\Dropbox\TDJ\MUSICA\Leandro\Osvaldo Pugliese\Osvaldo Pugliese - En Vivo En El Teatro Colon De Buenos Aires (26.12.1985)\09 - Recuerdo.flac,True,True,4,False,True,False
Chiqué,Osvaldo Pugliese,1985-12-26,tango,Musica: Ricardo Luis Brignolo - Letra: Ricardo Brignolo,D:\Dropbox\TDJ\MUSICA\Leandro\Osvaldo Pugliese\Osvaldo Pugliese - En Vivo En El Teatro Colon De Buenos Aires (26.12.1985)\10 - Chiqué.flac,False,False,1,False,False,True
Mala junta,Osvaldo Pugliese,1985-12-26,tango,Musica: Julio De Caro y Pedro Laurenz - Letra: Juan Velich,D:\Dropbox\TDJ\MUSICA\Leandro\Osvaldo Pugliese\Osvaldo Pugliese - En Vivo En El Teatro Colon De Buenos Aires (26.12.1985)\11 - Mala Junta.flac,False,False,1,False,False,True
La cancion de Buenos Aires,Osvaldo Pugliese / Abel Córdoba,1985-12-26,tango,Musica: Orestes Cúfaro y Azucena Maizani - Letra: Manuel Romero,D:\Dropbox\TDJ\MUSICA\Leandro\Osvaldo Pugliese\Osvaldo Pugliese - En Vivo En El Teatro Colon De Buenos Aires (26.12.1985)\12 - La Canción De Buenos Aires.flac,False,False,1,False,False,True
Contame una historia,Osvaldo Pugliese / Adrián Guida,1985-12-26,tango,Musica: Eladia Blázquez - Letra: Mario Iaquinandi,D:\Dropbox\TDJ\MUSICA\Leandro\Osvaldo Pugliese\Osvaldo Pugliese - En Vivo En El Teatro Colon De Buenos Aires (26.12.1985)\13 - Contame Una Historia.flac,False,False,1,False,False,True
Copacabana (Nido de amor),Osvaldo Pugliese,1985-12-26,tango,Musica: Julio De Caro - Letra: Antonio Rubio Penadés,D:\Dropbox\TDJ\MUSICA\Leandro\Osvaldo Pugliese\Osvaldo Pugliese - En Vivo En El Teatro Colon De Buenos Aires (26.12.1985)\14 - Copacabana.flac,True,True,1,False,True,True
Protocoleando,Osvaldo Pugliese,1985-12-26,tango,,D:\Dropbox\TDJ\MUSICA\Leandro\Osvaldo Pugliese\Osvaldo Pugliese - En Vivo En El Teatro Colon De Buenos Aires (26.12.1985)\15 - Protocoleando.flac,True,True,2,False,True,False
Milonga Para Gardel,Osvaldo Pugliese,1985-12-26,tango milonga,,D:\Dropbox\TDJ\MUSICA\Leandro\Osvaldo Pugliese\Osvaldo Pugliese - En Vivo En El Teatro Colon De Buenos Aires (26.12.1985)\16 - Milonga Para Gardel.flac,True,True,2,False,True,False
Desde el alma,Osvaldo Pugliese,1985-12-26,tango vals,Musica: Rosita Melo - Letra: Homero Manzi y Víctor Piuma Vélez,D:\Dropbox\TDJ\MUSICA\Leandro\Osvaldo Pugliese\Osvaldo Pugliese - En Vivo En El Teatro Colon De Buenos Aires (26.12.1985)\17 - Desde El Alma.flac,False,False,1,False,False,True
Palabras De Osvaldo Pugliese,Osvaldo Pugliese,1985-12-26,tango,,D:\Dropbox\TDJ\MUSICA\Leandro\Osvaldo Pugliese\Osvaldo Pugliese - En Vivo En El Teatro Colon De Buenos Aires (26.12.1985)\18 - Palabras De Osvaldo Pugliese.flac,True,True,1,False,True,False
La yumba,Osvaldo Pugliese,1985-12-26,tango,Musica: Osvaldo Pugliese,D:\Dropbox\TDJ\MUSICA\Leandro\Osvaldo Pugliese\Osvaldo Pugliese - En Vivo En El Teatro Colon De Buenos Aires (26.12.1985)\19 - La Yumba.flac,False,False,1,False,False,True
La mariposa,Osvaldo Pugliese,1985-12-26,tango,Musica: Pedro Maffia - Letra: Celedonio Flores,D:\Dropbox\TDJ\MUSICA\Leandro\Osvaldo Pugliese\Osvaldo Pugliese - En Vivo En El Teatro Colon De Buenos Aires (26.12.1985)\20 - La Mariposa.flac,False,False,1,False,False,True
Toda mi vida,Osvaldo Pugliese,1985-12-26,tango,Musica: Aníbal Troilo - Letra: José María Contursi,D:\Dropbox\TDJ\MUSICA\Leandro\Osvaldo Pugliese\Osvaldo Pugliese - En Vivo En El Teatro Colon De Buenos Aires (26.12.1985)\21 - Toda Mi Vida.flac,False,False,1,False,False,True
El Encopao,Osvaldo Pugliese,1985-12-26,tango,,D:\Dropbox\TDJ\MUSICA\Leandro\Osvaldo Pugliese\Osvaldo Pugliese - En Vivo En El Teatro Colon De Buenos Aires (26.12.1985)\22 - El Encopao.flac,True,True,3,False,True,False
Patético,Osvaldo Pugliese,1948-04-06,tango,Musica: Jorge Caldara,D:\Dropbox\TDJ\MUSICA\Eduardo\1\Patético   Enr ok.mp3,True,True,1,False,True,True
La rayuela,Osvaldo Pugliese,1953-11-25,tango,Musica: Julio De Caro,D:\Dropbox\TDJ\MUSICA\Eva\Compilations\Fiesta Del 40\2-06 LA RAYUELA  OSVALDO PUGLIESE.m4a,True,True,1,False,True,True
Para dos,Osvaldo Pugliese,1952-05-06,tango,Musica: Osvaldo Ruggiero,D:\Dropbox\TDJ\MUSICA\Eva\Compilations\Fiesta Del 40\2-07 PARA DOS  OSVALDO PUGLIESE.m4a,True,True,1,False,True,True
Chiqué,Osvaldo Pugliese,,tango,,D:\Dropbox\TDJ\MUSICA\Eva\Compilations\Fiesta Del 40\2-08 CHIQUE  OSVALDO PUGLIESE.m4a,True,True,2,False,True,False
Gallo ciego,Osvaldo Pugliese,1959-07-23,tango,Musica: Agustin Bardi,D:\Dropbox\TDJ\MUSICA\Eva\Compilations\Fiesta Del 40\2-09 GALLO CIEGO  OSVALDO PUGLIESE.m4a,True,True,1,False,True,True
Mala junta,Osvaldo Pugliese,,tango,,D:\Dropbox\TDJ\MUSICA\Eva\Compilations\Fiesta Del 40\4-21 MALA JUNTA  OSVALDO PUGLIESE.m4a,True,True,3,False,True,False
El arranque,Osvaldo Pugliese,1944-08-22,tango,Musica: Julio De Caro - Letra: Mario César Gomila,D:\Dropbox\TDJ\MUSICA\Eva\Compilations\Fiesta Del 40\4-22 EL ARRANQUE  OSVALDO PUGLIESE.m4a,True,True,1,False,True,True
Boedo  Osvlado Pugliese,Osvaldo Pugliese,,tango,,D:\Dropbox\TDJ\MUSICA\Eva\Compilations\Fiesta Del 40\4-23 BOEDO  OSVLADO PUGLIESE.m4a,True,True,1,False,True,False
Mala pinta (Mala estampa),Osvaldo Pugliese,1944-12-21,tango,Musica: Francisco De Caro y Julio De Caro,D:\Dropbox\TDJ\MUSICA\Eva\Compilations\Fiesta Del 40\4-24 MALA PINTA  OSVALDO PUGLIESE.m4a,True,True,1,False,True,True
Tierra querida,Osvaldo Pugliese,1944-07-06,tango,Musica: Julio De Caro - Letra: Luis Diaz,D:\Dropbox\TDJ\MUSICA\Eva\Compilations\Fiesta Del 40\6-06 TIERRA QUERIDA  OSVALDO PUGLIESE.m4a,True,True,1,False,True,True
El monito,Osvaldo Pugliese,1945-06-12,tango,Musica: Julio De Caro - Letra: Juan Carlos Marambio Catán,D:\Dropbox\TDJ\MUSICA\Eva\Compilations\Fiesta Del 40\6-07 EL MONITO OSVVALDO PUGLIESE.m4a,False,False,1,False,False,True
Orgullo criollo,Osvaldo Pugliese,1956-06-21,tango,Musica: Julio De Caro y Pedro Laurenz,D:\Dropbox\TDJ\MUSICA\Eva\Compilations\Fiesta Del 40\6-08 ORGULLO CRIOLLO  OSVALDO PUGLIESE.m4a,True,True,1,False,True,True
Tiny,Osvaldo Pugliese,1945-12-18,tango,Musica: Pedro Maffia y Julio De Caro,D:\Dropbox\TDJ\MUSICA\Eva\Compilations\Fiesta Del 40\6-09 TINY  OSVALDO PUGLIESE.m4a,True,True,1,False,True,True
El paladín,Osvaldo Pugliese,1945-03-20,tango,Musica: Agustín Bardi,D:\Dropbox\TDJ\MUSICA\Eva\Compilations\Fiesta Del 40\7-01 EL PALADIN  OSVALDO PUGLIESE.m4a,True,True,1,False,True,True
Pelele,Osvaldo Pugliese,1945-06-12,tango,Musica: Pedro Maffia,D:\Dropbox\TDJ\MUSICA\Eva\Compilations\Fiesta Del 40\7-02 PELELE  OSVALDO PUGLIESE.m4a,True,True,1,False,True,True
Flor de tango,Osvaldo Pugliese,1945-08-28,tango,Musica: Julio Carrasco,D:\Dropbox\TDJ\MUSICA\Eva\Compilations\Fiesta Del 40\7-03 FLOR DE TANGO  OSVALDO PUGLIESE.m4a,True,True,1,False,True,True
La Yumba,Osvaldo Pugliese,,tango,,D:\Dropbox\TDJ\MUSICA\Eva\Compilations\Fiesta Del 40\7-04 LA YUMBA  OSVALDO PUGLIESE.m4a,True,True,3,False,True,False
A mis compañeros,Osvaldo Pugliese,1956-01-31,tango,Musica: Osvaldo Ruggiero,D:\Dropbox\TDJ\MUSICA\Eva\Compilations\Fiesta Del 40\7-21 A MIS COMPAÑEROS  OSVALDO PUGLIESE.m4a,True,True,1,False,True,True
Orgullo criollo,Osvaldo Pugliese,1956-06-21,tango,Musica: Julio De Caro y Pedro Laurenz,D:\Dropbox\TDJ\MUSICA\Eva\Compilations\Fiesta Del 40\7-22 ORGULLO CRIOLLO  OSVALDO PUGLIESE.m4a,True,True,1,False,True,True
Pata ancha,Osvaldo Pugliese,1957-05-13,tango,Musica: Mario Demarco,D:\Dropbox\TDJ\MUSICA\Eva\Compilations\Fiesta Del 40\7-23 PATA ANCHA  OSVALDO PUGLIESE.m4a,True,True,1,False,True,True
Gente amiga,Osvaldo Pugliese,1958-01-02,tango,Musica: Ismael Spitalnik,D:\Dropbox\TDJ\MUSICA\Eva\Compilations\Fiesta Del 40\7-24 GENTE AMIGA  OSVALDO PUGLIESE.m4a,True,True,1,False,True,True
La Cachila,Osvaldo Pugliese,,tango,,D:\Dropbox\TDJ\MUSICA\Eva\Compilations\Fiesta Del 40\8-21 LA CACHILA  OSVALDO PUGLIESE.m4a,True,True,2,False,True,False
Adios Brdi,Osvaldo Pugliese,,tango,,D:\Dropbox\TDJ\MUSICA\Eva\Compilations\Fiesta Del 40\8-22 ADIOS BRDI  OSVALDO PUGLIESE.m4a,True,True,4,False,True,False
Amurado,Osvaldo Pugliese,1944-11-24,tango,Musica: Pedro Maffia y Pedro Laurenz - Letra: José De Grandis,D:\Dropbox\TDJ\MUSICA\Eva\Compilations\Fiesta Del 40\8-23 AMURADO  OSVALDO PUGLIESE.m4a,True,True,1,False,True,True
Recuerdo,Osvaldo Pugliese,,tango,,D:\Dropbox\TDJ\MUSICA\Eva\Compilations\Fiesta Del 40\8-24 RECUERDO  OSVALDO PUGLIESE.m4a,True,True,4,False,True,False
Emancipación,Osvaldo Pugliese,1955-09-02,tango,Musica: Alfredo Bevilacqua,D:\Dropbox\TDJ\MUSICA\Eva\Compilations\Fiesta Del 40\9-06 EMANCIPACION  OSVALDO PUGLIESE.m4a,True,True,1,False,True,True
Nochero soy,Osvaldo Pugliese,1956-11-28,tango,Musica: Oscar Herrero,D:\Dropbox\TDJ\MUSICA\Eva\Compilations\Fiesta Del 40\9-07 NOCHERO SOY  OSVALDO PUGLIESE.m4a,True,True,1,False,True,True
La Baba,Osvaldo Pugliese,,tango,,D:\Dropbox\TDJ\MUSICA\Eva\Compilations\Fiesta Del 40\9-08 LA BABA  OSVALDO PUGLIESE.m4a,True,False,0,False,True,False
La mariposa,Osvaldo Pugliese,,tango,,D:\Dropbox\TDJ\MUSICA\Eva\Compilations\Fiesta Del 40\9-09 LA MARIPOSA  OSVALDO PUGLIESE.m4a,True,True,2,False,True,False
El remate,Osvaldo Pugliese,1944-06-01,tango,Musica: Alberto Pugliese,D:\Dropbox\TDJ\MUSICA\Eva\Compilations\Fiesta Del 40\12-16 EL REMATE  OSVALDO PUGLIESE.m4a,True,True,1,False,True,True
De floreo,Osvaldo Pugliese,1950-03-29,tango,Musica: Julio Carrasco,D:\Dropbox\TDJ\MUSICA\Eva\Compilations\Fiesta Del 40\12-17 DE FLOREO  OSVALDO PUGLIESE.m4a,True,True,1,False,True,True
El embrollo,Osvaldo Pugliese,1952-11-13,tango,Musica: Esteban Gilardi,D:\Dropbox\TDJ\MUSICA\Eva\Compilations\Fiesta Del 40\12-18 EL EMBROLLO  OSVALDO PUGLIESE.m4a,True,True,1,False,True,True
Jueves,Osvaldo Pugliese,1947-08-19,tango,Musica: Udelino Toranzo y Rafael Rossi,D:\Dropbox\TDJ\MUSICA\Eva\Compilations\Fiesta Del 40\12-19 JUEVES  OSVALDO PUGLIESE.m4a,True,True,1,False,True,True
Seguime si podés,Osvaldo Pugliese,1953-10-06,tango,Musica: Alejandro Scarpino y Juan Caldarella - Letra: Antonio Anselmi,"D:\Dropbox\TDJ\MUSICA\Eva\Compilations\Fiesta Del 40\19-06 SEGUIME, SI PODES  OSVALDO PUGLIESE.m4a",True,True,1,False,True,True
Si Sos Brujo  Osvaldlo Pugliese,Osvaldo Pugliese,,tango,,D:\Dropbox\TDJ\MUSICA\Eva\Compilations\Fiesta Del 40\19-07 SI SOS BRUJO  OSVALDLO PUGLIESE.m4a,True,True,1,False,True,False
La guitarrita,Osvaldo Pugliese,1954-07-14,tango,Musica: Eduardo Arolas - Letra: Gabriel Clausi,D:\Dropbox\TDJ\MUSICA\Eva\Compilations\Fiesta Del 40\19-08 LA GUITARRITA  OSVALDO PUGLIESE.m4a,True,True,1,False,True,True
Unión Cívica,Osvaldo Pugliese,1958-11-19,tango,Musica: Domingo Santa Cruz,D:\Dropbox\TDJ\MUSICA\Eva\Compilations\Fiesta Del 40\19-09 UNION CIVICA  OSVALDO PUGLIESE.m4a,False,False,1,False,False,True
Buenos Aires Hora Cero,Osvaldo Pugliese,1992,tango,A. Piazzolla,D:\Dropbox\TDJ\MUSICA\Eduardo\sc1\01 Buenos Aires Hora Cero.mp3,True,True,6,False,True,False
Tanguedia 3,Osvaldo Pugliese,1992,tango,A. Piazzolla,D:\Dropbox\TDJ\MUSICA\Eduardo\sc1\02 Tanguedia 3.mp3,True,True,1,False,True,False
Milonga Del Angel,Osvaldo Pugliese,1992,tango,A. Piazzolla,D:\Dropbox\TDJ\MUSICA\Eduardo\sc1\03 Milonga Del Angel.mp3,True,True,6,False,True,False
Preludio y Fuga,Osvaldo Pugliese,1992,tango,A. Piazzolla,D:\Dropbox\TDJ\MUSICA\Eduardo\sc1\05 Preludio y Fuga.mp3,True,False,0,False,True,False
Sex-Tet,Osvaldo Pugliese,1992,tango,A. Piazzolla,D:\Dropbox\TDJ\MUSICA\Eduardo\sc1\06 Sex-Tet.mp3,True,False,0,False,True,False
Luna,Osvaldo Pugliese,1992,tango,A. Piazzolla,D:\Dropbox\TDJ\MUSICA\Eduardo\sc1\07 Luna.mp3,True,True,1,False,True,False
La Yumba,Osvaldo Pugliese,1992,tango,A. Piazzolla - O. Pugliese,D:\Dropbox\TDJ\MUSICA\Eduardo\sc1\08 La Yumba-Adiós Nonino.mp3,True,True,3,False,True,False
Camorra 3,Osvaldo Pugliese,1992,tango,,D:\Dropbox\TDJ\MUSICA\Eduardo\sc1\04 Camorra 3.mp3,True,True,1,False,True,False
Melodia De Arrabal,Osvaldo Pugliese,1992,tango,C. Gardel M y M. Battistella,D:\Dropbox\TDJ\MUSICA\Eduardo\sc1\03 Melodia De Arrabal.mp3,True,True,2,False,True,False
Recuerdo,Osvaldo Pugliese,1992,tango,O. Pugliese - E. Moreno,D:\Dropbox\TDJ\MUSICA\Eduardo\sc2\04 Recuerdo.mp3,True,True,4,False,True,False
Las Cuarenta,Osvaldo Pugliese,1992,tango,R. Grela - F. Gorrindo,D:\Dropbox\TDJ\MUSICA\Eduardo\sc2\06 Las Cuarenta.mp3,True,False,0,False,True,False
Bailemos,Osvaldo Pugliese,1992,tango,,D:\Dropbox\TDJ\MUSICA\Eduardo\sc1\07 Bailemos      -.mp3,True,False,0,False,True,False
Ensayando,Osvaldo Pugliese,1992,tango,A. Prevignano,D:\Dropbox\TDJ\MUSICA\Eduardo\sc1\08 Ensayando.mp3,True,True,1,False,True,False
Desde el alma,Osvaldo Pugliese,1992,tango vals,R. Melo - V. Piuma Vélez y H. Manzi,D:\Dropbox\TDJ\MUSICA\Eduardo\sc2\10 Desde El Alma.mp3,True,True,2,False,True,False
La Canción De Buenos Aires,Osvaldo Pugliese,1992,tango,O. Cufaro y A. Maizani - M. Romero,D:\Dropbox\TDJ\MUSICA\Eduardo\sc2\11 La Canción De Buenos Aires.mp3,True,True,2,False,True,False
Contame Una Historia,Osvaldo Pugliese,1992,tango,E. Blázquez - A. Iaquinandi,D:\Dropbox\TDJ\MUSICA\Eduardo\sc1\12 Contame Una Historia.mp3,True,True,2,False,True,False
Milonga Para Gardel,Osvaldo Pugliese,1992,tango milonga,C. Viván - H. Sanguinetti,D:\Dropbox\TDJ\MUSICA\Eduardo\sc1\15 Milonga Para Gardel.mp3,True,True,2,False,True,False
La Yumba,Osvaldo Pugliese,1992,tango,O. Pugliese,D:\Dropbox\TDJ\MUSICA\Eduardo\sc2\16 La Yumba-Adiós Nonino.mp3,True,True,3,False,True,False
Nochero soy,Osvaldo Pugliese,1956-11-28,tango,Musica: Oscar Herrero,D:\Dropbox\TDJ\MUSICA\Edmundo\Pugliese\Osvaldo Pugliese - Nochero Soy.mp3,True,True,1,False,True,True
Pata ancha,Osvaldo Pugliese,1957-05-13,tango,Musica: Mario Demarco,D:\Dropbox\TDJ\MUSICA\Edmundo\Pugliese\Osvaldo Pugliese - Pata Ancha.mp3,True,True,1,False,True,True
Gallo ciego,Osvaldo Pugliese,1959-07-23,tango,Musica: Agustin Bardi,D:\Dropbox\TDJ\MUSICA\Edmundo\Pugliese\Osvaldo Pugliese - Gallo Ciego.mp3,True,True,1,False,True,True
Arrabal,Osvaldo Pugliese,1974-09-27,tango,Musica: José Pascual,D:\Dropbox\TDJ\MUSICA\Edmundo\Pugliese\Osvaldo Pugliese - Arrabal.mp3,True,True,1,False,True,True
Los mareados,Osvaldo Pugliese,1985-12-26,tango,Musica: Juan Carlos Cobian - Letra: Enrique Cadicamo,D:\Dropbox\TDJ\MUSICA\Edmundo\Pugliese\Osvaldo Pugliese - Los Mareados.mp3,True,True,1,False,True,True
La Mentirosa,Osvaldo Pugliese,-,tango,,D:\Dropbox\TDJ\MUSICA\Osvaldo LA YUMBA\- PUGLIESE\Kiko pugli\Osvaldo Pugliese - 1953 - 1954 - Todas sus grabaciones\15-osvaldo pugliese - alberto moran-la mentirosa-Aieta-Garcia Jimenez -1954.mp3,True,True,1,False,True,False
El rodeo,Osvaldo Pugliese,1943-07-15,tango,Musica: Agustín Bardi,D:\Dropbox\TDJ\MUSICA\Osvaldo LA YUMBA\- PUGLIESE\Kiko pugli\Osvaldo Pugliese - 1943 - 1944 - Todas sus grabaciones\02-pugliese-el rodeo-instrumental-agustin bardi-1943.mp3,True,True,1,False,True,True
Entrada prohibida,Osvaldo Pugliese,1947-12-16,tango,Musica: Luis Teisseire - Letra: Germán Teisseire,D:\Dropbox\TDJ\MUSICA\Osvaldo LA YUMBA\- PUGLIESE\Kiko pugli\Osvaldo Pugliese - 1947 - Todas sus grabaciones\15-entrada prohibida-instrumental de teisseire y juan caruso - 1947.mp3,True,True,1,False,True,True
El tábano,Osvaldo Pugliese,1946-06-13,tango,Musica: Armando Baliotti y César Ginzo,D:\Dropbox\TDJ\MUSICA\Osvaldo LA YUMBA\- PUGLIESE\Kiko pugli\Osvaldo Pugliese - 1946 - Todas sus grabaciones\07-el tabano-Baliotti-Ginzo- 13-6-46.mp3,True,True,1,False,True,True
Mal de amores,Osvaldo Pugliese,1946-08-21,tango,Musica: Pedro Laurenz - Letra: Lito Bayardo,D:\Dropbox\TDJ\MUSICA\Osvaldo LA YUMBA\- PUGLIESE\Kiko pugli\Osvaldo Pugliese - 1946 - Todas sus grabaciones\12-mal de amores-Laurenz-instrumental-1946.mp3,True,True,1,False,True,True
Entrador,Osvaldo Pugliese,1952-05-06,tango,Musica: Mario Demarco,D:\Dropbox\TDJ\MUSICA\Osvaldo LA YUMBA\- PUGLIESE\Kiko pugli\Osvaldo Pugliese - 1951 - 1952 - Todas sus grabaciones\14-osvaldo pugliese y su orquesta típica - entrador-mario demarco-1952.mp3,True,True,1,False,True,True
Don Aniceto,Osvaldo Pugliese,1950-07-26,tango,Musica: Esteban Gilardi,D:\Dropbox\TDJ\MUSICA\Osvaldo LA YUMBA\- PUGLIESE\Kiko pugli\Osvaldo Pugliese - 1950 - Todas sus grabaciones\09-osvaldo pugliese y su orquesta típica - don aniceto - esteban gilardi - 1950.mp3,True,True,1,False,True,True
De floreo,Osvaldo Pugliese,1950-03-29,tango,Musica: Julio Carrasco,D:\Dropbox\TDJ\MUSICA\Osvaldo LA YUMBA\- PUGLIESE\Kiko pugli\Osvaldo Pugliese - 1950 - Todas sus grabaciones\03-osvaldo pugliese y su orquesta típica - de floreo - julio carrasco - 1950.mp3,True,True,1,False,True,True
Pata ancha,Osvaldo Pugliese,1957-05-13,tango,Musica: Mario Demarco,D:\Dropbox\TDJ\MUSICA\Osvaldo LA YUMBA\- PUGLIESE\- PUGLI  -  Instru\PUGLIESE\PUGLIESE       pata ancha.mp3,True,True,1,False,True,True
Para Dos,Osvaldo Pugliese,0,tango,,D:\Dropbox\TDJ\MUSICA\Osvaldo LA YUMBA\- PUGLIESE\Kiko pugli\Osvaldo Pugliese - 1951 - 1952 - Todas sus grabaciones\13-para dos - osvaldo pugliese-ruggero-1952.mp3,True,True,1,False,True,False
Olivero,Osvaldo Pugliese,1951-12-10,tango,Musica: José Martínez y Antonio Buglione,D:\Dropbox\TDJ\MUSICA\Osvaldo LA YUMBA\- PUGLIESE\Kiko pugli\Osvaldo Pugliese - 1951 - 1952 - Todas sus grabaciones\10-olivero - j martìnez - a buglione - 1951.mp3,True,True,1,False,True,True
Quejumbroso,Osvaldo Pugliese,1959-07-23,tango,Musica: Oscar Herrero,D:\Dropbox\TDJ\MUSICA\Osvaldo LA YUMBA\- PUGLIESE\Kiko pugli\Osvaldo Pugliese - 1959 - Todas sus grabaciones\01-quejumbroso-instrumental de luis herrero - 1959.mp3,True,True,1,False,True,True
El refrán,Osvaldo Pugliese,1951-10-02,tango,Musica: Roberto Peppe,D:\Dropbox\TDJ\MUSICA\Osvaldo LA YUMBA\- PUGLIESE\Kiko pugli\Osvaldo Pugliese - 1951 - 1952 - Todas sus grabaciones\07-el refran - osvaldo pugliese instrumentales- roberto peppe - 1951.wma,False,False,1,False,False,True
Mato y voy,Osvaldo Pugliese,1978-12-20,tango,Musica: Ernesto Baffa,D:\Dropbox\TDJ\MUSICA\Osvaldo LA YUMBA\- PUGLIESE\Kiko pugli\Osvaldo Pugliese 1977-1978-1979-1980\07-mato y voy- instrumenttal de  baffa y pansera - 1978.mp3,True,True,1,False,True,True
Vayan saliendo,Osvaldo Pugliese,1946-06-21,tango,Musica: Víctor Donato - Letra: Juan Velich,D:\Dropbox\TDJ\MUSICA\Osvaldo LA YUMBA\- PUGLIESE\Kiko pugli\Osvaldo Pugliese - 1946 - Todas sus grabaciones\08-vayan saliendo-instrumental - victor donato.mp3,True,True,1,False,True,True
Las marionetas,Osvaldo Pugliese,1945-11-06,tango,Musica: Osvaldo Pugliese,D:\Dropbox\TDJ\MUSICA\Osvaldo LA YUMBA\- PUGLIESE\Kiko pugli\Osvaldo Pugliese - 1945 - Todas sus grabaciones\15- osvaldo pugliese - las marionetas-instrumental- de pugliese-1945.mp3,True,True,1,False,True,True
El embrollo,Osvaldo Pugliese,1952-11-13,tango,Musica: Esteban Gilardi,D:\Dropbox\TDJ\MUSICA\Osvaldo LA YUMBA\- PUGLIESE\Kiko pugli\Osvaldo Pugliese - 1951 - 1952 - Todas sus grabaciones\19-osvaldo pugliese - el embrollo (Gilardini) 1952-instrumental.mp3,True,True,1,False,True,True
El buscapié,Osvaldo Pugliese,1947-12-01,tango,Musica: José Dames,D:\Dropbox\TDJ\MUSICA\Osvaldo LA YUMBA\- PUGLIESE\Kiko pugli\Osvaldo Pugliese - 1947 - Todas sus grabaciones\13-osvaldo pugliese - el buscapie.mp3,True,True,1,False,True,True
Entrada prohibida,Osvaldo Pugliese,1947-12-16,tango,Musica: Luis Teisseire - Letra: Germán Teisseire,D:\Dropbox\TDJ\MUSICA\Eva\Osvaldo Pugliese\La MUSICA DE MARIO E. ORLANDO VOL.48=\21 086 - ENTRADA PROHIBIDA.mp3,True,True,1,False,True,True
Flor de tango,Osvaldo Pugliese,1945-08-28,tango,Musica: Julio Carrasco,D:\Dropbox\TDJ\MUSICA\Eva\Osvaldo Pugliese\La MUSICA DE MARIO E..ORLANDO = VOL 11=\01 086 - FLOR DE TANGO XXX.mp3,True,True,1,False,True,True
Pata ancha,Osvaldo Pugliese,1957-05-13,tango,Musica: Mario Demarco,D:\Dropbox\TDJ\MUSICA\Eva\Osvaldo Pugliese\La MUSICA DE MARIO E..ORLANDO = VOL 12=\16 PATA ANCHA.mp3,True,True,1,False,True,True
Gallo ciego,Osvaldo Pugliese,1959-07-23,tango,Musica: Agustin Bardi,D:\Dropbox\TDJ\MUSICA\Eva\Osvaldo Pugliese\La MUSICA DE MARIO E..ORLANDO = VOL 12=\21 GALLO CIEGO.mp3,True,True,1,False,True,True
Para dos,Osvaldo Pugliese,1952-05-06,tango,Musica: Osvaldo Ruggiero,D:\Dropbox\TDJ\MUSICA\Eva\Osvaldo Pugliese\La MUSICA DE MARIO E..ORLANDO = VOL 12=\21 PARA DOS XXX.mp3,True,True,1,False,True,True
Alberto Mor,Osvaldo Pugliese,1995,tango,,D:\Dropbox\TDJ\MUSICA\Osvaldo LA YUMBA\- PUGLIESE\- Pugliese  cantado\PUGLIESE       Demasiado Tarde Osvaldo Pugliese & Alberto MorÃ¡n -.mp3,True,False,0,False,True,False
La Yuma,Osvaldo Pugliese,1946,tango,Osvaldo Pugliese,D:\Dropbox\TDJ\MUSICA\Eva\Osvaldo Pugliese\La Yumba\01 La Yuma.m4a,True,False,0,False,True,False
Recuerdo,Osvaldo Pugliese,1951,tango,Osvaldo Pugliese- R. Morenp,D:\Dropbox\TDJ\MUSICA\Eva\Osvaldo Pugliese\La Yumba\04 Recuerdo.m4a,True,True,4,False,True,False
Un Tango Para Elrecuerdo,Osvaldo Pugliese,1957,tango,Rafael Del Bagno- Antonio Canto,D:\Dropbox\TDJ\MUSICA\Eva\Osvaldo Pugliese\La Yumba\13 Un Tango Para Elrecuerdo.m4a,True,True,7,False,True,False
Tierra querida,Osvaldo Pugliese,1944-07-06,tango,Musica: Julio De Caro - Letra: Luis Diaz,D:\Dropbox\TDJ\MUSICA\Eva\Osvaldo Pugliese\La Yumba\14 Tierra Querida.m4a,True,True,1,False,True,True
Cafetín,Osvaldo Pugliese,1995,tango,,D:\Dropbox\TDJ\MUSICA\Osvaldo LA YUMBA\- PUGLIESE\Kiko pugli\Osvaldo Pugliese - 1947 - Todas sus grabaciones\04-osvaldo pugliese - alberto moran - cafetin-argentino galván-exposito-27-3-47.mp3,True,True,1,False,True,False
Hoy Al Recordarla,Osvaldo Pugliese,1995,tango,,D:\Dropbox\TDJ\MUSICA\Osvaldo LA YUMBA\- PUGLIESE\Kiko pugli\Osvaldo Pugliese - 1945 - Todas sus grabaciones\19-pugliese-moran-hoy al recordarla-Canet- 10-12-45.mp3,True,True,1,False,True,False
Lágrimas,Osvaldo Pugliese,1970-06,tango,Musica: Eduardo Arolas,D:\Dropbox\TDJ\MUSICA\Dan\Pugliese\Lágrimas\Osvaldo Pugliese - Instrumental_Lágrimas - 03 - Lágrimas.flac,True,True,1,False,True,True
Cabulero,Osvaldo Pugliese,1962-04,tango,Musica: Leopoldo Federico - Letra: Manuel Ceferino Flores,D:\Dropbox\TDJ\MUSICA\Dan\Pugliese\Lágrimas\Osvaldo Pugliese - Instrumental_Lágrimas - 06 - Cabulero.flac,True,True,1,False,True,True
La última cita,Osvaldo Pugliese,1969-11,tango,Musica: Agustín Bardi - Letra: Francisco García Jiménez,D:\Dropbox\TDJ\MUSICA\Dan\Pugliese\Lágrimas\Osvaldo Pugliese - Instrumental_Lágrimas - 10 - La Última Cita.flac,True,True,1,False,True,True
Qué noche,Osvaldo Pugliese,1968-12,tango,Musica: Agustín Bardi,D:\Dropbox\TDJ\MUSICA\Dan\Pugliese\Lágrimas\Osvaldo Pugliese - Instrumental_Lágrimas - 13 - Qué Noche.flac,True,True,1,False,True,True
El Encopao,Osvaldo Pugliese,,tango,,"D:\Dropbox\TDJ\MUSICA\Osvaldo LA YUMBA\- PUGLIESE\Kiko pugli\Osvaldo Pugliese 1968 - 1969 - Todas sus grabaciones\06-el encopado-córdoba, abel - de pugliese y dizeo - 1969.mp3",True,True,3,False,True,False
La última cita,Osvaldo Pugliese,1969-11,tango,Musica: Agustín Bardi - Letra: Francisco García Jiménez,D:\Dropbox\TDJ\MUSICA\Osvaldo LA YUMBA\- PUGLIESE\Kiko pugli\Osvaldo Pugliese 1968 - 1969 - Todas sus grabaciones\17- la ultima cita - pugliese- de agustin bardi - 1969.mp3,True,True,1,False,True,True
Sentimental y canyengue,Osvaldo Pugliese,1970-06,tango,Musica: Víctor Felice y Leopoldo Federico,D:\Dropbox\TDJ\MUSICA\Osvaldo LA YUMBA\- PUGLIESE\Kiko pugli\Osvaldo Pugliese - 1970 - 1972 - Todas sus grabaciones\03- osvaldo pugliese - sentimental y canyengue- instrumental de leopoldo federico.mp3,True,True,1,False,True,True
Yunta de oro,Osvaldo Pugliese,1957-10-25,tango,Musica: Osvaldo Ruggiero,D:\Dropbox\TDJ\MUSICA\Edmundo\Pugliese\Osvaldo Pugliese - Yunta de Oro.mp3,True,True,1,False,True,True
Emancipación,Osvaldo Pugliese,1955-09-02,tango,Musica: Alfredo Bevilacqua,D:\Dropbox\TDJ\MUSICA\Osvaldo LA YUMBA\- PUGLIESE\- PUGLI  -  Instru\PUGLIESE\Osvaldo Pugliese-Emancipación.mp3,True,True,1,False,True,True
Chiqué,Osvaldo Pugliese,1996,tango,,D:\Dropbox\TDJ\MUSICA\Dan\Varios\Los Clásicos Argentinos - 10\Osvaldo Pugliese y su orquesta - Chiqué.flac,True,True,2,False,True,False
Camandulaje,Osvaldo Pugliese,1973-12-12,tango,Musica: Alfredo Gobbi,D:\Dropbox\TDJ\MUSICA\Osvaldo LA YUMBA\- PUGLIESE\Kiko pugli\Osvaldo Pugliese 1973-1974-1976\02-camandulaje - osvaldo pugliese y su orquesta(- de alfredo gobbi- 1973.mp3,True,True,1,False,True,True
Mala junta,Osvaldo Pugliese,,tango,,D:\Dropbox\TDJ\MUSICA\Osvaldo LA YUMBA\- PUGLIESE\Kiko pugli\Osvaldo Pugliese - 1943 - 1944 - Todas sus grabaciones\04-mala junta - o pugliese y su orq-de caro-laurenz 1943.mp3,True,True,3,False,True,False
Pasional,Osvaldo Pugliese,,tango,Mario Soto / J. Caldara,D:\Dropbox\TDJ\MUSICA\Osvaldo LA YUMBA\- PUGLIESE\- PUGLI  -  Instru\PUGLIESE\PUGLIESE       Pasional.mp3,True,True,2,False,True,False
Emancipación,Osvaldo Pugliese,1955-09-02,tango,Musica: Alfredo Bevilacqua,"D:\Dropbox\TDJ\MUSICA\Dan\Varios\Los clásicos argentinos- Tango, volumen 19- José Basso, piano ''a tutti''\Osvaldo Pugliese - Emancipación.flac",True,True,1,False,True,True
La Beba,Osvaldo Pugliese,1972-04-25,tango,Musica: Osvaldo Pugliese,"D:\Dropbox\TDJ\MUSICA\Dan\Calo\Los clásicos argentinos- Tango, volumen 24- Miguel Caló- la orquesta de las estrellas\Osvaldo Pugliese - La beba.flac",True,True,1,False,True,True
Camandulaje,Osvaldo Pugliese,1973-12-12,tango,Musica: Alfredo Gobbi,"D:\Dropbox\TDJ\MUSICA\Dan\Varios\Los clásicos argentinos- Tango, volumen 28- Rodolfo Biagi- ''Manos brujas''\Osvaldo Pugliese - Camandulaje.flac",True,True,1,False,True,True
Recuerdo,Osvaldo Pugliese,,tango,Osvaldo Pugliese,"D:\Dropbox\TDJ\MUSICA\Dan\Pugliese\Los clásicos argentinos： Tango, volumen 4： Osvaldo Pugliese： bien milonga\Osvaldo Pugliese_Los clásicos argentinos： Tango, volumen 4： Osvaldo Pugliese： bien milonga - 05 - Recuerdo.flac",True,True,4,False,True,False
Arrabal,Osvaldo Pugliese,,tango,,"D:\Dropbox\TDJ\MUSICA\Dan\Troilo\Los clásicos argentinos- Tango, volumen 6- Aníbal Troilo, El bandoneón mayor\Osvaldo Pugliese - Arrabal.flac",True,True,3,False,True,False
Flor de tango,Osvaldo Pugliese,1945-08-28,tango,Musica: Julio Carrasco,D:\Dropbox\TDJ\MUSICA\Osvaldo LA YUMBA\- PUGLIESE\- PUGLI  -  Instru\PUGLIESE       FLOR DE TANGO pug.mp3,True,True,1,False,True,True
De floreo,Osvaldo Pugliese,1950-03-29,tango,Musica: Julio Carrasco,D:\Dropbox\TDJ\MUSICA\Osvaldo LA YUMBA\- PUGLIESE\- PUGLI  -  Instru\PUGLIESE\PUGLIESE       De floreo.mp3,True,True,1,False,True,True
La Tupungatina,Osvaldo Pugliese,1952,tango,Cristino Tapia,D:\Dropbox\TDJ\MUSICA\Eva\Osvaldo Pugliese\LOS INSTRUMENTALES DE OSVALDO PUGLIESE\03 LA TUPUNGATINA-2da Version-.mp3,True,True,2,False,True,False
Patético,Osvaldo Pugliese,1948-04-06,tango,Musica: Jorge Caldara,D:\Dropbox\TDJ\MUSICA\Eva\Osvaldo Pugliese\LOS INSTRUMENTALES DE OSVALDO PUGLIESE\03 087 - PATETICO.mp3,True,True,1,False,True,True
Seguime si podés,Osvaldo Pugliese,1953-10-06,tango,Musica: Alejandro Scarpino y Juan Caldarella - Letra: Antonio Anselmi,D:\Dropbox\TDJ\MUSICA\Eva\Osvaldo Pugliese\LOS INSTRUMENTALES DE OSVALDO PUGLIESE\06 059 SEGUIME SI PODES  OSVLADO PUGLIESE.mp3,True,True,1,False,True,True
Seguime si podés,Osvaldo Pugliese,1953-10-06,tango,Musica: Alejandro Scarpino y Juan Caldarella - Letra: Antonio Anselmi,D:\Dropbox\TDJ\MUSICA\Eva\Osvaldo Pugliese\LOS INSTRUMENTALES DE OSVALDO PUGLIESE\06 SEGUIME SI PODES XXX.mp3,True,True,1,False,True,True
A mis compañeros,Osvaldo Pugliese,1956-01-31,tango,Musica: Osvaldo Ruggiero,D:\Dropbox\TDJ\MUSICA\Eva\Osvaldo Pugliese\LOS INSTRUMENTALES DE OSVALDO PUGLIESE\13 060 A MIS COMPAÑEROS OSVALDO PUGLIESE.mp3,True,True,1,False,True,True
Emancipación,Osvaldo Pugliese,1955-09-02,tango,Musica: Alfredo Bevilacqua,D:\Dropbox\TDJ\MUSICA\Eva\Osvaldo Pugliese\LOS INSTRUMENTALES DE OSVALDO PUGLIESE\14 EMANCIPACION XXX.mp3,True,True,1,False,True,True
Yunta de oro,Osvaldo Pugliese,1957-10-25,tango,Musica: Osvaldo Ruggiero,D:\Dropbox\TDJ\MUSICA\Eva\Osvaldo Pugliese\LOS INSTRUMENTALES DE OSVALDO PUGLIESE\17 YUNTA DE ORO.mp3,True,True,1,False,True,True
N....N,Osvaldo Pugliese,1952,tango,Osvaldo Pugliese,D:\Dropbox\TDJ\MUSICA\Eva\PUGLIESE OSVALDO\LOS INSTRUMENTALES DE OSVALDO PUGLIESE\04 021 N....N  OSVALDO PUGLIESE.mp3,True,False,0,False,True,False
Quejumbroso,Osvaldo Pugliese,1959-07-23,tango,Musica: Oscar Herrero,D:\Dropbox\TDJ\MUSICA\Eva\PUGLIESE OSVALDO\LOS INSTRUMENTALES DE OSVALDO PUGLIESE\20 QUEJUMBROSO.mp3,True,True,1,False,True,True
Nonino,Osvaldo Pugliese,1999,tango,,D:\Dropbox\TDJ\MUSICA\Osvaldo LA YUMBA\- PUGLIESE\Kiko pugli\Osvaldo Pugliese - 1960 - Todas sus grabaciones\05 nonino- astor piazzolla.mp3,True,True,2,False,True,False
Taconeando,Osvaldo Pugliese,1970-05,tango,Musica: Pedro Maffia - Letra: José Horacio Staffolani,D:\Dropbox\TDJ\MUSICA\Eduardo\7\02 Taconeando.mp3,True,True,1,False,True,True
Lorenzo,Osvaldo Pugliese,1965-08,tango,Musica: Agustín Bardi,D:\Dropbox\TDJ\MUSICA\Eduardo\7\03 Lorenzo.mp3,True,True,1,False,True,True
Di Di,Osvaldo Pugliese,1967,tango,R. Firpo,D:\Dropbox\TDJ\MUSICA\Eduardo\sc2\07 Di Di.mp3,True,False,0,False,True,False
Zorro gris,Osvaldo Pugliese,1969-09,tango,Musica: Rafael Tuegols - Letra: Francisco García Jiménez,D:\Dropbox\TDJ\MUSICA\Eduardo\2\08 Zorro Gris.mp3,True,True,1,False,True,True
La payanca,Osvaldo Pugliese,1964-05,tango,Musica: Augusto Berto - Letra: Jesús Fernández Blanco,D:\Dropbox\TDJ\MUSICA\Eduardo\2\10 La Payanca     -       10.mp3,True,True,1,False,True,True
Verano porteño,Osvaldo Pugliese,1966-05,tango,Musica: Astor Piazzolla,D:\Dropbox\TDJ\MUSICA\Eduardo\2\11 Verano Porteño.mp3,True,True,1,False,True,True
Charamusca,Osvaldo Pugliese,1963-05,tango,Musica: Francisco Canaro,D:\Dropbox\TDJ\MUSICA\Eduardo\2\12 Charamusca.mp3,True,True,1,False,True,True
Marejada,Osvaldo Pugliese,1967-07,tango,Musica: Roberto Firpo - Letra: Daniel López Barreto,D:\Dropbox\TDJ\MUSICA\Eduardo\2\13 Marejada.mp3,True,True,1,False,True,True
La cabrera,Osvaldo Pugliese,1963-11,tango,Musica: ? - Letra: ?,D:\Dropbox\TDJ\MUSICA\Eduardo\2\14 La Cabrera.mp3,True,True,1,False,True,True
La payanca,Osvaldo Pugliese,1964-05,tango,Musica: Augusto Berto - Letra: Jesús Fernández Blanco,D:\Dropbox\TDJ\MUSICA\Eduardo\5\La Payanca -  10.mp3,True,True,1,False,True,True
La payanca,Osvaldo Pugliese,1964-05,tango,Musica: Augusto Berto - Letra: Jesús Fernández Blanco,D:\Dropbox\TDJ\MUSICA\Eduardo\5\La Payanca    esu-170.mp3,True,True,1,False,True,True
El motivo (Pobre paica),Osvaldo Pugliese,1966-08,tango,Musica: Juan Carlos Cobián - Letra: Pascual Contursi,D:\Dropbox\TDJ\MUSICA\Eduardo\2\14 El Motivo.mp3,True,True,1,False,True,True
Nostálgico,Osvaldo Pugliese,1962-09,tango,Musica: Julián Plaza,D:\Dropbox\TDJ\MUSICA\Eduardo\7\06 Nostalgico.mp3,True,True,1,False,True,True
Cardo y malvón,Osvaldo Pugliese,1962-06,tango,Musica: Osvaldo Pugliese,D:\Dropbox\TDJ\MUSICA\Eduardo\2\11 Cardo Y Malvón.mp3,True,True,1,False,True,True
Mala Junta,Osvaldo Pugliese,,tango,,D:\Dropbox\TDJ\MUSICA\Eduardo\sc1\Mala Junta (R. Herrera).mp3,True,True,3,False,True,False
Malambeao,Osvaldo Pugliese,2001,tango,,D:\Dropbox\TDJ\MUSICA\Leandro\Osvaldo Pugliese\Osvaldo Pugliese - El eslabón perdido (Sello Stentor + Bonus tracks) (1960)\01.Osvaldo Ruggiero - Malambeao.flac,True,True,2,False,True,False
Arrabal,Osvaldo Pugliese,2001,tango,,D:\Dropbox\TDJ\MUSICA\Leandro\Osvaldo Pugliese\Osvaldo Pugliese - El eslabón perdido (Sello Stentor + Bonus tracks) (1960)\04.José Pascual - Arrabal.flac,True,True,3,False,True,False
Nonino,Osvaldo Pugliese,2001,tango,,D:\Dropbox\TDJ\MUSICA\Leandro\Osvaldo Pugliese\Osvaldo Pugliese - El eslabón perdido (Sello Stentor + Bonus tracks) (1960)\09.Astor Piazzolla - Nonino.flac,True,True,2,False,True,False
La yumba (1948),Osvaldo Pugliese,1948,tango,,D:\Dropbox\TDJ\MUSICA\Leandro\Osvaldo Pugliese\Osvaldo Pugliese - El eslabón perdido (Sello Stentor + Bonus tracks) (1960)\14.Osvaldo Pugliese - La yumba (1948).flac,True,True,4,False,True,False
La cachila,Osvaldo Pugliese,1945-09-24,tango,Musica: Eduardo Arolas - Letra: Héctor Polito,D:\Dropbox\TDJ\MUSICA\Camilo Gatica\Osvaldo Pugliese\Compilados\Odeón (1943-1960)\Osvaldo Pugliese - A los Amigos (1945-1977)\01.Eduardo Arolas - La cachila (25-01-1945).flac,False,False,1,False,False,True
Quejas de bandoneón,Osvaldo Pugliese,1977-06-14,tango,Musica: Juan de Dios Filiberto,D:\Dropbox\TDJ\MUSICA\Camilo Gatica\Osvaldo Pugliese\Compilados\Odeón (1943-1960)\Osvaldo Pugliese - A los Amigos (1945-1977)\02.Juan de Dios Filiberto - Quejas de bandoneón (14-06-1977).flac,True,True,1,False,True,True
La guitarrita,Osvaldo Pugliese,1954-07-14,tango,Musica: Eduardo Arolas - Letra: Gabriel Clausi,D:\Dropbox\TDJ\MUSICA\Camilo Gatica\Osvaldo Pugliese\Compilados\Odeón (1943-1960)\Osvaldo Pugliese - A los Amigos (1945-1977)\03.Eduardo Arolas - La guitarrita (14-07-1954).flac,True,True,1,False,True,True
9 de Julio,Osvaldo Pugliese,1954-05-13,tango,Musica: José Luis Padula - Letra: Lito Bayardo,D:\Dropbox\TDJ\MUSICA\Camilo Gatica\Osvaldo Pugliese\Compilados\Odeón (1943-1960)\Osvaldo Pugliese - A los Amigos (1945-1977)\04.José Luis Padula - Nueve de Julio (13-05-1954).flac,True,True,1,False,True,True
Alma de bohemio,Osvaldo Pugliese,1958-12-10,tango,Musica: Roberto Firpo - Letra: Juan Andrés Caruso,D:\Dropbox\TDJ\MUSICA\Camilo Gatica\Osvaldo Pugliese\Compilados\Odeón (1943-1960)\Osvaldo Pugliese - A los Amigos (1945-1977)\05.Roberto Firpo - Alma de bohemio (10-12-1958).flac,True,True,1,False,True,True
Chiqué,Osvaldo Pugliese,1953-05-28,tango,Musica: Ricardo Luis Brignolo - Letra: Ricardo Brignolo,D:\Dropbox\TDJ\MUSICA\Edmundo\Pugliese\Osvaldo Pugliese - Chiqué.flac,True,True,1,False,True,True
Chiqué,Osvaldo Pugliese,1953-05-28,tango,Musica: Ricardo Luis Brignolo - Letra: Ricardo Brignolo,D:\Dropbox\TDJ\MUSICA\Camilo Gatica\Osvaldo Pugliese\Compilados\Odeón (1943-1960)\Osvaldo Pugliese - A los Amigos (1945-1977)\06.Ricardo Luis Brignolo - Chiqué (28-05-1953).flac,False,False,1,False,False,True
El africano,Osvaldo Pugliese,1978-12-20,tango,Musica: Eduardo Pereyra - Letra: Francisco Lío,D:\Dropbox\TDJ\MUSICA\Camilo Gatica\Osvaldo Pugliese\Compilados\Odeón (1943-1960)\Osvaldo Pugliese - A los Amigos (1945-1977)\07.Eduardo Pereyra - El Africano (20-12-1978).flac,True,True,1,False,True,True
Emancipación,Osvaldo Pugliese,1955-09-02,tango,Musica: Alfredo Bevilacqua,D:\Dropbox\TDJ\MUSICA\Camilo Gatica\Osvaldo Pugliese\Compilados\Odeón (1943-1960)\Osvaldo Pugliese - A los Amigos (1945-1977)\08.Antonio Polito & Alfredo Bevilaquia - Emancipación (02-09-1955).flac,True,True,1,False,True,True
Unión Cívica,Osvaldo Pugliese,1958-11-19,tango,Musica: Domingo Santa Cruz,D:\Dropbox\TDJ\MUSICA\Camilo Gatica\Osvaldo Pugliese\Compilados\Odeón (1943-1960)\Osvaldo Pugliese - A los Amigos (1945-1977)\09.Domingo Santa Cruz - Unión cívica (19-11-1958).flac,False,False,1,False,False,True
A los amigos,Osvaldo Pugliese,1960-07-15,tango,Musica: Armando Pontier,D:\Dropbox\TDJ\MUSICA\Camilo Gatica\Osvaldo Pugliese\Compilados\Odeón (1943-1960)\Osvaldo Pugliese - A los Amigos (1945-1977)\10.Armando Pontier - A los amigos (15-07-1960).flac,True,True,1,False,True,True
La bordona,Osvaldo Pugliese,1958-08-06,tango,Musica: Emilio Balcarce,D:\Dropbox\TDJ\MUSICA\Camilo Gatica\Osvaldo Pugliese\Compilados\Odeón (1943-1960)\Osvaldo Pugliese - A los Amigos (1945-1977)\11.Emilio Balcarce - La bordona (06-08-1958).flac,True,True,1,False,True,True
Arrabal,Osvaldo Pugliese,1974-09-27,tango,Musica: José Pascual,D:\Dropbox\TDJ\MUSICA\Edmundo\Pugliese\Osvaldo Pugliese - Arrabal.flac,True,True,1,False,True,True
Arrabal,Osvaldo Pugliese,1974-09-27,tango,Musica: José Pascual,D:\Dropbox\TDJ\MUSICA\Camilo Gatica\Osvaldo Pugliese\Compilados\Odeón (1943-1960)\Osvaldo Pugliese - A los Amigos (1945-1977)\12.José Pascual - Arrabal (27-09-1974).flac,False,False,1,False,False,True
Camandulaje,Osvaldo Pugliese,1973-12-12,tango,Musica: Alfredo Gobbi,D:\Dropbox\TDJ\MUSICA\Camilo Gatica\Osvaldo Pugliese\Compilados\Odeón (1943-1960)\Osvaldo Pugliese - A los Amigos (1945-1977)\13.Alfredo Gobbi - Camandulaje (07-12-1973).flac,False,False,1,False,False,True
El andariego,Osvaldo Pugliese,1972-06-26,tango,Musica: Alfredo Gobbi,D:\Dropbox\TDJ\MUSICA\Camilo Gatica\Osvaldo Pugliese\Compilados\Odeón (1943-1960)\Osvaldo Pugliese - A los Amigos (1945-1977)\14.Alfredo Gobbi - El andariego (16-06-1972).flac,False,False,1,False,False,True
Ojos negros,Osvaldo Pugliese,1972-12-20,tango,Musica: Vicente Greco - Letra: Pedro Numa Cordoba,D:\Dropbox\TDJ\MUSICA\Camilo Gatica\Osvaldo Pugliese\Compilados\Odeón (1943-1960)\Osvaldo Pugliese - A los Amigos (1945-1977)\15.Vicente Greco - Ojos negros (20-12-1972).flac,True,True,1,False,True,True
Tinta roja,Osvaldo Pugliese,1972-04-25,tango,Musica: Sebastián Piana - Letra: Cátulo Castillo,D:\Dropbox\TDJ\MUSICA\Camilo Gatica\Osvaldo Pugliese\Compilados\Odeón (1943-1960)\Osvaldo Pugliese - A los Amigos (1945-1977)\16.Sebastián Piana - Tinta roja (25-04-1972).flac,True,True,1,False,True,True
La cachila,Osvaldo Pugliese,1945-09-24,tango,Musica: Eduardo Arolas - Letra: Héctor Polito,D:\Dropbox\TDJ\MUSICA\Dan\Pugliese\Osvaldo Pugliese - A los Amigos (1945-1977)\Osvaldo Pugliese_Reliquias： A los amigos - 01 - La cachila.flac,True,True,1,False,True,True
Quejas de bandoneón,Osvaldo Pugliese,1977-06-14,tango,Musica: Juan de Dios Filiberto,D:\Dropbox\TDJ\MUSICA\Dan\Pugliese\Osvaldo Pugliese - A los Amigos (1945-1977)\Osvaldo Pugliese_Reliquias： A los amigos - 02 - Quejas de bandoneón.flac,True,True,1,False,True,True
La guitarrita,Osvaldo Pugliese,1954-07-14,tango,Musica: Eduardo Arolas - Letra: Gabriel Clausi,D:\Dropbox\TDJ\MUSICA\Dan\Pugliese\Osvaldo Pugliese - A los Amigos (1945-1977)\Osvaldo Pugliese_Reliquias： A los amigos - 03 - La guitarrita.flac,True,True,1,False,True,True
9 de Julio,Osvaldo Pugliese,1954-05-13,tango,Musica: José Luis Padula - Letra: Lito Bayardo,D:\Dropbox\TDJ\MUSICA\Dan\Pugliese\Osvaldo Pugliese - A los Amigos (1945-1977)\Osvaldo Pugliese_Reliquias： A los amigos - 04 - Nueve de julio.flac,True,True,1,False,True,True
Alma de bohemio,Osvaldo Pugliese,1958-12-10,tango,Musica: Roberto Firpo - Letra: Juan Andrés Caruso,D:\Dropbox\TDJ\MUSICA\Dan\Pugliese\Osvaldo Pugliese - A los Amigos (1945-1977)\Osvaldo Pugliese_Reliquias： A los amigos - 05 - Alma de bohemio.flac,True,True,1,False,True,True
Chiqué,Osvaldo Pugliese,1953-05-28,tango,Musica: Ricardo Luis Brignolo - Letra: Ricardo Brignolo,D:\Dropbox\TDJ\MUSICA\Dan\Pugliese\Osvaldo Pugliese - A los Amigos (1945-1977)\Osvaldo Pugliese_Reliquias： A los amigos - 06 - Chiqué.flac,True,True,1,False,True,True
El africano,Osvaldo Pugliese,1978-12-20,tango,Musica: Eduardo Pereyra - Letra: Francisco Lío,D:\Dropbox\TDJ\MUSICA\Dan\Pugliese\Osvaldo Pugliese - A los Amigos (1945-1977)\Osvaldo Pugliese_Reliquias： A los amigos - 07 - El africano.flac,True,True,1,False,True,True
Emancipación,Osvaldo Pugliese,1955-09-02,tango,Musica: Alfredo Bevilacqua,D:\Dropbox\TDJ\MUSICA\Dan\Pugliese\Osvaldo Pugliese - A los Amigos (1945-1977)\Osvaldo Pugliese_Reliquias： A los amigos - 08 - Emancipación.flac,True,True,1,False,True,True
Unión Cívica,Osvaldo Pugliese,1958-11-19,tango,Musica: Domingo Santa Cruz,D:\Dropbox\TDJ\MUSICA\Dan\Pugliese\Osvaldo Pugliese - A los Amigos (1945-1977)\Osvaldo Pugliese_Reliquias： A los amigos - 09 - Unión cívica.flac,False,False,1,False,False,True
A los amigos,Osvaldo Pugliese,1960-07-15,tango,Musica: Armando Pontier,D:\Dropbox\TDJ\MUSICA\Dan\Pugliese\Osvaldo Pugliese - A los Amigos (1945-1977)\Osvaldo Pugliese_Reliquias： A los amigos - 10 - A los amigos.flac,True,True,1,False,True,True
La bordona,Osvaldo Pugliese,1958-08-06,tango,Musica: Emilio Balcarce,D:\Dropbox\TDJ\MUSICA\Dan\Pugliese\Osvaldo Pugliese - A los Amigos (1945-1977)\Osvaldo Pugliese_Reliquias： A los amigos - 11 - La bordona.flac,True,True,1,False,True,True
Arrabal,Osvaldo Pugliese,1974-09-27,tango,Musica: José Pascual,D:\Dropbox\TDJ\MUSICA\Dan\Pugliese\Osvaldo Pugliese - A los Amigos (1945-1977)\Osvaldo Pugliese_Reliquias： A los amigos - 12 - Arrabal.flac,True,True,1,False,True,True
Camandulaje,Osvaldo Pugliese,1973-12-12,tango,Musica: Alfredo Gobbi,D:\Dropbox\TDJ\MUSICA\Dan\Pugliese\Osvaldo Pugliese - A los Amigos (1945-1977)\Osvaldo Pugliese_Reliquias： A los amigos - 13 - Camandulaje.flac,True,True,1,False,True,True
El andariego,Osvaldo Pugliese,1972-06-26,tango,Musica: Alfredo Gobbi,D:\Dropbox\TDJ\MUSICA\Dan\Pugliese\Osvaldo Pugliese - A los Amigos (1945-1977)\Osvaldo Pugliese_Reliquias： A los amigos - 14 - El andariego.flac,True,True,1,False,True,True
Ojos negros,Osvaldo Pugliese,1972-12-20,tango,Musica: Vicente Greco - Letra: Pedro Numa Cordoba,D:\Dropbox\TDJ\MUSICA\Dan\Pugliese\Osvaldo Pugliese - A los Amigos (1945-1977)\Osvaldo Pugliese_Reliquias： A los amigos - 15 - Ojos negros.flac,True,True,1,False,True,True
Tinta roja,Osvaldo Pugliese,1972-04-25,tango,Musica: Sebastián Piana - Letra: Cátulo Castillo,D:\Dropbox\TDJ\MUSICA\Dan\Pugliese\Osvaldo Pugliese - A los Amigos (1945-1977)\Osvaldo Pugliese_Reliquias： A los amigos - 16 - Tinta roja.flac,True,True,1,False,True,True
Malambeao,Osvaldo Pugliese,1994,tango,,D:\Dropbox\TDJ\MUSICA\Camilo Gatica\Osvaldo Pugliese\Compilados\Philips (1962-1970)\Osvaldo Pugliese - Antología Vol.1 (1961-1962)\01.Osvaldo Ruggiero - Malambeao.flac,True,True,2,False,True,False
Nonino,Osvaldo Pugliese,1994,tango,,D:\Dropbox\TDJ\MUSICA\Camilo Gatica\Osvaldo Pugliese\Compilados\Philips (1962-1970)\Osvaldo Pugliese - Antología Vol.1 (1961-1962)\03.Astor Piazzolla - Nonino.flac,True,True,2,False,True,False
Don Augustín Bardi,Osvaldo Pugliese,1994,tango,Horacio Salgán,D:\Dropbox\TDJ\MUSICA\Camilo Gatica\Osvaldo Pugliese\Compilados\Philips (1962-1970)\Osvaldo Pugliese - Antología Vol.1 (1961-1962)\05.Horacio Salgán - Don Agustín Bardi.flac,True,True,1,False,True,False
Senda de amor,Osvaldo Pugliese,1994,tango,,D:\Dropbox\TDJ\MUSICA\Camilo Gatica\Osvaldo Pugliese\Compilados\Philips (1962-1970)\Osvaldo Pugliese - Antología Vol.1 (1961-1962)\10.Javier Mazzea & Ernesto Laur - Senda de amor.flac,True,True,1,False,True,False
Festejando,Osvaldo Pugliese,1994,tango,,D:\Dropbox\TDJ\MUSICA\Camilo Gatica\Osvaldo Pugliese\Compilados\Philips (1962-1970)\Osvaldo Pugliese - Antología Vol.1 (1961-1962)\14.Héctor Stamponi - Festejando.flac,True,True,1,False,True,False
Cabulero,Osvaldo Pugliese,1994,tango,,D:\Dropbox\TDJ\MUSICA\Camilo Gatica\Osvaldo Pugliese\Compilados\Philips (1962-1970)\Osvaldo Pugliese - Antología Vol.1 (1961-1962)\16.Leopoldo Federico - Cabulero.flac,True,True,1,False,True,False
Cardo y malvón,Osvaldo Pugliese,1994,tango,Osvaldo Pugliese,D:\Dropbox\TDJ\MUSICA\Camilo Gatica\Osvaldo Pugliese\Compilados\Philips (1962-1970)\Osvaldo Pugliese - Antología Vol.2 (1962-1964)\01.Osvaldo Pugliese - Cardo y malvón (1962).flac,True,True,1,False,True,False
Nostálgico,Osvaldo Pugliese,1994,tango,,D:\Dropbox\TDJ\MUSICA\Camilo Gatica\Osvaldo Pugliese\Compilados\Philips (1962-1970)\Osvaldo Pugliese - Antología Vol.2 (1962-1964)\03.Julián Plaza - Nostálgico (1962).flac,True,True,1,False,True,False
Bordoneo y 900,Osvaldo Pugliese,1994,tango,Osvaldo Ruggiero,D:\Dropbox\TDJ\MUSICA\Camilo Gatica\Osvaldo Pugliese\Compilados\Philips (1962-1970)\Osvaldo Pugliese - Antología Vol.2 (1962-1964)\06.Osvaldo Ruggiero - Bordoneo y 900 (1962).flac,True,True,1,False,True,False
Inspiración,Osvaldo Pugliese,1994,tango,Peregrino Paulos,D:\Dropbox\TDJ\MUSICA\Camilo Gatica\Osvaldo Pugliese\Compilados\Philips (1962-1970)\Osvaldo Pugliese - Antología Vol.2 (1962-1964)\08.Peregrino Paulos - Inspiración (1962).flac,True,True,1,False,True,False
Charamusca,Osvaldo Pugliese,1994,tango,Francisco Canaro,D:\Dropbox\TDJ\MUSICA\Camilo Gatica\Osvaldo Pugliese\Compilados\Philips (1962-1970)\Osvaldo Pugliese - Antología Vol.2 (1962-1964)\10.Francisco Canaro - Charamusca (1963).flac,True,True,1,False,True,False
La cabrera,Osvaldo Pugliese,1994,tango,Eduardo Arolas,D:\Dropbox\TDJ\MUSICA\Camilo Gatica\Osvaldo Pugliese\Compilados\Philips (1962-1970)\Osvaldo Pugliese - Antología Vol.2 (1962-1964)\12.Eduardo Arolas - La cabrera (1963).flac,True,True,1,False,True,False
El amanecer,Osvaldo Pugliese,1994,tango,Roberto Firpo,D:\Dropbox\TDJ\MUSICA\Camilo Gatica\Osvaldo Pugliese\Compilados\Philips (1962-1970)\Osvaldo Pugliese - Antología Vol.2 (1962-1964)\13.Roberto Firpo - El amanecer (1964).flac,True,True,1,False,True,False
La payanca,Osvaldo Pugliese,1994,tango,Augusto Pedro Berto,D:\Dropbox\TDJ\MUSICA\Camilo Gatica\Osvaldo Pugliese\Compilados\Philips (1962-1970)\Osvaldo Pugliese - Antología Vol.2 (1962-1964)\15.Augusto Berto - La payanca (1964).flac,True,True,1,False,True,False
Norteño,Osvaldo Pugliese,1994,tango,Emilio Balcarce,D:\Dropbox\TDJ\MUSICA\Camilo Gatica\Osvaldo Pugliese\Compilados\Philips (1962-1970)\Osvaldo Pugliese - Antología Vol.2 (1962-1964)\17.Emilio Balcarce - Norteño (1964).flac,True,True,1,False,True,False
Pa' la guardia,Osvaldo Pugliese,1994,tango,,D:\Dropbox\TDJ\MUSICA\Camilo Gatica\Osvaldo Pugliese\Compilados\Philips (1962-1970)\Osvaldo Pugliese - Antología Vol.3 (1964-1966)\01.Ernesto Baffa & Antonio Scelza - Pa' la guardia (1964).flac,True,True,1,False,True,False
Morena,Osvaldo Pugliese,1994,tango,,D:\Dropbox\TDJ\MUSICA\Camilo Gatica\Osvaldo Pugliese\Compilados\Philips (1962-1970)\Osvaldo Pugliese - Antología Vol.3 (1964-1966)\03.Julián Plaza - Morena (1964).flac,True,True,1,False,True,False
El relámpago,Osvaldo Pugliese,1994,tango,,D:\Dropbox\TDJ\MUSICA\Camilo Gatica\Osvaldo Pugliese\Compilados\Philips (1962-1970)\Osvaldo Pugliese - Antología Vol.3 (1964-1966)\05.Florindo Sassone - El relámpago (1964).flac,True,True,1,False,True,False
A los artistas plásticos,Osvaldo Pugliese,1994,tango,,D:\Dropbox\TDJ\MUSICA\Camilo Gatica\Osvaldo Pugliese\Compilados\Philips (1962-1970)\Osvaldo Pugliese - Antología Vol.3 (1964-1966)\07.Osvaldo Pugliese - A los artistas plásticos (1965).flac,True,True,1,False,True,False
Buenos Aires - Tokyo,Osvaldo Pugliese,1994,tango,,D:\Dropbox\TDJ\MUSICA\Camilo Gatica\Osvaldo Pugliese\Compilados\Philips (1962-1970)\Osvaldo Pugliese - Antología Vol.3 (1964-1966)\09.Julián Plaza - Buenos Aires - Tokyo (1965).flac,True,True,1,False,True,False
Lorenzo,Osvaldo Pugliese,1994,tango,,D:\Dropbox\TDJ\MUSICA\Camilo Gatica\Osvaldo Pugliese\Compilados\Philips (1962-1970)\Osvaldo Pugliese - Antología Vol.3 (1964-1966)\11.Agustín Bardi - Lorenzo (1965).flac,True,True,1,False,True,False
Canaro en París,Osvaldo Pugliese,1994,tango,,D:\Dropbox\TDJ\MUSICA\Camilo Gatica\Osvaldo Pugliese\Compilados\Philips (1962-1970)\Osvaldo Pugliese - Antología Vol.3 (1964-1966)\14.Juan Caldarella & Alejandro Scarpino - Canaro en París (1965).flac,True,True,2,False,True,False
Orlando Goñi,Osvaldo Pugliese,1994,tango,,D:\Dropbox\TDJ\MUSICA\Camilo Gatica\Osvaldo Pugliese\Compilados\Philips (1962-1970)\Osvaldo Pugliese - Antología Vol.3 (1964-1966)\16.Alfredo Gobbi - Orlando Goñi (1965).flac,True,True,1,False,True,False
La mariposa,Osvaldo Pugliese,1994,tango,,D:\Dropbox\TDJ\MUSICA\Camilo Gatica\Osvaldo Pugliese\Compilados\Philips (1962-1970)\Osvaldo Pugliese - Antología Vol.3 (1964-1966)\18.Pedro Maffia - La mariposa (1966).flac,True,True,2,False,True,False
Verano porteño,Osvaldo Pugliese,1994,tango,,D:\Dropbox\TDJ\MUSICA\Camilo Gatica\Osvaldo Pugliese\Compilados\Philips (1962-1970)\Osvaldo Pugliese - Antología Vol.4 (1966-1967)\02.Astor Piazzolla - Verano porteño (1966).flac,True,True,1,False,True,False
El motivo,Osvaldo Pugliese,1994,tango,,D:\Dropbox\TDJ\MUSICA\Camilo Gatica\Osvaldo Pugliese\Compilados\Philips (1962-1970)\Osvaldo Pugliese - Antología Vol.4 (1966-1967)\06.Juan Carlos Cobián - El motivo (1966).flac,True,True,1,False,True,False
Mi lejana Buenos Aires,Osvaldo Pugliese,1994,tango,,D:\Dropbox\TDJ\MUSICA\Camilo Gatica\Osvaldo Pugliese\Compilados\Philips (1962-1970)\Osvaldo Pugliese - Antología Vol.4 (1966-1967)\08.Emilio Balcarce - Mi lejana Buenos Aires (1966).flac,True,True,1,False,True,False
Locura tanguera,Osvaldo Pugliese,1994,tango,,D:\Dropbox\TDJ\MUSICA\Camilo Gatica\Osvaldo Pugliese\Compilados\Philips (1962-1970)\Osvaldo Pugliese - Antología Vol.4 (1966-1967)\10.Osvaldo Ruggiero - Locura tanguera (1966).flac,True,True,1,False,True,False
Nobleza de arrabal,Osvaldo Pugliese,1994,tango,,D:\Dropbox\TDJ\MUSICA\Camilo Gatica\Osvaldo Pugliese\Compilados\Philips (1962-1970)\Osvaldo Pugliese - Antología Vol.4 (1966-1967)\14.Francisco Canaro - Nobleza de arrabal (1966).flac,True,True,1,False,True,False
Didí,Osvaldo Pugliese,1994,tango,,D:\Dropbox\TDJ\MUSICA\Camilo Gatica\Osvaldo Pugliese\Compilados\Philips (1962-1970)\Osvaldo Pugliese - Antología Vol.5 (1967-1969)\01.Roberto Firpo - Didí (1967).flac,True,True,1,False,True,False
Marejada,Osvaldo Pugliese,1994,tango,,D:\Dropbox\TDJ\MUSICA\Camilo Gatica\Osvaldo Pugliese\Compilados\Philips (1962-1970)\Osvaldo Pugliese - Antología Vol.5 (1967-1969)\03.Roberto Firpo - Marejada (1967).flac,True,True,1,False,True,False
Bien de tango,Osvaldo Pugliese,1994,tango,,D:\Dropbox\TDJ\MUSICA\Camilo Gatica\Osvaldo Pugliese\Compilados\Philips (1962-1970)\Osvaldo Pugliese - Antología Vol.5 (1967-1969)\05.Armando Cupo - Bien de tango (1967).flac,True,True,1,False,True,False
Tangueando te quiero,Osvaldo Pugliese,1994,tango,,D:\Dropbox\TDJ\MUSICA\Camilo Gatica\Osvaldo Pugliese\Compilados\Philips (1962-1970)\Osvaldo Pugliese - Antología Vol.5 (1967-1969)\06.Carlos Di Sarli - Tangueando te quiero (1967).flac,True,True,1,False,True,False
Bandoneón arrabalero,Osvaldo Pugliese,1994,tango,,D:\Dropbox\TDJ\MUSICA\Camilo Gatica\Osvaldo Pugliese\Compilados\Philips (1962-1970)\Osvaldo Pugliese - Antología Vol.5 (1967-1969)\07.Juan Bautista Deambroggio - Bandoneón arrabalero (1967).flac,True,True,1,False,True,False
Universo,Osvaldo Pugliese,1994,tango,,D:\Dropbox\TDJ\MUSICA\Camilo Gatica\Osvaldo Pugliese\Compilados\Philips (1962-1970)\Osvaldo Pugliese - Antología Vol.5 (1967-1969)\09.José Libertella - Universo (1967).flac,True,True,1,False,True,False
El Entrerriano,Osvaldo Pugliese,1994,tango,,D:\Dropbox\TDJ\MUSICA\Camilo Gatica\Osvaldo Pugliese\Compilados\Philips (1962-1970)\Osvaldo Pugliese - Antología Vol.5 (1967-1969)\12.Rosendo Mendizábal - El Entrerriano (1968).flac,True,True,1,False,True,False
¡Qué noche!,Osvaldo Pugliese,1994,tango,,D:\Dropbox\TDJ\MUSICA\Camilo Gatica\Osvaldo Pugliese\Compilados\Philips (1962-1970)\Osvaldo Pugliese - Antología Vol.5 (1967-1969)\14.Agustín Bardi - ¡Qué noche! (1968).flac,True,False,0,False,True,False
El pensamiento,Osvaldo Pugliese,1994,tango,,D:\Dropbox\TDJ\MUSICA\Camilo Gatica\Osvaldo Pugliese\Compilados\Philips (1962-1970)\Osvaldo Pugliese - Antología Vol.5 (1967-1969)\16.José Martínez - El pensamiento (1969).flac,True,True,1,False,True,False
El marne,Osvaldo Pugliese,1994,tango,,D:\Dropbox\TDJ\MUSICA\Camilo Gatica\Osvaldo Pugliese\Compilados\Philips (1962-1970)\Osvaldo Pugliese - Antología Vol.5 (1967-1969)\18.Eduardo Arolas - El Marne (1969).flac,True,True,1,False,True,False
A Evaristo Carriego,Osvaldo Pugliese,1994,tango,,D:\Dropbox\TDJ\MUSICA\Camilo Gatica\Osvaldo Pugliese\Compilados\Philips (1962-1970)\Osvaldo Pugliese - Antología Vol.6 (1969-1970)\03.Eduardo Rovira - A Evaristo Carriego (1969).flac,True,True,2,False,True,False
Bandó,Osvaldo Pugliese,1994,tango,,D:\Dropbox\TDJ\MUSICA\Camilo Gatica\Osvaldo Pugliese\Compilados\Philips (1962-1970)\Osvaldo Pugliese - Antología Vol.6 (1969-1970)\04.Astor Piazzolla - Bandó (1969).flac,True,True,1,False,True,False
La biandunga,Osvaldo Pugliese,1994,tango,,D:\Dropbox\TDJ\MUSICA\Camilo Gatica\Osvaldo Pugliese\Compilados\Philips (1962-1970)\Osvaldo Pugliese - Antología Vol.6 (1969-1970)\05.Osvaldo Pugliese - La biandunga (1969).flac,True,True,1,False,True,False
Si sos brujo,Osvaldo Pugliese,1952-10-09,tango,Musica: Emilio Balcarce,D:\Dropbox\TDJ\MUSICA\Camilo Gatica\Osvaldo Pugliese\Compilados\Odeón (1943-1960)\Osvaldo Pugliese - Cantan Alberto Morán y Roberto Chanel (1944-1954)\04.Emilio Balcarce - Si sos brujo (1952).flac,True,True,1,False,True,True
La tupungatina,Osvaldo Pugliese,1952-11-13,tango,Musica: Cristino Tapia - Letra: Cristino Tapia,D:\Dropbox\TDJ\MUSICA\Edmundo\Pugliese\Osvaldo Pugliese - La Tupungatina 1.flac,True,True,1,False,True,True
La Tupungatina,Osvaldo Pugliese,2002,tango,,D:\Dropbox\TDJ\MUSICA\Camilo Gatica\Osvaldo Pugliese\Compilados\Odeón (1943-1960)\Osvaldo Pugliese - Cantan Alberto Morán y Roberto Chanel (1944-1954)\09.Carlos Tapia - La Tupungatina (1952).flac,True,True,2,False,True,False
Mi lamento,Osvaldo Pugliese,1954-03-17,tango,Musica: Julio Carrasco,D:\Dropbox\TDJ\MUSICA\Camilo Gatica\Osvaldo Pugliese\Compilados\Odeón (1943-1960)\Osvaldo Pugliese - Cantan Alberto Morán y Roberto Chanel (1944-1954)\14.Julio Carrasco - Mi lamento (1954).flac,True,True,1,False,True,True
Mi fuelle rezonga,Osvaldo Pugliese,1954-12-13,tango,Musica: Pedro Toscano,D:\Dropbox\TDJ\MUSICA\Camilo Gatica\Osvaldo Pugliese\Compilados\Odeón (1943-1960)\Osvaldo Pugliese - Cantan Alberto Morán y Roberto Chanel (1944-1954)\18.Pedro Toscano - Mi fuelle rezonga (1954).flac,True,True,1,False,True,True
Desde el alma,Osvaldo Pugliese,1980,tango vals,,D:\Dropbox\TDJ\MUSICA\Leandro\Osvaldo Pugliese\EMI-Odeón (1972-1989)\Osvaldo Pugliese - Desde el alma (1980)\01.Rosita Melo - Desde el alma.flac,True,True,2,False,True,False
Madrugados bien temprano,Osvaldo Pugliese,1980,tango,,D:\Dropbox\TDJ\MUSICA\Leandro\Osvaldo Pugliese\EMI-Odeón (1972-1989)\Osvaldo Pugliese - Desde el alma (1980)\02.Osvaldo Pugliese - Madrugados bien temprano.flac,True,True,1,False,True,False
Cuando tallan los recuerdos,Osvaldo Pugliese,1980-09-10,tango,Musica: Rafael Rossi - Letra: Enrique Cadícamo,D:\Dropbox\TDJ\MUSICA\Leandro\Osvaldo Pugliese\EMI-Odeón (1972-1989)\Osvaldo Pugliese - Desde el alma (1980)\03.Rafael Rossi - Cuando tallan los recuerdos.flac,True,True,1,False,True,True
Parlamento,Osvaldo Pugliese,1980,tango,,D:\Dropbox\TDJ\MUSICA\Camilo Gatica\Osvaldo Pugliese\EMI-Odeón (1972-1988)\Osvaldo Pugliese - Desde el alma (1980)\04.Julio De Caro - Parlamento.flac,True,True,1,False,True,False
Montaraz,Osvaldo Pugliese,1980-09-10,tango,Musica: ? - Letra: ?,D:\Dropbox\TDJ\MUSICA\Leandro\Osvaldo Pugliese\EMI-Odeón (1972-1989)\Osvaldo Pugliese - Desde el alma (1980)\05.Vicente Greco - Montaraz.flac,True,True,1,False,True,True
Berretín,Osvaldo Pugliese,1980,tango,,D:\Dropbox\TDJ\MUSICA\Leandro\Osvaldo Pugliese\EMI-Odeón (1972-1989)\Osvaldo Pugliese - Desde el alma (1980)\06.Pedro Laurenz - Berretín.flac,True,True,1,False,True,False
Tengo calle,Osvaldo Pugliese,1980-06-03,tango,Musica: ? - Letra: ?,D:\Dropbox\TDJ\MUSICA\Leandro\Osvaldo Pugliese\EMI-Odeón (1972-1989)\Osvaldo Pugliese - Desde el alma (1980)\07.Silvio Pucci - Tengo calle.flac,True,True,1,False,True,True
De pura cepa,Osvaldo Pugliese,1980-09-10,tango milonga,Musica: José Ceglie - Letra: Osvaldo Sosa Cordero,D:\Dropbox\TDJ\MUSICA\Leandro\Osvaldo Pugliese\EMI-Odeón (1972-1989)\Osvaldo Pugliese - Desde el alma (1980)\08.José Ceglie - De pura cepa.flac,True,True,1,False,True,True
A un artista del Pueblo (A un artista plástico),Osvaldo Pugliese,1980-06-03,tango,Musica: Arturo Penón,D:\Dropbox\TDJ\MUSICA\Camilo Gatica\Osvaldo Pugliese\EMI-Odeón (1972-1988)\Osvaldo Pugliese - Desde el alma (1980)\09.Arturo Penón - A un artista del pueblo.flac,True,True,1,False,True,True
Mi noche triste,Osvaldo Pugliese,1980,tango,,D:\Dropbox\TDJ\MUSICA\Leandro\Osvaldo Pugliese\EMI-Odeón (1972-1989)\Osvaldo Pugliese - Desde el alma (1980)\10.Samuel Castriota - Mi noche triste.flac,True,True,1,False,True,False
El rodeo,Osvaldo Pugliese,1943-07-15,tango,Musica: Agustín Bardi,D:\Dropbox\TDJ\MUSICA\Camilo Gatica\Osvaldo Pugliese\Compilados\Odeón (1943-1960)\Osvaldo Pugliese - Edicion Aniversario (CD.1) (1943-1950)\02.Agustín Bardi - El rodeo (1943).flac,True,True,1,False,True,True
Mala junta,Osvaldo Pugliese,1943-08-27,tango,Musica: Julio De Caro y Pedro Laurenz - Letra: Juan Velich,D:\Dropbox\TDJ\MUSICA\Edmundo\Pugliese\Osvaldo Pugliese - Mala junta.flac,True,True,1,False,True,True
Mala junta,Osvaldo Pugliese,2005,tango,Julio de Caro,D:\Dropbox\TDJ\MUSICA\Camilo Gatica\Osvaldo Pugliese\Compilados\Odeón (1943-1960)\Osvaldo Pugliese - Edicion Aniversario (CD.1) (1943-1950)\03.Julio De Caro & Pedro Laurenz - Mala junta (1943).flac,True,True,3,False,True,False
Recuerdo,Osvaldo Pugliese,2005,tango,Osvaldo Pugliese,D:\Dropbox\TDJ\MUSICA\Camilo Gatica\Osvaldo Pugliese\Compilados\Odeón (1943-1960)\Osvaldo Pugliese - Edicion Aniversario (CD.1) (1943-1950)\05.Osvaldo Pugliese - Recuerdo (1944).flac,True,True,4,False,True,False
Recuerdo,Osvaldo Pugliese,1944-03-31,tango,Musica: Osvaldo Pugliese - Letra: Eduardo Moreno,D:\Dropbox\TDJ\MUSICA\Edmundo\Pugliese\Osvaldo Pugliese - Recuerdo.flac,True,True,1,False,True,True
Adiós Bardi,Osvaldo Pugliese,1944-10-17,tango,Musica: Osvaldo Pugliese,D:\Dropbox\TDJ\MUSICA\Camilo Gatica\Osvaldo Pugliese\Compilados\Odeón (1943-1960)\Osvaldo Pugliese - Edicion Aniversario (CD.1) (1943-1950)\07.Osvaldo Pugliese - Adiós Bardi (1944).flac,True,True,1,False,True,True
Amurado,Osvaldo Pugliese,1944-11-24,tango,Musica: Pedro Maffia y Pedro Laurenz - Letra: José De Grandis,D:\Dropbox\TDJ\MUSICA\Camilo Gatica\Osvaldo Pugliese\Compilados\Odeón (1943-1960)\Osvaldo Pugliese - Edicion Aniversario (CD.1) (1943-1950)\08.Pedro Laurenz & Pedro Maffia - Amurado (1944).flac,True,True,1,False,True,True
Derecho viejo,Osvaldo Pugliese,1945-05-28,tango,Musica: Eduardo Arolas - Letra: Gabriel Clausi,D:\Dropbox\TDJ\MUSICA\Camilo Gatica\Osvaldo Pugliese\Compilados\Odeón (1943-1960)\Osvaldo Pugliese - Edicion Aniversario (CD.1) (1943-1950)\10.Eduardo Arolas - Derecho viejo (1945).flac,True,True,1,False,True,True
Derecho viejo,Osvaldo Pugliese,1945-05-28,tango,Musica: Eduardo Arolas - Letra: Gabriel Clausi,D:\Dropbox\TDJ\MUSICA\Edmundo\Pugliese\Osvaldo Pugliese - Derecho viejo (1945).flac,True,True,1,False,True,True
Flor de tango,Osvaldo Pugliese,1945-08-28,tango,Musica: Julio Carrasco,D:\Dropbox\TDJ\MUSICA\Camilo Gatica\Osvaldo Pugliese\Compilados\Odeón (1943-1960)\Osvaldo Pugliese - Edicion Aniversario (CD.1) (1943-1950)\11.Julio Carrasco - Flor de tango (1945).flac,True,True,1,False,True,True
Las marionetas,Osvaldo Pugliese,1945-11-06,tango,Musica: Osvaldo Pugliese,D:\Dropbox\TDJ\MUSICA\Camilo Gatica\Osvaldo Pugliese\Compilados\Odeón (1943-1960)\Osvaldo Pugliese - Edicion Aniversario (CD.1) (1943-1950)\12.Osvaldo Pugliese - Las marionetas (1945).flac,True,True,1,False,True,True
La yumba,Osvaldo Pugliese,2005,tango,Osvaldo Pugliese,D:\Dropbox\TDJ\MUSICA\Camilo Gatica\Osvaldo Pugliese\Compilados\Odeón (1943-1960)\Osvaldo Pugliese - Edicion Aniversario (CD.1) (1943-1950)\14.Osvaldo Pugliese - La yumba (1946).flac,True,True,3,False,True,False
La yumba,Osvaldo Pugliese,1952-11-13,tango,Musica: Osvaldo Pugliese,D:\Dropbox\TDJ\MUSICA\Edmundo\Pugliese\Osvaldo Pugliese - La yumba.flac,True,True,1,False,True,True
N... N...,Osvaldo Pugliese,1947,tango,Osvaldo Pugliese,D:\Dropbox\TDJ\MUSICA\Edmundo\Pugliese\Osvaldo Pugliese - N... N....flac,True,False,0,False,True,False
N... N...,Osvaldo Pugliese,2005,tango,Osvaldo Pugliese,D:\Dropbox\TDJ\MUSICA\Camilo Gatica\Osvaldo Pugliese\Compilados\Odeón (1943-1960)\Osvaldo Pugliese - Edicion Aniversario (CD.1) (1943-1950)\16.Osvaldo Ruggiero - N... N... (1947).flac,True,False,0,False,True,False
Patético,Osvaldo Pugliese,1948-04-06,tango,Musica: Jorge Caldara,D:\Dropbox\TDJ\MUSICA\Camilo Gatica\Osvaldo Pugliese\Compilados\Odeón (1943-1960)\Osvaldo Pugliese - Edicion Aniversario (CD.1) (1943-1950)\18.Jorge Caldara - Patético (1948).flac,True,True,1,False,True,True
Patético,Osvaldo Pugliese,1948-04-06,tango,Musica: Jorge Caldara,D:\Dropbox\TDJ\MUSICA\Edmundo\Pugliese\Osvaldo Pugliese - Patético 1.flac,True,True,1,False,True,True
Negracha,Osvaldo Pugliese,1948-06-24,tango,Musica: Osvaldo Pugliese,D:\Dropbox\TDJ\MUSICA\Edmundo\Pugliese\Osvaldo Pugliese - Negracha.flac,True,True,1,False,True,True
Negracha,Osvaldo Pugliese,1948-06-24,tango,Musica: Osvaldo Pugliese,D:\Dropbox\TDJ\MUSICA\Camilo Gatica\Osvaldo Pugliese\Compilados\Odeón (1943-1960)\Osvaldo Pugliese - Edicion Aniversario (CD.1) (1943-1950)\19.Osvaldo Pugliese - Negracha (1948).flac,True,True,1,False,True,True
Malandraca,Osvaldo Pugliese,1949-05-31,tango,Musica: Osvaldo Pugliese,D:\Dropbox\TDJ\MUSICA\Camilo Gatica\Osvaldo Pugliese\Compilados\Odeón (1943-1960)\Osvaldo Pugliese - Edicion Aniversario (CD.1) (1943-1950)\20.Osvaldo Pugliese - Malandraca (1949).flac,True,True,1,False,True,True
Pinta brava,Osvaldo Pugliese,1949-08-22,tango,Musica: Francisco Canaro,D:\Dropbox\TDJ\MUSICA\Camilo Gatica\Osvaldo Pugliese\Compilados\Odeón (1943-1960)\Osvaldo Pugliese - Edicion Aniversario (CD.1) (1943-1950)\21.Francisco Canaro - Pinta Brava (1949).flac,True,True,1,False,True,True
Bien compadre,Osvaldo Pugliese,1949-09-27,tango,Musica: Emilio Balcarce,D:\Dropbox\TDJ\MUSICA\Camilo Gatica\Osvaldo Pugliese\Compilados\Odeón (1943-1960)\Osvaldo Pugliese - Edicion Aniversario (CD.1) (1943-1950)\23.Emilio Balcarce - Bien compadre (1949).flac,True,True,1,False,True,True
Catuzo,Osvaldo Pugliese,1949-12-07,tango,Musica: Osvaldo Ruggiero,D:\Dropbox\TDJ\MUSICA\Camilo Gatica\Osvaldo Pugliese\Compilados\Odeón (1943-1960)\Osvaldo Pugliese - Edicion Aniversario (CD.1) (1943-1950)\26.Osvaldo Ruggiero - Catuzo (1949).flac,True,True,1,False,True,True
De floreo,Osvaldo Pugliese,1950-03-29,tango,Musica: Julio Carrasco,D:\Dropbox\TDJ\MUSICA\Edmundo\Pugliese\Osvaldo Pugliese - De floreo.flac,True,True,1,False,True,True
De floreo,Osvaldo Pugliese,1950-03-29,tango,Musica: Julio Carrasco,D:\Dropbox\TDJ\MUSICA\Camilo Gatica\Osvaldo Pugliese\Compilados\Odeón (1943-1960)\Osvaldo Pugliese - Edicion Aniversario (CD.1) (1943-1950)\27.Julio Carrasco - De floreo (1950).flac,True,True,1,False,True,True
Pastoral,Osvaldo Pugliese,1950-05-03,tango,Musica: Juan Caldarella,D:\Dropbox\TDJ\MUSICA\Camilo Gatica\Osvaldo Pugliese\Compilados\Odeón (1943-1960)\Osvaldo Pugliese - Edicion Aniversario (CD.2) (1950-1956)\01.Jorge Caldara - Pastoral (1950).flac,True,True,1,False,True,True
Don Aniceto,Osvaldo Pugliese,1950-07-26,tango,Musica: Esteban Gilardi,D:\Dropbox\TDJ\MUSICA\Camilo Gatica\Osvaldo Pugliese\Compilados\Odeón (1943-1960)\Osvaldo Pugliese - Edicion Aniversario (CD.2) (1950-1956)\03.Esteban Gilardi - Don Aniceto (1950).flac,True,True,1,False,True,True
El tobiano,Osvaldo Pugliese,1950-10-24,tango,Musica: Emilio Balcarce,D:\Dropbox\TDJ\MUSICA\Camilo Gatica\Osvaldo Pugliese\Compilados\Odeón (1943-1960)\Osvaldo Pugliese - Edicion Aniversario (CD.2) (1950-1956)\04.Emilio Balcarce - El tobiano (1950).flac,True,True,1,False,True,True
Don Atilio,Osvaldo Pugliese,1951-06-27,tango,Musica: Osvaldo Pugliese,D:\Dropbox\TDJ\MUSICA\Camilo Gatica\Osvaldo Pugliese\Compilados\Odeón (1943-1960)\Osvaldo Pugliese - Edicion Aniversario (CD.2) (1950-1956)\06.Osvaldo Pugliese - Don Atilio (1951).flac,True,True,1,False,True,True
Bien milonga,Osvaldo Pugliese,1951-07-31,tango,Musica: Ismael Spitalnik,D:\Dropbox\TDJ\MUSICA\Camilo Gatica\Osvaldo Pugliese\Compilados\Odeón (1943-1960)\Osvaldo Pugliese - Edicion Aniversario (CD.2) (1950-1956)\08.Ismael Spitalnik - Bien milonga (1951).flac,True,True,1,False,True,True
El refrán,Osvaldo Pugliese,1951-10-02,tango,Musica: Roberto Peppe,D:\Dropbox\TDJ\MUSICA\Camilo Gatica\Osvaldo Pugliese\Compilados\Odeón (1943-1960)\Osvaldo Pugliese - Edicion Aniversario (CD.2) (1950-1956)\10.Roberto Héctor Peppe - El refrán (1951).flac,True,True,1,False,True,True
Para dos,Osvaldo Pugliese,1952-05-06,tango,Musica: Osvaldo Ruggiero,D:\Dropbox\TDJ\MUSICA\Camilo Gatica\Osvaldo Pugliese\Compilados\Odeón (1943-1960)\Osvaldo Pugliese - Edicion Aniversario (CD.2) (1950-1956)\11.Osvaldo Ruggiero - Para dos (1952).flac,True,True,1,False,True,True
Para dos,Osvaldo Pugliese,1952-05-06,tango,Musica: Osvaldo Ruggiero,D:\Dropbox\TDJ\MUSICA\Edmundo\Pugliese\Osvaldo Pugliese - Para dos.flac,True,True,1,False,True,True
Entrador,Osvaldo Pugliese,1952-05-06,tango,Musica: Mario Demarco,D:\Dropbox\TDJ\MUSICA\Camilo Gatica\Osvaldo Pugliese\Compilados\Odeón (1943-1960)\Osvaldo Pugliese - Edicion Aniversario (CD.2) (1950-1956)\12.Mario Demarco - Entrador (1952).flac,True,True,1,False,True,True
Si sos brujo,Osvaldo Pugliese,1952-10-09,tango,Musica: Emilio Balcarce,D:\Dropbox\TDJ\MUSICA\Camilo Gatica\Osvaldo Pugliese\Compilados\Odeón (1943-1960)\Osvaldo Pugliese - Edicion Aniversario (CD.2) (1950-1956)\13.Emilio Balcarce - Si sos brujo (1952).flac,True,True,1,False,True,True
El embrollo,Osvaldo Pugliese,1952-11-13,tango,Musica: Esteban Gilardi,D:\Dropbox\TDJ\MUSICA\Camilo Gatica\Osvaldo Pugliese\Compilados\Odeón (1943-1960)\Osvaldo Pugliese - Edicion Aniversario (CD.2) (1950-1956)\15.Esteban Gilardi - El embrollo (1952).flac,True,True,1,False,True,True
Mi lamento,Osvaldo Pugliese,1954-03-17,tango,Musica: Julio Carrasco,D:\Dropbox\TDJ\MUSICA\Edmundo\Pugliese\Osvaldo Pugliese - Mi lamento.flac,True,True,1,False,True,True
Mi lamento,Osvaldo Pugliese,1954-03-17,tango,Musica: Julio Carrasco,D:\Dropbox\TDJ\MUSICA\Camilo Gatica\Osvaldo Pugliese\Compilados\Odeón (1943-1960)\Osvaldo Pugliese - Edicion Aniversario (CD.2) (1950-1956)\18.Julio Carrasco - Mi lamento (1954).flac,True,True,1,False,True,True
A mis compañeros,Osvaldo Pugliese,1956-01-31,tango,Musica: Osvaldo Ruggiero,D:\Dropbox\TDJ\MUSICA\Edmundo\Pugliese\Osvaldo Pugliese - A mis compañeros.flac,True,True,1,False,True,True
A mis compañeros,Osvaldo Pugliese,1956-01-31,tango,Musica: Osvaldo Ruggiero,D:\Dropbox\TDJ\MUSICA\Camilo Gatica\Osvaldo Pugliese\Compilados\Odeón (1943-1960)\Osvaldo Pugliese - Edicion Aniversario (CD.2) (1950-1956)\23.Osvaldo Ruggiero - A mis compañeros (31-01-1956).flac,True,True,1,False,True,True
A Roberto Peppe,Osvaldo Pugliese,1956-03-20,tango,Musica: Esteban Gilardi,D:\Dropbox\TDJ\MUSICA\Camilo Gatica\Osvaldo Pugliese\Compilados\Odeón (1943-1960)\Osvaldo Pugliese - Edición Aniversario (CD.3) (1956-1977)\01.Esteban Gilardi - A Roberto Peppe (1956).flac,True,True,1,False,True,True
Nochero soy,Osvaldo Pugliese,1956-11-28,tango,Musica: Oscar Herrero,D:\Dropbox\TDJ\MUSICA\Camilo Gatica\Osvaldo Pugliese\Compilados\Odeón (1943-1960)\Osvaldo Pugliese - Edición Aniversario (CD.3) (1956-1977)\02.Oscar Luis Herrero - Nochero soy (1956).flac,True,True,1,False,True,True
Nochero soy,Osvaldo Pugliese,1956-11-28,tango,Musica: Oscar Herrero,D:\Dropbox\TDJ\MUSICA\Edmundo\Pugliese\Osvaldo Pugliese - Nochero soy.flac,True,True,1,False,True,True
Marrón y azul,Osvaldo Pugliese,1956-12-26,tango,Musica: Astor Piazzolla,D:\Dropbox\TDJ\MUSICA\Camilo Gatica\Osvaldo Pugliese\Compilados\Odeón (1943-1960)\Osvaldo Pugliese - Edición Aniversario (CD.3) (1956-1977)\03.Astor Piazzolla - Marrón y azul (1956).flac,True,True,1,False,True,True
Pata ancha,Osvaldo Pugliese,1957-05-13,tango,Musica: Mario Demarco,D:\Dropbox\TDJ\MUSICA\Edmundo\Pugliese\Osvaldo Pugliese - Pata ancha.flac,True,True,1,False,True,True
Pata ancha,Osvaldo Pugliese,1957-05-13,tango,Musica: Mario Demarco,D:\Dropbox\TDJ\MUSICA\Camilo Gatica\Osvaldo Pugliese\Compilados\Odeón (1943-1960)\Osvaldo Pugliese - Edición Aniversario (CD.3) (1956-1977)\04.Mario Demarco - Pata ancha (13-05-1957).flac,True,True,1,False,True,True
Yunta de oro,Osvaldo Pugliese,1957-10-25,tango,Musica: Osvaldo Ruggiero,D:\Dropbox\TDJ\MUSICA\Edmundo\Pugliese\Osvaldo Pugliese - Yunta de oro .flac,True,True,1,False,True,True
Yunta de oro,Osvaldo Pugliese,1957-10-25,tango,Musica: Osvaldo Ruggiero,D:\Dropbox\TDJ\MUSICA\Camilo Gatica\Osvaldo Pugliese\Compilados\Odeón (1943-1960)\Osvaldo Pugliese - Edición Aniversario (CD.3) (1956-1977)\06.Osvaldo Ruggiero - Yunta de oro (1957).flac,True,True,1,False,True,True
Corazoneando,Osvaldo Pugliese,1958-01-02,tango,Musica: Osvaldo Pugliese,D:\Dropbox\TDJ\MUSICA\Camilo Gatica\Osvaldo Pugliese\Compilados\Odeón (1943-1960)\Osvaldo Pugliese - Edición Aniversario (CD.3) (1956-1977)\08.Osvaldo Pugliese - Corazoneando (1958).flac,True,True,1,False,True,True
Gente amiga,Osvaldo Pugliese,1958-01-02,tango,Musica: Ismael Spitalnik,D:\Dropbox\TDJ\MUSICA\Camilo Gatica\Osvaldo Pugliese\Compilados\Odeón (1943-1960)\Osvaldo Pugliese - Edición Aniversario (CD.3) (1956-1977)\09.Ismael Spitalnik - Gente amiga (02-01-1958).flac,True,True,1,False,True,True
Julie,Osvaldo Pugliese,1958-01-16,tango,Musica: Enrique Alessio y Carlos Lazzari,D:\Dropbox\TDJ\MUSICA\Camilo Gatica\Osvaldo Pugliese\Compilados\Odeón (1943-1960)\Osvaldo Pugliese - Edición Aniversario (CD.3) (1956-1977)\10.Carlos Lazzari & Enrique Alessio - Julie (1958).flac,True,True,1,False,True,True
La bordona,Osvaldo Pugliese,1958-08-06,tango,Musica: Emilio Balcarce,D:\Dropbox\TDJ\MUSICA\Camilo Gatica\Osvaldo Pugliese\Compilados\Odeón (1943-1960)\Osvaldo Pugliese - Edición Aniversario (CD.3) (1956-1977)\12.Emilio Balcarce - La bordona (06-08-1958).flac,True,True,1,False,True,True
Que pinturita,Osvaldo Pugliese,1958-08-06,tango,Musica: Esteban Gilardi,D:\Dropbox\TDJ\MUSICA\Camilo Gatica\Osvaldo Pugliese\Compilados\Odeón (1943-1960)\Osvaldo Pugliese - Edición Aniversario (CD.3) (1956-1977)\13.Esteban Gilardi - Qué pinturita (06-08-1958).flac,True,True,1,False,True,True
Quejumbroso,Osvaldo Pugliese,1959-07-23,tango,Musica: Oscar Herrero,D:\Dropbox\TDJ\MUSICA\Camilo Gatica\Osvaldo Pugliese\Compilados\Odeón (1943-1960)\Osvaldo Pugliese - Edición Aniversario (CD.3) (1956-1977)\14.Luis Oscar Herrero - Quejumbroso (1959).flac,True,True,1,False,True,True
La Beba,Osvaldo Pugliese,1972-04-25,tango,Musica: Osvaldo Pugliese,D:\Dropbox\TDJ\MUSICA\Camilo Gatica\Osvaldo Pugliese\Compilados\Odeón (1943-1960)\Osvaldo Pugliese - Edición Aniversario (CD.3) (1956-1977)\18.Osvaldo Pugliese - La beba (25-04-1972).flac,True,True,1,False,True,True
Para Eduardo Arolas,Osvaldo Pugliese,1976-06-04,tango,Musica: ? - Letra: ?,D:\Dropbox\TDJ\MUSICA\Camilo Gatica\Osvaldo Pugliese\Compilados\Odeón (1943-1960)\Osvaldo Pugliese - Edición Aniversario (CD.3) (1956-1977)\22.Osvaldo Pugliese - Para Eduardo Arolas (1976).flac,True,True,1,False,True,True
El japanga,Osvaldo Pugliese,1978-12-20,tango,Musica: ? - Letra: ?,D:\Dropbox\TDJ\MUSICA\Camilo Gatica\Osvaldo Pugliese\Compilados\Odeón (1943-1960)\Osvaldo Pugliese - Edicion Aniversario (CD.4) (1978-1989)\01.Osvaldo Pugliese - El japanga (1978).flac,True,True,1,False,True,True
Madrugados bien temprano,Osvaldo Pugliese,1979-12-27,tango,Musica: ? - Letra: ?,D:\Dropbox\TDJ\MUSICA\Camilo Gatica\Osvaldo Pugliese\Compilados\Odeón (1943-1960)\Osvaldo Pugliese - Edicion Aniversario (CD.4) (1978-1989)\02.Osvaldo Pugliese - Madrugados bien temprano (1979).flac,True,True,1,False,True,True
A un artista del Pueblo (A un artista plástico),Osvaldo Pugliese,1980-06-03,tango,Musica: Arturo Penón,D:\Dropbox\TDJ\MUSICA\Camilo Gatica\Osvaldo Pugliese\Compilados\Odeón (1943-1960)\Osvaldo Pugliese - Edicion Aniversario (CD.4) (1978-1989)\03.Arturo Penón - A un artista del pueblo (1980).flac,True,True,1,False,True,True
Tengo calle,Osvaldo Pugliese,1980-06-03,tango,Musica: ? - Letra: ?,D:\Dropbox\TDJ\MUSICA\Camilo Gatica\Osvaldo Pugliese\Compilados\Odeón (1943-1960)\Osvaldo Pugliese - Edicion Aniversario (CD.4) (1978-1989)\04.Silvio Pucci - Tengo calle (1980).flac,True,True,1,False,True,True
Juan Pueblo,Osvaldo Pugliese,1981-07-29,tango,Musica: ? - Letra: ?,D:\Dropbox\TDJ\MUSICA\Camilo Gatica\Osvaldo Pugliese\Compilados\Odeón (1943-1960)\Osvaldo Pugliese - Edicion Aniversario (CD.4) (1978-1989)\08.Ismael Spitalnik - Juan Pueblo (1981).flac,True,True,1,False,True,True
Pa' los medicos,Osvaldo Pugliese,1982-09-03,tango,Musica: ? - Letra: ?,D:\Dropbox\TDJ\MUSICA\Camilo Gatica\Osvaldo Pugliese\Compilados\Odeón (1943-1960)\Osvaldo Pugliese - Edicion Aniversario (CD.4) (1978-1989)\15.Osvaldo Pugliese - Pa' los médicos (1982).flac,True,True,1,False,True,True
Chacabuqueando,Osvaldo Pugliese,2005,tango,Roberto Daniel Alvarez,D:\Dropbox\TDJ\MUSICA\Camilo Gatica\Osvaldo Pugliese\Compilados\Odeón (1943-1960)\Osvaldo Pugliese - Edicion Aniversario (CD.4) (1978-1989)\17.Roberto Álvarez - Chacabuqueando (1982).flac,True,True,2,False,True,False
Recuerdo,Osvaldo Pugliese,2005,tango,Osvaldo Pugliese,D:\Dropbox\TDJ\MUSICA\Camilo Gatica\Osvaldo Pugliese\Compilados\Odeón (1943-1960)\Osvaldo Pugliese - Edicion Aniversario (CD.4) (1978-1989)\19.Osvaldo Pugliese - Recuerdo (1985).flac,True,True,4,False,True,False
Andres Selpa,Osvaldo Pugliese,1985-05-21,tango,Musica: ? - Letra: ?,D:\Dropbox\TDJ\MUSICA\Camilo Gatica\Osvaldo Pugliese\Compilados\Odeón (1943-1960)\Osvaldo Pugliese - Edicion Aniversario (CD.4) (1978-1989)\20.Osvaldo Pugliese - Andrés Selpa (1985).flac,True,True,1,False,True,True
El encopao,Osvaldo Pugliese,2005,tango,Osvaldo Pugliese,D:\Dropbox\TDJ\MUSICA\Camilo Gatica\Osvaldo Pugliese\Compilados\Odeón (1943-1960)\Osvaldo Pugliese - Edicion Aniversario (CD.4) (1978-1989)\21.Osvaldo Pugliese - El encopao (1985).flac,True,True,3,False,True,False
Protocoleando,Osvaldo Pugliese,2005,tango,Osvaldo Pugliese,D:\Dropbox\TDJ\MUSICA\Camilo Gatica\Osvaldo Pugliese\Compilados\Odeón (1943-1960)\Osvaldo Pugliese - Edicion Aniversario (CD.4) (1978-1989)\22.Osvaldo Pugliese - Protocoleando (1985).flac,True,True,2,False,True,False
Ensayando,Osvaldo Pugliese,1986-11-10,tango,Musica: ? - Letra: ?,D:\Dropbox\TDJ\MUSICA\Camilo Gatica\Osvaldo Pugliese\Compilados\Odeón (1943-1960)\Osvaldo Pugliese - Edicion Aniversario (CD.4) (1978-1989)\23.Alejandro Prevignano - Ensayando (1987).flac,True,True,1,False,True,True
Tokio luminoso,Osvaldo Pugliese,2005,tango,Osvaldo Pugliese,D:\Dropbox\TDJ\MUSICA\Camilo Gatica\Osvaldo Pugliese\Compilados\Odeón (1943-1960)\Osvaldo Pugliese - Edicion Aniversario (CD.4) (1978-1989)\25.Osvaldo Pugliese - Tokio luminoso (1989).flac,True,True,1,False,True,False
La Beba,Osvaldo Pugliese,1972-04-25,tango,Musica: Osvaldo Pugliese,D:\Dropbox\TDJ\MUSICA\Leandro\Osvaldo Pugliese\EMI-Odeón (1972-1989)\Osvaldo Pugliese - El andariego (1973)\01.Osvaldo Pugliese - La beba (25-04-1972).flac,False,False,1,False,False,True
De puro guapo,Osvaldo Pugliese,1972-11-10,tango,Musica: Pedro Laurenz - Letra: Manuel Meaños,D:\Dropbox\TDJ\MUSICA\Leandro\Osvaldo Pugliese\EMI-Odeón (1972-1989)\Osvaldo Pugliese - El andariego (1973)\04.Pedro Laurenz - De puro guapo (10-11-1972).flac,False,False,1,False,False,True
El andariego,Osvaldo Pugliese,1972-06-26,tango,Musica: Alfredo Gobbi,D:\Dropbox\TDJ\MUSICA\Leandro\Osvaldo Pugliese\EMI-Odeón (1972-1989)\Osvaldo Pugliese - El andariego (1973)\06.Alfredo Gobbi - El andariego (26-06-1972).flac,True,True,1,False,True,True
Ojos negros,Osvaldo Pugliese,1972-12-20,tango,Musica: Vicente Greco - Letra: Pedro Numa Cordoba,D:\Dropbox\TDJ\MUSICA\Leandro\Osvaldo Pugliese\EMI-Odeón (1972-1989)\Osvaldo Pugliese - El andariego (1973)\07.Vicente Greco - Ojos negros (20-07-1972).flac,False,False,1,False,False,True
Tinta roja,Osvaldo Pugliese,1972-04-25,tango,Musica: Sebastián Piana - Letra: Cátulo Castillo,D:\Dropbox\TDJ\MUSICA\Leandro\Osvaldo Pugliese\EMI-Odeón (1972-1989)\Osvaldo Pugliese - El andariego (1973)\10.Sebastián Piana - Tinta roja (25-04-1972).flac,False,False,1,False,False,True
Balada para un loco,Osvaldo Pugliese,1970-05,tango,Musica: Astor Piazzolla - Letra: Horacio Ferrer,D:\Dropbox\TDJ\MUSICA\Camilo Gatica\Osvaldo Pugliese\Compilados\Philips (1962-1970)\Osvaldo Pugliese - El maestro inédito (1962-1970)\02.Astor Piazzolla - Balada para un loco.flac,True,True,1,False,True,True
A los artistas plásticos,Osvaldo Pugliese,1965-04,tango,Musica: Osvaldo Pugliese,D:\Dropbox\TDJ\MUSICA\Camilo Gatica\Osvaldo Pugliese\Compilados\Philips (1962-1970)\Osvaldo Pugliese - El maestro inédito (1962-1970)\04.Osvaldo Pugliese - A los artistas plásticos.flac,True,True,1,False,True,True
Don Augustín Bardi,Osvaldo Pugliese,2005,tango,Horacio Salgán,D:\Dropbox\TDJ\MUSICA\Camilo Gatica\Osvaldo Pugliese\Compilados\Philips (1962-1970)\Osvaldo Pugliese - El maestro inédito (1962-1970)\05.Horacio Salgán - Don Agustín Bardi.flac,True,True,1,False,True,False
La mariposa,Osvaldo Pugliese,2005,tango,Esteban Celedonio Flores,D:\Dropbox\TDJ\MUSICA\Camilo Gatica\Osvaldo Pugliese\Compilados\Philips (1962-1970)\Osvaldo Pugliese - El maestro inédito (1962-1970)\06.Pedro Maffia - La mariposa.flac,True,True,2,False,True,False
Emancipación,Osvaldo Pugliese,1955-09-02,tango,Musica: Alfredo Bevilacqua,D:\Dropbox\TDJ\MUSICA\Edmundo\Pugliese\Osvaldo Pugliese - Emancipación 1.flac,True,True,1,False,True,True
Emancipación,Osvaldo Pugliese,1955-09-02,tango,Musica: Alfredo Bevilacqua,D:\Dropbox\TDJ\MUSICA\Camilo Gatica\Osvaldo Pugliese\Compilados\Odeón (1943-1960)\Osvaldo Pugliese - From Argentina to the world (1955-1977)\01.Antonio Polito & Alfredo Bevilaquia - Emancipación (02-09-1955).flac,False,False,1,False,False,True
A mis compañeros,Osvaldo Pugliese,1956-01-31,tango,Musica: Osvaldo Ruggiero,D:\Dropbox\TDJ\MUSICA\Edmundo\Pugliese\Osvaldo Pugliese - A mis compañeros (2).flac,True,True,1,False,True,True
A mis compañeros,Osvaldo Pugliese,1956-01-31,tango,Musica: Osvaldo Ruggiero,D:\Dropbox\TDJ\MUSICA\Camilo Gatica\Osvaldo Pugliese\Compilados\Odeón (1943-1960)\Osvaldo Pugliese - From Argentina to the world (1955-1977)\02.Osvaldo Ruggiero - A mis compañeros (31-01-1956).flac,False,False,1,False,False,True
Orgullo criollo,Osvaldo Pugliese,1956-06-21,tango,Musica: Julio De Caro y Pedro Laurenz,D:\Dropbox\TDJ\MUSICA\Edmundo\Pugliese\Osvaldo Pugliese - Orgullo criollo.flac,True,True,1,False,True,True
Orgullo criollo,Osvaldo Pugliese,1956-06-21,tango,Musica: Julio De Caro y Pedro Laurenz,D:\Dropbox\TDJ\MUSICA\Camilo Gatica\Osvaldo Pugliese\Compilados\Odeón (1943-1960)\Osvaldo Pugliese - From Argentina to the world (1955-1977)\03.Julio De Caro & Pedro Laurenz - Orgullo criollo (28-11-1956).flac,False,False,1,False,False,True
Nochero soy,Osvaldo Pugliese,1956-11-28,tango,Musica: Oscar Herrero,D:\Dropbox\TDJ\MUSICA\Edmundo\Pugliese\Osvaldo Pugliese - Nochero soy (2).flac,True,True,1,False,True,True
Nochero soy,Osvaldo Pugliese,2005 07 12,tango,Oscar Herrero,D:\Dropbox\TDJ\MUSICA\Camilo Gatica\Osvaldo Pugliese\Compilados\Odeón (1943-1960)\Osvaldo Pugliese - From Argentina to the world (1955-1977)\04.Oscar Luis Herrero - Nochero soy (1956).flac,True,True,1,False,True,False
Pata ancha,Osvaldo Pugliese,1957-05-13,tango,Musica: Mario Demarco,D:\Dropbox\TDJ\MUSICA\Edmundo\Pugliese\Osvaldo Pugliese - Pata ancha (2).flac,True,True,1,False,True,True
Pata ancha,Osvaldo Pugliese,1957-05-13,tango,Musica: Mario Demarco,D:\Dropbox\TDJ\MUSICA\Camilo Gatica\Osvaldo Pugliese\Compilados\Odeón (1943-1960)\Osvaldo Pugliese - From Argentina to the world (1955-1977)\05.Mario Demarco - Pata ancha (13-05-1957).flac,True,True,1,False,True,True
Gente amiga,Osvaldo Pugliese,1958-01-02,tango,Musica: Ismael Spitalnik,D:\Dropbox\TDJ\MUSICA\Edmundo\Pugliese\Osvaldo Pugliese - Gente amiga.flac,True,True,1,False,True,True
Gente amiga,Osvaldo Pugliese,1958-01-02,tango,Musica: Ismael Spitalnik,D:\Dropbox\TDJ\MUSICA\Camilo Gatica\Osvaldo Pugliese\Compilados\Odeón (1943-1960)\Osvaldo Pugliese - From Argentina to the world (1955-1977)\06.Ismael Spitalnik - Gente amiga (02-01-1958).flac,False,False,1,False,False,True
La bordona,Osvaldo Pugliese,1958-08-06,tango,Musica: Emilio Balcarce,D:\Dropbox\TDJ\MUSICA\Edmundo\Pugliese\Osvaldo Pugliese - La bordona.flac,True,True,1,False,True,True
La bordona,Osvaldo Pugliese,1958-08-06,tango,Musica: Emilio Balcarce,D:\Dropbox\TDJ\MUSICA\Camilo Gatica\Osvaldo Pugliese\Compilados\Odeón (1943-1960)\Osvaldo Pugliese - From Argentina to the world (1955-1977)\07.Emilio Balcarce - La bordona (06-08-1958).flac,False,False,1,False,False,True
Que pinturita,Osvaldo Pugliese,1958-08-06,tango,Musica: Esteban Gilardi,D:\Dropbox\TDJ\MUSICA\Edmundo\Pugliese\Osvaldo Pugliese - Qué pinturita.flac,True,True,1,False,True,True
Que pinturita,Osvaldo Pugliese,1958-08-06,tango,Musica: Esteban Gilardi,D:\Dropbox\TDJ\MUSICA\Camilo Gatica\Osvaldo Pugliese\Compilados\Odeón (1943-1960)\Osvaldo Pugliese - From Argentina to the world (1955-1977)\08.Esteban Gilardi - Qué pinturita (06-08-1958).flac,False,False,1,False,False,True
Gallo ciego,Osvaldo Pugliese,1959-07-23,tango,Musica: Agustin Bardi,D:\Dropbox\TDJ\MUSICA\Edmundo\Pugliese\Osvaldo Pugliese - Gallo ciego.flac,True,True,1,False,True,True
Gallo ciego,Osvaldo Pugliese,1959-07-23,tango,Musica: Agustin Bardi,D:\Dropbox\TDJ\MUSICA\Camilo Gatica\Osvaldo Pugliese\Compilados\Odeón (1943-1960)\Osvaldo Pugliese - From Argentina to the world (1955-1977)\09.Agustín Bardi - Gallo ciego (23-07-1959).flac,False,False,1,False,False,True
A los amigos,Osvaldo Pugliese,1960-07-15,tango,Musica: Armando Pontier,D:\Dropbox\TDJ\MUSICA\Camilo Gatica\Osvaldo Pugliese\Compilados\Odeón (1943-1960)\Osvaldo Pugliese - From Argentina to the world (1955-1977)\10.Armando Pontier - A los amigos (15-07-1960).flac,False,False,1,False,False,True
A los amigos,Osvaldo Pugliese,1960-07-15,tango,Musica: Armando Pontier,D:\Dropbox\TDJ\MUSICA\Edmundo\Pugliese\Osvaldo Pugliese - A los amigos.flac,True,True,1,False,True,True
Tinta roja,Osvaldo Pugliese,1972-04-25,tango,Musica: Sebastián Piana - Letra: Cátulo Castillo,D:\Dropbox\TDJ\MUSICA\Camilo Gatica\Osvaldo Pugliese\Compilados\Odeón (1943-1960)\Osvaldo Pugliese - From Argentina to the world (1955-1977)\11.Sebastián Piana - Tinta roja (25-04-1972).flac,False,False,1,False,False,True
Tinta roja,Osvaldo Pugliese,1972-04-25,tango,Musica: Sebastián Piana - Letra: Cátulo Castillo,D:\Dropbox\TDJ\MUSICA\Edmundo\Pugliese\Osvaldo Pugliese - Tinta roja.flac,True,True,1,False,True,True
La Beba,Osvaldo Pugliese,1972-04-25,tango,Musica: Osvaldo Pugliese,D:\Dropbox\TDJ\MUSICA\Edmundo\Pugliese\Osvaldo Pugliese - La beba.flac,True,True,1,False,True,True
La Beba,Osvaldo Pugliese,1972-04-25,tango,Musica: Osvaldo Pugliese,D:\Dropbox\TDJ\MUSICA\Camilo Gatica\Osvaldo Pugliese\Compilados\Odeón (1943-1960)\Osvaldo Pugliese - From Argentina to the world (1955-1977)\12.Osvaldo Pugliese - La beba (25-04-1972).flac,False,False,1,False,False,True
El andariego,Osvaldo Pugliese,1972-06-26,tango,Musica: Alfredo Gobbi,D:\Dropbox\TDJ\MUSICA\Camilo Gatica\Osvaldo Pugliese\Compilados\Odeón (1943-1960)\Osvaldo Pugliese - From Argentina to the world (1955-1977)\13.Alfredo Gobbi - El andariego (16-06-1972).flac,True,True,1,False,True,True
El andariego,Osvaldo Pugliese,1972-06-26,tango,Musica: Alfredo Gobbi,D:\Dropbox\TDJ\MUSICA\Edmundo\Pugliese\Osvaldo Pugliese - El andariego.flac,True,True,1,False,True,True
La revancha,Osvaldo Pugliese,1972-06-26,tango,Musica: Pedro Laurenz,D:\Dropbox\TDJ\MUSICA\Edmundo\Pugliese\Osvaldo Pugliese - La revancha.flac,True,True,1,False,True,True
La revancha,Osvaldo Pugliese,1972-06-26,tango,Musica: Pedro Laurenz,D:\Dropbox\TDJ\MUSICA\Camilo Gatica\Osvaldo Pugliese\Compilados\Odeón (1943-1960)\Osvaldo Pugliese - From Argentina to the world (1955-1977)\14.Pedro Laurenz - La revancha (26-06-1972).flac,True,True,1,False,True,True
Ojos negros,Osvaldo Pugliese,1972-12-20,tango,Musica: Vicente Greco - Letra: Pedro Numa Cordoba,D:\Dropbox\TDJ\MUSICA\Edmundo\Pugliese\Osvaldo Pugliese - Ojos negros.flac,True,True,1,False,True,True
Ojos negros,Osvaldo Pugliese,1972-12-20,tango,Musica: Vicente Greco - Letra: Pedro Numa Cordoba,D:\Dropbox\TDJ\MUSICA\Camilo Gatica\Osvaldo Pugliese\Compilados\Odeón (1943-1960)\Osvaldo Pugliese - From Argentina to the world (1955-1977)\15.Vicente Greco - Ojos negros (20-10-1972).flac,False,False,1,False,False,True
Arrabal,Osvaldo Pugliese,1974-09-27,tango,Musica: José Pascual,D:\Dropbox\TDJ\MUSICA\Camilo Gatica\Osvaldo Pugliese\Compilados\Odeón (1943-1960)\Osvaldo Pugliese - From Argentina to the world (1955-1977)\16.José Pascual - Arrabal (27-09-1974).flac,False,False,1,False,False,True
Arrabal,Osvaldo Pugliese,1974-09-27,tango,Musica: José Pascual,D:\Dropbox\TDJ\MUSICA\Edmundo\Pugliese\Osvaldo Pugliese - Arrabal (2).flac,True,True,1,False,True,True
Malena,Osvaldo Pugliese,1974-12-11,tango,Musica: Lucio Demare - Letra: Homero Manzi,D:\Dropbox\TDJ\MUSICA\Camilo Gatica\Osvaldo Pugliese\Compilados\Odeón (1943-1960)\Osvaldo Pugliese - From Argentina to the world (1955-1977)\17.Lucio Demare - Malena (11-12-1974).flac,False,False,1,False,False,True
Malena,Osvaldo Pugliese,1974-12-11,tango,Musica: Lucio Demare - Letra: Homero Manzi,D:\Dropbox\TDJ\MUSICA\Edmundo\Pugliese\Osvaldo Pugliese - Malena.flac,True,True,1,False,True,True
Quejas de bandoneón,Osvaldo Pugliese,1977-06-14,tango,Musica: Juan de Dios Filiberto,D:\Dropbox\TDJ\MUSICA\Edmundo\Pugliese\Osvaldo Pugliese - Quejas de bandoneón.flac,True,True,1,False,True,True
Quejas de bandoneón,Osvaldo Pugliese,1977-06-14,tango,Musica: Juan de Dios Filiberto,D:\Dropbox\TDJ\MUSICA\Camilo Gatica\Osvaldo Pugliese\Compilados\Odeón (1943-1960)\Osvaldo Pugliese - From Argentina to the world (1955-1977)\18.Juan de Dios Filiberto - Quejas de bandoneón (14-06-1977).flac,False,False,1,False,False,True
El día que me quieras,Osvaldo Pugliese,1977-06-14,tango,Musica: Carlos Gardel - Letra: Alfredo Le Pera,D:\Dropbox\TDJ\MUSICA\Edmundo\Pugliese\Osvaldo Pugliese - El día que me quieras.flac,True,True,1,False,True,True
El día que me quieras,Osvaldo Pugliese,1977-06-14,tango,Musica: Carlos Gardel - Letra: Alfredo Le Pera,D:\Dropbox\TDJ\MUSICA\Camilo Gatica\Osvaldo Pugliese\Compilados\Odeón (1943-1960)\Osvaldo Pugliese - From Argentina to the world (1955-1977)\19.Carlos Gardel - El día que me quieras (14-06-1977).flac,False,False,1,False,False,True
Los mareados,Osvaldo Pugliese,1977-10-20,tango,Musica: Juan Carlos Cobian - Letra: Enrique Cadicamo,D:\Dropbox\TDJ\MUSICA\Camilo Gatica\Osvaldo Pugliese\Compilados\Odeón (1943-1960)\Osvaldo Pugliese - From Argentina to the world (1955-1977)\20.Juan Carlos Cobián - Los mareados (20-10-1977).flac,False,False,1,False,False,True
Los mareados,Osvaldo Pugliese,1977-10-20,tango,Musica: Juan Carlos Cobian - Letra: Enrique Cadicamo,D:\Dropbox\TDJ\MUSICA\Edmundo\Pugliese\Osvaldo Pugliese - Los mareados.flac,True,True,1,False,True,True
El rodeo,Osvaldo Pugliese,1943-07-15,tango,Musica: Agustín Bardi,D:\Dropbox\TDJ\MUSICA\Edmundo\Pugliese\Osvaldo Pugliese - El rodeo.flac,True,True,1,False,True,True
El rodeo,Osvaldo Pugliese,1943-07-15,tango,Musica: Agustín Bardi,D:\Dropbox\TDJ\MUSICA\Camilo Gatica\Osvaldo Pugliese\Compilados\Odeón (1943-1960)\Osvaldo Pugliese - Instrumentales inolvidables (1943-1946)\01.Agustín Bardi - El rodeo (15-07-1943).flac,True,True,1,False,True,True
Mala junta,Osvaldo Pugliese,1943-08-27,tango,Musica: Julio De Caro y Pedro Laurenz - Letra: Juan Velich,D:\Dropbox\TDJ\MUSICA\Edmundo\Pugliese\Osvaldo Pugliese - Mala junta (2).flac,True,True,1,False,True,True
Mala junta,Osvaldo Pugliese,1943-08-27,tango,Musica: Julio De Caro y Pedro Laurenz - Letra: Juan Velich,D:\Dropbox\TDJ\MUSICA\Camilo Gatica\Osvaldo Pugliese\Compilados\Odeón (1943-1960)\Osvaldo Pugliese - Instrumentales inolvidables (1943-1946)\02.Julio De Caro & Pedro Laurenz - Mala junta (27-08-1943).flac,False,False,1,False,False,True
Recuerdo,Osvaldo Pugliese,1944-03-31,tango,Musica: Osvaldo Pugliese - Letra: Eduardo Moreno,D:\Dropbox\TDJ\MUSICA\Edmundo\Pugliese\Osvaldo Pugliese - Recuerdo (2).flac,True,True,1,False,True,True
Recuerdo,Osvaldo Pugliese,1944-03-31,tango,Musica: Osvaldo Pugliese - Letra: Eduardo Moreno,D:\Dropbox\TDJ\MUSICA\Camilo Gatica\Osvaldo Pugliese\Compilados\Odeón (1943-1960)\Osvaldo Pugliese - Instrumentales inolvidables (1943-1946)\03.Osvaldo Pugliese - Recuerdo (31-03-1944).flac,False,False,1,False,False,True
El remate,Osvaldo Pugliese,1944-06-01,tango,Musica: Alberto Pugliese,D:\Dropbox\TDJ\MUSICA\Edmundo\Pugliese\Osvaldo Pugliese - El remate.flac,True,True,1,False,True,True
El remate,Osvaldo Pugliese,1944-06-01,tango,Musica: Alberto Pugliese,D:\Dropbox\TDJ\MUSICA\Camilo Gatica\Osvaldo Pugliese\Compilados\Odeón (1943-1960)\Osvaldo Pugliese - Instrumentales inolvidables (1943-1946)\04.Alberto Pugliese - El remate (01-06-1944).flac,True,True,1,False,True,True
Tierra querida,Osvaldo Pugliese,1944-07-06,tango,Musica: Julio De Caro - Letra: Luis Diaz,D:\Dropbox\TDJ\MUSICA\Edmundo\Pugliese\Osvaldo Pugliese - Tierra querida.flac,True,True,1,False,True,True
Tierra querida,Osvaldo Pugliese,1944-07-06,tango,Musica: Julio De Caro - Letra: Luis Diaz,D:\Dropbox\TDJ\MUSICA\Camilo Gatica\Osvaldo Pugliese\Compilados\Odeón (1943-1960)\Osvaldo Pugliese - Instrumentales inolvidables (1943-1946)\05.Julio De Caro - Tierra querida (06-07-1944).flac,True,True,1,False,True,True
El arranque,Osvaldo Pugliese,1944-08-22,tango,Musica: Julio De Caro - Letra: Mario César Gomila,D:\Dropbox\TDJ\MUSICA\Edmundo\Pugliese\Osvaldo Pugliese - El arranque.flac,True,True,1,False,True,True
El arranque,Osvaldo Pugliese,1944-08-22,tango,Musica: Julio De Caro - Letra: Mario César Gomila,D:\Dropbox\TDJ\MUSICA\Camilo Gatica\Osvaldo Pugliese\Compilados\Odeón (1943-1960)\Osvaldo Pugliese - Instrumentales inolvidables (1943-1946)\06.Julio De Caro - El arranque (22-08-1944).flac,True,True,1,False,True,True
Adiós Bardi,Osvaldo Pugliese,1944-10-17,tango,Musica: Osvaldo Pugliese,D:\Dropbox\TDJ\MUSICA\Edmundo\Pugliese\Osvaldo Pugliese - Adiós Bardi.flac,True,True,1,False,True,True
Adiós Bardi,Osvaldo Pugliese,1944-10-17,tango,Musica: Osvaldo Pugliese,D:\Dropbox\TDJ\MUSICA\Camilo Gatica\Osvaldo Pugliese\Compilados\Odeón (1943-1960)\Osvaldo Pugliese - Instrumentales inolvidables (1943-1946)\07.Osvaldo Pugliese - Adiós Bardi (01-10-1944).flac,False,False,1,False,False,True
Amurado,Osvaldo Pugliese,1944-11-24,tango,Musica: Pedro Maffia y Pedro Laurenz - Letra: José De Grandis,D:\Dropbox\TDJ\MUSICA\Edmundo\Pugliese\Osvaldo Pugliese - Amurado.flac,True,True,1,False,True,True
Amurado,Osvaldo Pugliese,1944-11-24,tango,Musica: Pedro Maffia y Pedro Laurenz - Letra: José De Grandis,D:\Dropbox\TDJ\MUSICA\Camilo Gatica\Osvaldo Pugliese\Compilados\Odeón (1943-1960)\Osvaldo Pugliese - Instrumentales inolvidables (1943-1946)\08.Pedro Laurenz & Pedro Maffia - Amurado (24-11-1944).flac,True,True,1,False,True,True
Mala pinta (Mala estampa),Osvaldo Pugliese,1944-12-21,tango,Musica: Francisco De Caro y Julio De Caro,D:\Dropbox\TDJ\MUSICA\Edmundo\Pugliese\Osvaldo Pugliese - Mala estampa.flac,True,True,1,False,True,True
Mala estampa (Mala pinta),Osvaldo Pugliese,1944-12-21,tango,Osvaldo Pugliese,D:\Dropbox\TDJ\MUSICA\Camilo Gatica\Osvaldo Pugliese\Compilados\Odeón (1943-1960)\Osvaldo Pugliese - Instrumentales inolvidables (1943-1946)\09.Julio De Caro & Francisco De Caro - Mala estampa (Mala pinta) (21-12-1944).flac,True,True,1,False,True,False
Raza Criolla (El Taita),Osvaldo Pugliese,1945-01-25,tango,Musica: Salvador Grupillo,D:\Dropbox\TDJ\MUSICA\Edmundo\Pugliese\Osvaldo Pugliese - Raza criolla.flac,True,True,1,False,True,True
Raza Criolla (El Taita),Osvaldo Pugliese,1945-01-25,tango,Musica: Salvador Grupillo,D:\Dropbox\TDJ\MUSICA\Camilo Gatica\Osvaldo Pugliese\Compilados\Odeón (1943-1960)\Osvaldo Pugliese - Instrumentales inolvidables (1943-1946)\10.Salvador Grupillo - Raza criolla (El taita) (25-01-1945).flac,True,True,1,False,True,True
El paladín,Osvaldo Pugliese,1945-03-20,tango,Musica: Agustín Bardi,D:\Dropbox\TDJ\MUSICA\Edmundo\Pugliese\Osvaldo Pugliese - El paladín.flac,True,True,1,False,True,True
El paladín,Osvaldo Pugliese,1945-03-20,tango,Musica: Agustín Bardi,D:\Dropbox\TDJ\MUSICA\Camilo Gatica\Osvaldo Pugliese\Compilados\Odeón (1943-1960)\Osvaldo Pugliese - Instrumentales inolvidables (1943-1946)\11.Agustín Bardi - El paladín (26-03-1945).flac,False,False,1,False,False,True
Derecho viejo,Osvaldo Pugliese,1945-05-28,tango,Musica: Eduardo Arolas - Letra: Gabriel Clausi,D:\Dropbox\TDJ\MUSICA\Camilo Gatica\Osvaldo Pugliese\Compilados\Odeón (1943-1960)\Osvaldo Pugliese - Instrumentales inolvidables (1943-1946)\12.Eduardo Arolas - Derecho viejo (28-05-1945).flac,True,True,1,False,True,True
Derecho viejo,Osvaldo Pugliese,1945-05-28,tango,Musica: Eduardo Arolas - Letra: Gabriel Clausi,D:\Dropbox\TDJ\MUSICA\Edmundo\Pugliese\Osvaldo Pugliese - Derecho viejo.flac,True,True,1,False,True,True
Pelele,Osvaldo Pugliese,1945-06-12,tango,Musica: Pedro Maffia,D:\Dropbox\TDJ\MUSICA\Edmundo\Pugliese\Osvaldo Pugliese - Pelele.flac,True,True,1,False,True,True
Pelele,Osvaldo Pugliese,1945-06-12,tango,Musica: Pedro Maffia,D:\Dropbox\TDJ\MUSICA\Camilo Gatica\Osvaldo Pugliese\Compilados\Odeón (1943-1960)\Osvaldo Pugliese - Instrumentales inolvidables (1943-1946)\13.Pedro Maffia - Pelele (12-06-1945).flac,True,True,1,False,True,True
El monito,Osvaldo Pugliese,1945-06-12,tango,Musica: Julio De Caro - Letra: Juan Carlos Marambio Catán,D:\Dropbox\TDJ\MUSICA\Edmundo\Pugliese\Osvaldo Pugliese - El monito.flac,True,True,1,False,True,True
El monito,Osvaldo Pugliese,1945-06-12,tango,Musica: Julio De Caro - Letra: Juan Carlos Marambio Catán,D:\Dropbox\TDJ\MUSICA\Camilo Gatica\Osvaldo Pugliese\Compilados\Odeón (1943-1960)\Osvaldo Pugliese - Instrumentales inolvidables (1943-1946)\14.Julio De Caro - El monito (12-06-1945).flac,True,True,1,False,True,True
Flor de tango,Osvaldo Pugliese,1945-08-28,tango,Musica: Julio Carrasco,D:\Dropbox\TDJ\MUSICA\Edmundo\Pugliese\Osvaldo Pugliese - Flor de tango.flac,True,True,1,False,True,True
Flor de tango,Osvaldo Pugliese,1945-08-28,tango,Musica: Julio Carrasco,D:\Dropbox\TDJ\MUSICA\Camilo Gatica\Osvaldo Pugliese\Compilados\Odeón (1943-1960)\Osvaldo Pugliese - Instrumentales inolvidables (1943-1946)\15.Julio Carrasco - Flor de tango (28-08-1945).flac,True,True,1,False,True,True
Las marionetas,Osvaldo Pugliese,1945-11-06,tango,Musica: Osvaldo Pugliese,D:\Dropbox\TDJ\MUSICA\Camilo Gatica\Osvaldo Pugliese\Compilados\Odeón (1943-1960)\Osvaldo Pugliese - Instrumentales inolvidables (1943-1946)\16.Osvaldo Pugliese - Las marionetas (06-11-1945).flac,True,True,1,False,True,True
Las marionetas,Osvaldo Pugliese,1945-11-06,tango,Musica: Osvaldo Pugliese,D:\Dropbox\TDJ\MUSICA\Edmundo\Pugliese\Osvaldo Pugliese - Las marionetas.flac,True,True,1,False,True,True
Tiny,Osvaldo Pugliese,1945-12-18,tango,Musica: Pedro Maffia y Julio De Caro,D:\Dropbox\TDJ\MUSICA\Edmundo\Pugliese\Osvaldo Pugliese - Tiny.flac,True,True,1,False,True,True
Tiny,Osvaldo Pugliese,1945-12-18,tango,Musica: Pedro Maffia y Julio De Caro,D:\Dropbox\TDJ\MUSICA\Camilo Gatica\Osvaldo Pugliese\Compilados\Odeón (1943-1960)\Osvaldo Pugliese - Instrumentales inolvidables (1943-1946)\17.Julio De Caro & Pedro Maffia - Tiny (18-12-1945).flac,True,True,1,False,True,True
El tábano,Osvaldo Pugliese,1946-06-13,tango,Musica: Armando Baliotti y César Ginzo,D:\Dropbox\TDJ\MUSICA\Edmundo\Pugliese\Osvaldo Pugliese - El tabano.flac,True,True,1,False,True,True
El tábano,Osvaldo Pugliese,1946-06-13,tango,Musica: Armando Baliotti y César Ginzo,D:\Dropbox\TDJ\MUSICA\Camilo Gatica\Osvaldo Pugliese\Compilados\Odeón (1943-1960)\Osvaldo Pugliese - Instrumentales inolvidables (1943-1946)\18.Armando Baliotti & César Ginzo - El tabano (13-06-1946).flac,True,True,1,False,True,True
Mal de amores,Osvaldo Pugliese,1946-08-21,tango,Musica: Pedro Laurenz - Letra: Lito Bayardo,D:\Dropbox\TDJ\MUSICA\Camilo Gatica\Osvaldo Pugliese\Compilados\Odeón (1943-1960)\Osvaldo Pugliese - Instrumentales inolvidables (1943-1946)\19.Pedro Laurenz - Mal de amores (21-08-1946).flac,True,True,1,False,True,True
Mal de amores,Osvaldo Pugliese,1946-08-21,tango,Musica: Pedro Laurenz - Letra: Lito Bayardo,D:\Dropbox\TDJ\MUSICA\Edmundo\Pugliese\Osvaldo Pugliese - Mal de amores.flac,True,True,1,False,True,True
La yumba,Osvaldo Pugliese,1946-08-21,tango,Musica: Osvaldo Pugliese,D:\Dropbox\TDJ\MUSICA\Edmundo\Pugliese\Osvaldo Pugliese - La yumba (2).flac,True,True,1,False,True,True
La yumba,Osvaldo Pugliese,1946-08-21,tango,Musica: Osvaldo Pugliese,D:\Dropbox\TDJ\MUSICA\Camilo Gatica\Osvaldo Pugliese\Compilados\Odeón (1943-1960)\Osvaldo Pugliese - Instrumentales inolvidables (1943-1946)\20.Osvaldo Pugliese - La yumba (21-08-1946).flac,False,False,1,False,False,True
El rodeo,Osvaldo Pugliese,1943-07-15,tango,Musica: Agustín Bardi,D:\Dropbox\TDJ\MUSICA\Dan\Pugliese\Osvaldo Pugliese - Instrumentales inolvidables (1943-1946)\Osvaldo Pugliese_Instrumentales Inolvidables - Reliquias - 01 - El Rodeo.flac,True,True,1,False,True,True
Mala junta,Osvaldo Pugliese,1943-08-27,tango,Musica: Julio De Caro y Pedro Laurenz - Letra: Juan Velich,D:\Dropbox\TDJ\MUSICA\Dan\Pugliese\Osvaldo Pugliese - Instrumentales inolvidables (1943-1946)\Osvaldo Pugliese_Instrumentales Inolvidables - Reliquias - 02 - Mala Junta.flac,True,True,1,False,True,True
Recuerdo,Osvaldo Pugliese,1944-03-31,tango,Musica: Osvaldo Pugliese - Letra: Eduardo Moreno,D:\Dropbox\TDJ\MUSICA\Dan\Pugliese\Osvaldo Pugliese - Instrumentales inolvidables (1943-1946)\Osvaldo Pugliese_Instrumentales Inolvidables - Reliquias - 08 - Amurado.flac,True,True,1,False,True,True
El remate,Osvaldo Pugliese,1944-06-01,tango,Musica: Alberto Pugliese,D:\Dropbox\TDJ\MUSICA\Dan\Pugliese\Osvaldo Pugliese - Instrumentales inolvidables (1943-1946)\Osvaldo Pugliese_Instrumentales Inolvidables - Reliquias - 04 - El Remate.flac,True,True,1,False,True,True
Tierra querida,Osvaldo Pugliese,1944-07-06,tango,Musica: Julio De Caro - Letra: Luis Diaz,D:\Dropbox\TDJ\MUSICA\Dan\Pugliese\Osvaldo Pugliese - Instrumentales inolvidables (1943-1946)\Osvaldo Pugliese_Instrumentales Inolvidables - Reliquias - 05 - Tierra Querida.flac,True,True,1,False,True,True
El arranque,Osvaldo Pugliese,1944-08-22,tango,Musica: Julio De Caro - Letra: Mario César Gomila,D:\Dropbox\TDJ\MUSICA\Dan\Pugliese\Osvaldo Pugliese - Instrumentales inolvidables (1943-1946)\Osvaldo Pugliese_Instrumentales Inolvidables - Reliquias - 06 - El Arranque.flac,True,True,1,False,True,True
Adiós Bardi,Osvaldo Pugliese,1944-10-17,tango,Musica: Osvaldo Pugliese,D:\Dropbox\TDJ\MUSICA\Dan\Pugliese\Osvaldo Pugliese - Instrumentales inolvidables (1943-1946)\Osvaldo Pugliese_Instrumentales Inolvidables - Reliquias - 07 - Adiós Bardi.flac,True,True,1,False,True,True
Amurado,Osvaldo Pugliese,1944-11-24,tango,Musica: Pedro Maffia y Pedro Laurenz - Letra: José De Grandis,D:\Dropbox\TDJ\MUSICA\Dan\Pugliese\Osvaldo Pugliese - Instrumentales inolvidables (1943-1946)\Osvaldo Pugliese_Instrumentales Inolvidables - Reliquias - 03 - Recuerdo.flac,True,True,1,False,True,True
Mala estampa (Mala pinta),Osvaldo Pugliese,21-12-1944,tango,Julio De Caro & Francisco De Caro,D:\Dropbox\TDJ\MUSICA\Dan\Pugliese\Osvaldo Pugliese - Instrumentales inolvidables (1943-1946)\Osvaldo Pugliese_Instrumentales Inolvidables - Reliquias - 09 - Mala Estampa (Mala Pinta).flac,True,True,1,False,True,False
Raza Criolla (El Taita),Osvaldo Pugliese,1945-01-25,tango,Musica: Salvador Grupillo,D:\Dropbox\TDJ\MUSICA\Dan\Pugliese\Osvaldo Pugliese - Instrumentales inolvidables (1943-1946)\Osvaldo Pugliese_Instrumentales Inolvidables - Reliquias - 10 - Raza Criolla (El Taita).flac,True,True,1,False,True,True
El paladín,Osvaldo Pugliese,1945-03-20,tango,Musica: Agustín Bardi,D:\Dropbox\TDJ\MUSICA\Dan\Pugliese\Osvaldo Pugliese - Instrumentales inolvidables (1943-1946)\Osvaldo Pugliese_Instrumentales Inolvidables - Reliquias - 11 - El Paladín.flac,True,True,1,False,True,True
Derecho viejo,Osvaldo Pugliese,1945-05-28,tango,Musica: Eduardo Arolas - Letra: Gabriel Clausi,D:\Dropbox\TDJ\MUSICA\Dan\Pugliese\Osvaldo Pugliese - Instrumentales inolvidables (1943-1946)\Osvaldo Pugliese_Instrumentales Inolvidables - Reliquias - 12 - Derecho Viejo.flac,True,True,1,False,True,True
Pelele,Osvaldo Pugliese,1945-06-12,tango,Musica: Pedro Maffia,D:\Dropbox\TDJ\MUSICA\Dan\Pugliese\Osvaldo Pugliese - Instrumentales inolvidables (1943-1946)\Osvaldo Pugliese_Instrumentales Inolvidables - Reliquias - 13 - Pelele.flac,True,True,1,False,True,True
El monito,Osvaldo Pugliese,1945-06-12,tango,Musica: Julio De Caro - Letra: Juan Carlos Marambio Catán,D:\Dropbox\TDJ\MUSICA\Dan\Pugliese\Osvaldo Pugliese - Instrumentales inolvidables (1943-1946)\Osvaldo Pugliese_Instrumentales Inolvidables - Reliquias - 14 - El Monito.flac,True,True,1,False,True,True
Flor de tango,Osvaldo Pugliese,1945-08-28,tango,Musica: Julio Carrasco,D:\Dropbox\TDJ\MUSICA\Dan\Pugliese\Osvaldo Pugliese - Instrumentales inolvidables (1943-1946)\Osvaldo Pugliese_Instrumentales Inolvidables - Reliquias - 15 - Flor De Tango.flac,True,True,1,False,True,True
Las marionetas,Osvaldo Pugliese,1945-11-06,tango,Musica: Osvaldo Pugliese,D:\Dropbox\TDJ\MUSICA\Dan\Pugliese\Osvaldo Pugliese - Instrumentales inolvidables (1943-1946)\Osvaldo Pugliese_Instrumentales Inolvidables - Reliquias - 16 - Las Marionetas.flac,True,True,1,False,True,True
Tiny,Osvaldo Pugliese,1945-12-18,tango,Musica: Pedro Maffia y Julio De Caro,D:\Dropbox\TDJ\MUSICA\Dan\Pugliese\Osvaldo Pugliese - Instrumentales inolvidables (1943-1946)\Osvaldo Pugliese_Instrumentales Inolvidables - Reliquias - 17 - Tiny.flac,True,True,1,False,True,True
El tábano,Osvaldo Pugliese,1946-06-13,tango,Musica: Armando Baliotti y César Ginzo,D:\Dropbox\TDJ\MUSICA\Dan\Pugliese\Osvaldo Pugliese - Instrumentales inolvidables (1943-1946)\Osvaldo Pugliese_Instrumentales Inolvidables - Reliquias - 18 - El Tábano.flac,True,True,1,False,True,True
Mal de amores,Osvaldo Pugliese,1946-08-21,tango,Musica: Pedro Laurenz - Letra: Lito Bayardo,D:\Dropbox\TDJ\MUSICA\Dan\Pugliese\Osvaldo Pugliese - Instrumentales inolvidables (1943-1946)\Osvaldo Pugliese_Instrumentales Inolvidables - Reliquias - 19 - Mal De Amores.flac,True,True,1,False,True,True
La yumba,Osvaldo Pugliese,1946-08-21,tango,Musica: Osvaldo Pugliese,D:\Dropbox\TDJ\MUSICA\Dan\Pugliese\Osvaldo Pugliese - Instrumentales inolvidables (1943-1946)\Osvaldo Pugliese_Instrumentales Inolvidables - Reliquias - 20 - La Yumba.flac,True,True,1,False,True,True
La Beba,Osvaldo Pugliese,1972-04-25,tango,Musica: Osvaldo Pugliese,D:\Dropbox\TDJ\MUSICA\Camilo Gatica\Osvaldo Pugliese\Compilados\Odeón (1943-1960)\Osvaldo Pugliese - Instrumentales inolvidables Vol.2 (1947-1972)\01.Osvaldo Pugliese - La beba (25-04-1972).flac,True,True,1,False,True,True
Buen amigo,Osvaldo Pugliese,1958-03-26,tango,Musica: Julio De Caro - Letra: Juan Carlos Marambio Catan,D:\Dropbox\TDJ\MUSICA\Camilo Gatica\Osvaldo Pugliese\Compilados\Odeón (1943-1960)\Osvaldo Pugliese - Instrumentales inolvidables Vol.2 (1947-1972)\02.Julio De Caro - Buen amigo (1958).flac,True,True,1,False,True,True
Nochero soy,Osvaldo Pugliese,1956-11-28,tango,Musica: Oscar Herrero,D:\Dropbox\TDJ\MUSICA\Camilo Gatica\Osvaldo Pugliese\Compilados\Odeón (1943-1960)\Osvaldo Pugliese - Instrumentales inolvidables Vol.2 (1947-1972)\03.Oscar Luis Herrero - Nochero soy (1956).flac,True,True,1,False,True,True
Suipacha,Osvaldo Pugliese,1956-10-26,tango,Musica: Eduardo Arolas,D:\Dropbox\TDJ\MUSICA\Camilo Gatica\Osvaldo Pugliese\Compilados\Odeón (1943-1960)\Osvaldo Pugliese - Instrumentales inolvidables Vol.2 (1947-1972)\04.Eduardo Arolas - Suipacha (1956).flac,True,True,1,False,True,True
A mis compañeros,Osvaldo Pugliese,1956-01-31,tango,Musica: Osvaldo Ruggiero,D:\Dropbox\TDJ\MUSICA\Camilo Gatica\Osvaldo Pugliese\Compilados\Odeón (1943-1960)\Osvaldo Pugliese - Instrumentales inolvidables Vol.2 (1947-1972)\05.Osvaldo Ruggiero - A mis compañeros (31-01-1956).flac,True,True,1,False,True,True
Entrador,Osvaldo Pugliese,1952-05-06,tango,Musica: Mario Demarco,D:\Dropbox\TDJ\MUSICA\Camilo Gatica\Osvaldo Pugliese\Compilados\Odeón (1943-1960)\Osvaldo Pugliese - Instrumentales inolvidables Vol.2 (1947-1972)\06.Mario Demarco - Entrador (1952).flac,True,True,1,False,True,True
Para dos,Osvaldo Pugliese,1952-05-06,tango,Musica: Osvaldo Ruggiero,D:\Dropbox\TDJ\MUSICA\Camilo Gatica\Osvaldo Pugliese\Compilados\Odeón (1943-1960)\Osvaldo Pugliese - Instrumentales inolvidables Vol.2 (1947-1972)\07.Osvaldo Ruggiero - Para dos (1952).flac,True,True,1,False,True,True
Olivero,Osvaldo Pugliese,1951-12-10,tango,Musica: José Martínez y Antonio Buglione,D:\Dropbox\TDJ\MUSICA\Camilo Gatica\Osvaldo Pugliese\Compilados\Odeón (1943-1960)\Osvaldo Pugliese - Instrumentales inolvidables Vol.2 (1947-1972)\08.José Martínez & Antonio Buglione - Olivero (1951).flac,True,True,1,False,True,True
Don Atilio,Osvaldo Pugliese,1951-06-27,tango,Musica: Osvaldo Pugliese,D:\Dropbox\TDJ\MUSICA\Camilo Gatica\Osvaldo Pugliese\Compilados\Odeón (1943-1960)\Osvaldo Pugliese - Instrumentales inolvidables Vol.2 (1947-1972)\09.Osvaldo Pugliese - Don Atilio (1951).flac,True,True,1,False,True,True
El tobiano,Osvaldo Pugliese,1950-10-24,tango,Musica: Emilio Balcarce,D:\Dropbox\TDJ\MUSICA\Camilo Gatica\Osvaldo Pugliese\Compilados\Odeón (1943-1960)\Osvaldo Pugliese - Instrumentales inolvidables Vol.2 (1947-1972)\10.Emilio Balcarce - El tobiano (1950).flac,True,True,1,False,True,True
Don Aniceto,Osvaldo Pugliese,1950-07-26,tango,Musica: Esteban Gilardi,D:\Dropbox\TDJ\MUSICA\Camilo Gatica\Osvaldo Pugliese\Compilados\Odeón (1943-1960)\Osvaldo Pugliese - Instrumentales inolvidables Vol.2 (1947-1972)\11.Esteban Gilardi - Don Aniceto (1950).flac,True,True,1,False,True,True
De floreo,Osvaldo Pugliese,1950-03-29,tango,Musica: Julio Carrasco,D:\Dropbox\TDJ\MUSICA\Camilo Gatica\Osvaldo Pugliese\Compilados\Odeón (1943-1960)\Osvaldo Pugliese - Instrumentales inolvidables Vol.2 (1947-1972)\12.Julio Carrasco - De floreo (1950).flac,True,True,1,False,True,True
Catuzo,Osvaldo Pugliese,1949-12-07,tango,Musica: Osvaldo Ruggiero,D:\Dropbox\TDJ\MUSICA\Camilo Gatica\Osvaldo Pugliese\Compilados\Odeón (1943-1960)\Osvaldo Pugliese - Instrumentales inolvidables Vol.2 (1947-1972)\13.Osvaldo Ruggiero - Catuzo (1949).flac,True,True,1,False,True,True
Bien compadre,Osvaldo Pugliese,1949-09-27,tango,Musica: Emilio Balcarce,D:\Dropbox\TDJ\MUSICA\Camilo Gatica\Osvaldo Pugliese\Compilados\Odeón (1943-1960)\Osvaldo Pugliese - Instrumentales inolvidables Vol.2 (1947-1972)\14.Emilio Balcarce - Bien compadre (1949).flac,True,True,1,False,True,True
Malandraca,Osvaldo Pugliese,1949-05-31,tango,Musica: Osvaldo Pugliese,D:\Dropbox\TDJ\MUSICA\Camilo Gatica\Osvaldo Pugliese\Compilados\Odeón (1943-1960)\Osvaldo Pugliese - Instrumentales inolvidables Vol.2 (1947-1972)\15.Osvaldo Pugliese - Malandraca (1949).flac,True,True,1,False,True,True
Chuzas,Osvaldo Pugliese,1949-05-04,tango,Musica: Agustín Bardi,D:\Dropbox\TDJ\MUSICA\Camilo Gatica\Osvaldo Pugliese\Compilados\Odeón (1943-1960)\Osvaldo Pugliese - Instrumentales inolvidables Vol.2 (1947-1972)\16.Agustín Bardi - Chuzas (1949).flac,True,True,1,False,True,True
Negracha,Osvaldo Pugliese,1948-06-24,tango,Musica: Osvaldo Pugliese,D:\Dropbox\TDJ\MUSICA\Camilo Gatica\Osvaldo Pugliese\Compilados\Odeón (1943-1960)\Osvaldo Pugliese - Instrumentales inolvidables Vol.2 (1947-1972)\17.Osvaldo Pugliese - Negracha (1948).flac,True,True,1,False,True,True
Boedo,Osvaldo Pugliese,1948-07-14,tango,Musica: Julio De Caro - Letra: Dante A. Linyera,D:\Dropbox\TDJ\MUSICA\Camilo Gatica\Osvaldo Pugliese\Compilados\Odeón (1943-1960)\Osvaldo Pugliese - Instrumentales inolvidables Vol.2 (1947-1972)\18.Julio De Caro - Boedo (1948).flac,True,True,1,False,True,True
Patético,Osvaldo Pugliese,1948-04-06,tango,Musica: Jorge Caldara,D:\Dropbox\TDJ\MUSICA\Camilo Gatica\Osvaldo Pugliese\Compilados\Odeón (1943-1960)\Osvaldo Pugliese - Instrumentales inolvidables Vol.2 (1947-1972)\19.Jorge Caldara - Patético (1948).flac,True,True,1,False,True,True
N.N.,Osvaldo Pugliese,1999,tango,,D:\Dropbox\TDJ\MUSICA\Camilo Gatica\Osvaldo Pugliese\Compilados\Odeón (1943-1960)\Osvaldo Pugliese - Instrumentales inolvidables Vol.2 (1947-1972)\20.Osvaldo Ruggiero - N... N... (1947).flac,True,True,2,False,True,False
La Beba,Osvaldo Pugliese,1972-04-25,tango,Musica: Osvaldo Pugliese,"D:\Dropbox\TDJ\MUSICA\Dan\Pugliese\Osvaldo Pugliese - Instrumentales inolvidables Vol.2 (1947-1972)\Osvaldo Pugliese_Reliquias： Instrumentales inolvidables, vol. 2 - 01 - La beba.flac",True,True,1,False,True,True
Buen amigo,Osvaldo Pugliese,1958-03-26,tango,Musica: Julio De Caro - Letra: Juan Carlos Marambio Catan,"D:\Dropbox\TDJ\MUSICA\Dan\Pugliese\Osvaldo Pugliese - Instrumentales inolvidables Vol.2 (1947-1972)\Osvaldo Pugliese_Reliquias： Instrumentales inolvidables, vol. 2 - 02 - Buen amigo.flac",True,True,1,False,True,True
Nochero soy,Osvaldo Pugliese,1956-11-28,tango,Musica: Oscar Herrero,"D:\Dropbox\TDJ\MUSICA\Dan\Pugliese\Osvaldo Pugliese - Instrumentales inolvidables Vol.2 (1947-1972)\Osvaldo Pugliese_Reliquias： Instrumentales inolvidables, vol. 2 - 03 - Nochero soy.flac",True,True,1,False,True,True
Suipacha,Osvaldo Pugliese,1956-10-26,tango,Musica: Eduardo Arolas,"D:\Dropbox\TDJ\MUSICA\Dan\Pugliese\Osvaldo Pugliese - Instrumentales inolvidables Vol.2 (1947-1972)\Osvaldo Pugliese_Reliquias： Instrumentales inolvidables, vol. 2 - 04 - Suipacha.flac",True,True,1,False,True,True
A mis compañeros,Osvaldo Pugliese,1956-01-31,tango,Musica: Osvaldo Ruggiero,"D:\Dropbox\TDJ\MUSICA\Dan\Pugliese\Osvaldo Pugliese - Instrumentales inolvidables Vol.2 (1947-1972)\Osvaldo Pugliese_Reliquias： Instrumentales inolvidables, vol. 2 - 05 - A mis compañeros.flac",True,True,1,False,True,True
Entrador,Osvaldo Pugliese,1952-05-06,tango,Musica: Mario Demarco,"D:\Dropbox\TDJ\MUSICA\Dan\Pugliese\Osvaldo Pugliese - Instrumentales inolvidables Vol.2 (1947-1972)\Osvaldo Pugliese_Reliquias： Instrumentales inolvidables, vol. 2 - 06 - Entrador.flac",True,True,1,False,True,True
Para dos,Osvaldo Pugliese,1952-05-06,tango,Musica: Osvaldo Ruggiero,"D:\Dropbox\TDJ\MUSICA\Dan\Pugliese\Osvaldo Pugliese - Instrumentales inolvidables Vol.2 (1947-1972)\Osvaldo Pugliese_Reliquias： Instrumentales inolvidables, vol. 2 - 07 - Para dos.flac",True,True,1,False,True,True
Olivero,Osvaldo Pugliese,1951-12-10,tango,Musica: José Martínez y Antonio Buglione,"D:\Dropbox\TDJ\MUSICA\Dan\Pugliese\Osvaldo Pugliese - Instrumentales inolvidables Vol.2 (1947-1972)\Osvaldo Pugliese_Reliquias： Instrumentales inolvidables, vol. 2 - 08 - Olivero.flac",True,True,1,False,True,True
Don Atilio,Osvaldo Pugliese,1951-06-27,tango,Musica: Osvaldo Pugliese,"D:\Dropbox\TDJ\MUSICA\Dan\Pugliese\Osvaldo Pugliese - Instrumentales inolvidables Vol.2 (1947-1972)\Osvaldo Pugliese_Reliquias： Instrumentales inolvidables, vol. 2 - 09 - Don Atilio.flac",True,True,1,False,True,True
El tobiano,Osvaldo Pugliese,1950-10-24,tango,Musica: Emilio Balcarce,"D:\Dropbox\TDJ\MUSICA\Dan\Pugliese\Osvaldo Pugliese - Instrumentales inolvidables Vol.2 (1947-1972)\Osvaldo Pugliese_Reliquias： Instrumentales inolvidables, vol. 2 - 10 - El tobiano.flac",True,True,1,False,True,True
Don Aniceto,Osvaldo Pugliese,1950-07-26,tango,Musica: Esteban Gilardi,"D:\Dropbox\TDJ\MUSICA\Dan\Pugliese\Osvaldo Pugliese - Instrumentales inolvidables Vol.2 (1947-1972)\Osvaldo Pugliese_Reliquias： Instrumentales inolvidables, vol. 2 - 11 - Don Aniceto.flac",True,True,1,False,True,True
De floreo,Osvaldo Pugliese,1950-03-29,tango,Musica: Julio Carrasco,"D:\Dropbox\TDJ\MUSICA\Dan\Pugliese\Osvaldo Pugliese - Instrumentales inolvidables Vol.2 (1947-1972)\Osvaldo Pugliese_Reliquias： Instrumentales inolvidables, vol. 2 - 12 - De floreo.flac",True,True,1,False,True,True
Catuzo,Osvaldo Pugliese,1949-12-07,tango,Musica: Osvaldo Ruggiero,"D:\Dropbox\TDJ\MUSICA\Dan\Pugliese\Osvaldo Pugliese - Instrumentales inolvidables Vol.2 (1947-1972)\Osvaldo Pugliese_Reliquias： Instrumentales inolvidables, vol. 2 - 13 - Catuzo.flac",True,True,1,False,True,True
Bien compadre,Osvaldo Pugliese,1949-09-27,tango,Musica: Emilio Balcarce,"D:\Dropbox\TDJ\MUSICA\Dan\Pugliese\Osvaldo Pugliese - Instrumentales inolvidables Vol.2 (1947-1972)\Osvaldo Pugliese_Reliquias： Instrumentales inolvidables, vol. 2 - 14 - Bien compadre.flac",True,True,1,False,True,True
Malandraca,Osvaldo Pugliese,1949-05-31,tango,Musica: Osvaldo Pugliese,"D:\Dropbox\TDJ\MUSICA\Dan\Pugliese\Osvaldo Pugliese - Instrumentales inolvidables Vol.2 (1947-1972)\Osvaldo Pugliese_Reliquias： Instrumentales inolvidables, vol. 2 - 15 - Malandraca.flac",True,True,1,False,True,True
Chuzas,Osvaldo Pugliese,1949-05-04,tango,Musica: Agustín Bardi,"D:\Dropbox\TDJ\MUSICA\Dan\Pugliese\Osvaldo Pugliese - Instrumentales inolvidables Vol.2 (1947-1972)\Osvaldo Pugliese_Reliquias： Instrumentales inolvidables, vol. 2 - 16 - Chuzas.flac",True,True,1,False,True,True
Negracha,Osvaldo Pugliese,1948-06-24,tango,Musica: Osvaldo Pugliese,"D:\Dropbox\TDJ\MUSICA\Dan\Pugliese\Osvaldo Pugliese - Instrumentales inolvidables Vol.2 (1947-1972)\Osvaldo Pugliese_Reliquias： Instrumentales inolvidables, vol. 2 - 17 - Negracha.flac",True,True,1,False,True,True
Boedo,Osvaldo Pugliese,1948-07-14,tango,Musica: Julio De Caro - Letra: Dante A. Linyera,"D:\Dropbox\TDJ\MUSICA\Dan\Pugliese\Osvaldo Pugliese - Instrumentales inolvidables Vol.2 (1947-1972)\Osvaldo Pugliese_Reliquias： Instrumentales inolvidables, vol. 2 - 18 - Boedo.flac",True,True,1,False,True,True
Patético,Osvaldo Pugliese,1948-04-06,tango,Musica: Jorge Caldara,"D:\Dropbox\TDJ\MUSICA\Dan\Pugliese\Osvaldo Pugliese - Instrumentales inolvidables Vol.2 (1947-1972)\Osvaldo Pugliese_Reliquias： Instrumentales inolvidables, vol. 2 - 19 - Patético.flac",True,True,1,False,True,True
N... N...,Osvaldo Pugliese,1947,tango,Osvaldo Ruggiero,"D:\Dropbox\TDJ\MUSICA\Dan\Pugliese\Osvaldo Pugliese - Instrumentales inolvidables Vol.2 (1947-1972)\Osvaldo Pugliese_Reliquias： Instrumentales inolvidables, vol. 2 - 20 - N.N..flac",True,False,0,False,True,False
Gallo ciego,Osvaldo Pugliese,1959-07-23,tango,Musica: Agustin Bardi,D:\Dropbox\TDJ\MUSICA\Camilo Gatica\Osvaldo Pugliese\Compilados\Odeón (1943-1960)\Osvaldo Pugliese - Instrumentales inolvidables Vol.3 (1946-1979)\01.Agustín Bardi - Gallo ciego (1959).flac,True,True,1,False,True,True
Yunta de oro,Osvaldo Pugliese,1957-10-25,tango,Musica: Osvaldo Ruggiero,D:\Dropbox\TDJ\MUSICA\Camilo Gatica\Osvaldo Pugliese\Compilados\Odeón (1943-1960)\Osvaldo Pugliese - Instrumentales inolvidables Vol.3 (1946-1979)\02.Osvaldo Ruggiero - Yunta de oro (1957).flac,True,True,1,False,True,True
Quejumbroso,Osvaldo Pugliese,1959-07-23,tango,Musica: Oscar Herrero,D:\Dropbox\TDJ\MUSICA\Camilo Gatica\Osvaldo Pugliese\Compilados\Odeón (1943-1960)\Osvaldo Pugliese - Instrumentales inolvidables Vol.3 (1946-1979)\03.Luis Oscar Herrero - Quejumbroso (1959).flac,True,True,1,False,True,True
Mato y voy,Osvaldo Pugliese,1978-12-20,tango,Musica: Ernesto Baffa,D:\Dropbox\TDJ\MUSICA\Camilo Gatica\Osvaldo Pugliese\Compilados\Odeón (1943-1960)\Osvaldo Pugliese - Instrumentales inolvidables Vol.3 (1946-1979)\04.Ernesto Baffa & Roberto Pansera - Mato y voy (1979).flac,True,True,1,False,True,True
Pata ancha,Osvaldo Pugliese,1957-05-13,tango,Musica: Mario Demarco,D:\Dropbox\TDJ\MUSICA\Camilo Gatica\Osvaldo Pugliese\Compilados\Odeón (1943-1960)\Osvaldo Pugliese - Instrumentales inolvidables Vol.3 (1946-1979)\05.Mario Demarco - Pata ancha (1957).flac,True,True,1,False,True,True
A Roberto Peppe,Osvaldo Pugliese,1956-03-20,tango,Musica: Esteban Gilardi,D:\Dropbox\TDJ\MUSICA\Camilo Gatica\Osvaldo Pugliese\Compilados\Odeón (1943-1960)\Osvaldo Pugliese - Instrumentales inolvidables Vol.3 (1946-1979)\06.Esteban Gilardi - A Roberto Peppe (1956).flac,True,True,1,False,True,True
Marrón y azul,Osvaldo Pugliese,1956-12-26,tango,Musica: Astor Piazzolla,D:\Dropbox\TDJ\MUSICA\Camilo Gatica\Osvaldo Pugliese\Compilados\Odeón (1943-1960)\Osvaldo Pugliese - Instrumentales inolvidables Vol.3 (1946-1979)\07.Astor Piazzolla - Marrón y azul (1956).flac,True,True,1,False,True,True
La rayuela,Osvaldo Pugliese,1953-11-25,tango,Musica: Julio De Caro,D:\Dropbox\TDJ\MUSICA\Camilo Gatica\Osvaldo Pugliese\Compilados\Odeón (1943-1960)\Osvaldo Pugliese - Instrumentales inolvidables Vol.3 (1946-1979)\08.Julio De Caro - La rayuela (1953).flac,True,True,1,False,True,True
La rayuela,Osvaldo Pugliese,1953-11-25,tango,Musica: Julio De Caro,D:\Dropbox\TDJ\MUSICA\Edmundo\Pugliese\Osvaldo Pugliese - La rayuela.flac,True,True,1,False,True,True
Seguime si podés,Osvaldo Pugliese,1953-10-06,tango,Musica: Alejandro Scarpino y Juan Caldarella - Letra: Antonio Anselmi,D:\Dropbox\TDJ\MUSICA\Camilo Gatica\Osvaldo Pugliese\Compilados\Odeón (1943-1960)\Osvaldo Pugliese - Instrumentales inolvidables Vol.3 (1946-1979)\09.Juan Caldarella & Alejandro Scarpino - Seguime si podés (1953).flac,True,True,1,False,True,True
Seguime si podés,Osvaldo Pugliese,1953-10-06,tango,Musica: Alejandro Scarpino y Juan Caldarella - Letra: Antonio Anselmi,D:\Dropbox\TDJ\MUSICA\Edmundo\Pugliese\Osvaldo Pugliese - Seguime si podés 1.flac,True,True,1,False,True,True
El embrollo,Osvaldo Pugliese,1952-11-13,tango,Musica: Esteban Gilardi,D:\Dropbox\TDJ\MUSICA\Camilo Gatica\Osvaldo Pugliese\Compilados\Odeón (1943-1960)\Osvaldo Pugliese - Instrumentales inolvidables Vol.3 (1946-1979)\10.Esteban Gilardi - El embrollo (1952).flac,True,True,1,False,True,True
El refrán,Osvaldo Pugliese,1951-10-02,tango,Musica: Roberto Peppe,D:\Dropbox\TDJ\MUSICA\Camilo Gatica\Osvaldo Pugliese\Compilados\Odeón (1943-1960)\Osvaldo Pugliese - Instrumentales inolvidables Vol.3 (1946-1979)\11.Roberto Héctor Peppe - El refrán (1951).flac,True,True,1,False,True,True
Bien milonga,Osvaldo Pugliese,1951-07-31,tango,Musica: Ismael Spitalnik,D:\Dropbox\TDJ\MUSICA\Camilo Gatica\Osvaldo Pugliese\Compilados\Odeón (1943-1960)\Osvaldo Pugliese - Instrumentales inolvidables Vol.3 (1946-1979)\12.Ismael Spitalnik - Bien milonga (1951).flac,True,True,1,False,True,True
Pastoral,Osvaldo Pugliese,1950-05-03,tango,Musica: Juan Caldarella,D:\Dropbox\TDJ\MUSICA\Camilo Gatica\Osvaldo Pugliese\Compilados\Odeón (1943-1960)\Osvaldo Pugliese - Instrumentales inolvidables Vol.3 (1946-1979)\13.Jorge Caldara - Pastoral (1950).flac,True,True,1,False,True,True
Canaro en París,Osvaldo Pugliese,1999,tango,,D:\Dropbox\TDJ\MUSICA\Camilo Gatica\Osvaldo Pugliese\Compilados\Odeón (1943-1960)\Osvaldo Pugliese - Instrumentales inolvidables Vol.3 (1946-1979)\14.Juan Caldarella & Alejandro Scarpini - Canaro en París (1949).flac,True,True,2,False,True,False
Pinta brava,Osvaldo Pugliese,1949-08-22,tango,Musica: Francisco Canaro,D:\Dropbox\TDJ\MUSICA\Camilo Gatica\Osvaldo Pugliese\Compilados\Odeón (1943-1960)\Osvaldo Pugliese - Instrumentales inolvidables Vol.3 (1946-1979)\15.Francisco Canaro - Pinta brava (1949).flac,True,True,1,False,True,True
Punto y coma,Osvaldo Pugliese,1948-09-13,tango,Musica: José Martínez,D:\Dropbox\TDJ\MUSICA\Camilo Gatica\Osvaldo Pugliese\Compilados\Odeón (1943-1960)\Osvaldo Pugliese - Instrumentales inolvidables Vol.3 (1946-1979)\16.José Martínez - Punto y coma (1956).flac,True,True,1,False,True,True
Entrada prohibida,Osvaldo Pugliese,1947-12-16,tango,Musica: Luis Teisseire - Letra: Germán Teisseire,D:\Dropbox\TDJ\MUSICA\Camilo Gatica\Osvaldo Pugliese\Compilados\Odeón (1943-1960)\Osvaldo Pugliese - Instrumentales inolvidables Vol.3 (1946-1979)\17.Luis Teisseire - Entrada prohibida (1947).flac,True,True,1,False,True,True
El buscapié,Osvaldo Pugliese,1947-12-01,tango,Musica: José Dames,D:\Dropbox\TDJ\MUSICA\Camilo Gatica\Osvaldo Pugliese\Compilados\Odeón (1943-1960)\Osvaldo Pugliese - Instrumentales inolvidables Vol.3 (1946-1979)\18.José Damés - El buscapié (1947).flac,True,True,1,False,True,True
Jueves,Osvaldo Pugliese,1947-08-19,tango,Musica: Udelino Toranzo y Rafael Rossi,D:\Dropbox\TDJ\MUSICA\Camilo Gatica\Osvaldo Pugliese\Compilados\Odeón (1943-1960)\Osvaldo Pugliese - Instrumentales inolvidables Vol.3 (1946-1979)\19.Udelino Toranzo & Rafael Rossi - Jueves (1947).flac,True,True,1,False,True,True
Vayan saliendo,Osvaldo Pugliese,1946-06-21,tango,Musica: Víctor Donato - Letra: Juan Velich,D:\Dropbox\TDJ\MUSICA\Camilo Gatica\Osvaldo Pugliese\Compilados\Odeón (1943-1960)\Osvaldo Pugliese - Instrumentales inolvidables Vol.3 (1946-1979)\20.Victor Pedro Donato - Vayan saliendo (1946).flac,True,True,1,False,True,True
Gallo ciego,Osvaldo Pugliese,1959-07-23,tango,Musica: Agustin Bardi,"D:\Dropbox\TDJ\MUSICA\Dan\Pugliese\Osvaldo Pugliese - Instrumentales inolvidables Vol.3 (1946-1979)\Osvaldo Pugliese_Reliquias： Instrumentales inolvidables, vol. 3 - 01 - Gallo ciego.flac",True,True,1,False,True,True
Yunta de oro,Osvaldo Pugliese,1957-10-25,tango,Musica: Osvaldo Ruggiero,"D:\Dropbox\TDJ\MUSICA\Dan\Pugliese\Osvaldo Pugliese - Instrumentales inolvidables Vol.3 (1946-1979)\Osvaldo Pugliese_Reliquias： Instrumentales inolvidables, vol. 3 - 02 - Yunta de oro.flac",True,True,1,False,True,True
Quejumbroso,Osvaldo Pugliese,1959-07-23,tango,Musica: Oscar Herrero,"D:\Dropbox\TDJ\MUSICA\Dan\Pugliese\Osvaldo Pugliese - Instrumentales inolvidables Vol.3 (1946-1979)\Osvaldo Pugliese_Reliquias： Instrumentales inolvidables, vol. 3 - 03 - Quejumbroso.flac",True,True,1,False,True,True
Mato y voy,Osvaldo Pugliese,1979,tango,Ernesto Baffa & Roberto Pansera,"D:\Dropbox\TDJ\MUSICA\Dan\Pugliese\Osvaldo Pugliese - Instrumentales inolvidables Vol.3 (1946-1979)\Osvaldo Pugliese_Reliquias： Instrumentales inolvidables, vol. 3 - 04 - Mato y voy.flac",True,True,1,False,True,False
Pata ancha,Osvaldo Pugliese,1957-05-13,tango,Musica: Mario Demarco,"D:\Dropbox\TDJ\MUSICA\Dan\Pugliese\Osvaldo Pugliese - Instrumentales inolvidables Vol.3 (1946-1979)\Osvaldo Pugliese_Reliquias： Instrumentales inolvidables, vol. 3 - 05 - Pata ancha.flac",True,True,1,False,True,True
A Roberto Peppe,Osvaldo Pugliese,1956-03-20,tango,Musica: Esteban Gilardi,"D:\Dropbox\TDJ\MUSICA\Dan\Pugliese\Osvaldo Pugliese - Instrumentales inolvidables Vol.3 (1946-1979)\Osvaldo Pugliese_Reliquias： Instrumentales inolvidables, vol. 3 - 06 - A Roberto Peppe.flac",True,True,1,False,True,True
Marrón y azul,Osvaldo Pugliese,1956-12-26,tango,Musica: Astor Piazzolla,"D:\Dropbox\TDJ\MUSICA\Dan\Pugliese\Osvaldo Pugliese - Instrumentales inolvidables Vol.3 (1946-1979)\Osvaldo Pugliese_Reliquias： Instrumentales inolvidables, vol. 3 - 07 - Marrón y azul.flac",True,True,1,False,True,True
La rayuela,Osvaldo Pugliese,1953-11-25,tango,Musica: Julio De Caro,"D:\Dropbox\TDJ\MUSICA\Dan\Pugliese\Osvaldo Pugliese - Instrumentales inolvidables Vol.3 (1946-1979)\Osvaldo Pugliese_Reliquias： Instrumentales inolvidables, vol. 3 - 08 - La rayuela.flac",True,True,1,False,True,True
Seguime si podés,Osvaldo Pugliese,1953-10-06,tango,Musica: Alejandro Scarpino y Juan Caldarella - Letra: Antonio Anselmi,"D:\Dropbox\TDJ\MUSICA\Dan\Pugliese\Osvaldo Pugliese - Instrumentales inolvidables Vol.3 (1946-1979)\Osvaldo Pugliese_Reliquias： Instrumentales inolvidables, vol. 3 - 09 - Seguime si podés.flac",True,True,1,False,True,True
El embrollo,Osvaldo Pugliese,1952-11-13,tango,Musica: Esteban Gilardi,"D:\Dropbox\TDJ\MUSICA\Dan\Pugliese\Osvaldo Pugliese - Instrumentales inolvidables Vol.3 (1946-1979)\Osvaldo Pugliese_Reliquias： Instrumentales inolvidables, vol. 3 - 10 - El embrollo.flac",True,True,1,False,True,True
El refrán,Osvaldo Pugliese,1951-10-02,tango,Musica: Roberto Peppe,"D:\Dropbox\TDJ\MUSICA\Dan\Pugliese\Osvaldo Pugliese - Instrumentales inolvidables Vol.3 (1946-1979)\Osvaldo Pugliese_Reliquias： Instrumentales inolvidables, vol. 3 - 11 - El refrán.flac",True,True,1,False,True,True
Bien milonga,Osvaldo Pugliese,1951-07-31,tango,Musica: Ismael Spitalnik,"D:\Dropbox\TDJ\MUSICA\Dan\Pugliese\Osvaldo Pugliese - Instrumentales inolvidables Vol.3 (1946-1979)\Osvaldo Pugliese_Reliquias： Instrumentales inolvidables, vol. 3 - 12 - Bien milonga.flac",True,True,1,False,True,True
Pastoral,Osvaldo Pugliese,1950-05-03,tango,Musica: Juan Caldarella,"D:\Dropbox\TDJ\MUSICA\Dan\Pugliese\Osvaldo Pugliese - Instrumentales inolvidables Vol.3 (1946-1979)\Osvaldo Pugliese_Reliquias： Instrumentales inolvidables, vol. 3 - 13 - Pastoral.flac",True,True,1,False,True,True
Canaro en París,Osvaldo Pugliese,1949-11-28,tango,Musica: Juan Caldarella y Alejandro Scarpino - Letra: José Scarpino,"D:\Dropbox\TDJ\MUSICA\Dan\Pugliese\Osvaldo Pugliese - Instrumentales inolvidables Vol.3 (1946-1979)\Osvaldo Pugliese_Reliquias： Instrumentales inolvidables, vol. 3 - 14 - Canaro en París.flac",True,True,1,False,True,True
Pinta brava,Osvaldo Pugliese,1949-08-22,tango,Musica: Francisco Canaro,"D:\Dropbox\TDJ\MUSICA\Dan\Pugliese\Osvaldo Pugliese - Instrumentales inolvidables Vol.3 (1946-1979)\Osvaldo Pugliese_Reliquias： Instrumentales inolvidables, vol. 3 - 15 - Pinta brava.flac",True,True,1,False,True,True
Punto y coma,Osvaldo Pugliese,1956,tango,José Martínez,"D:\Dropbox\TDJ\MUSICA\Dan\Pugliese\Osvaldo Pugliese - Instrumentales inolvidables Vol.3 (1946-1979)\Osvaldo Pugliese_Reliquias： Instrumentales inolvidables, vol. 3 - 16 - Punto y coma.flac",True,True,1,False,True,False
Entrada prohibida,Osvaldo Pugliese,1947-12-16,tango,Musica: Luis Teisseire - Letra: Germán Teisseire,"D:\Dropbox\TDJ\MUSICA\Dan\Pugliese\Osvaldo Pugliese - Instrumentales inolvidables Vol.3 (1946-1979)\Osvaldo Pugliese_Reliquias： Instrumentales inolvidables, vol. 3 - 17 - Entrada prohibida.flac",True,True,1,False,True,True
El buscapié,Osvaldo Pugliese,1947-12-01,tango,Musica: José Dames,"D:\Dropbox\TDJ\MUSICA\Dan\Pugliese\Osvaldo Pugliese - Instrumentales inolvidables Vol.3 (1946-1979)\Osvaldo Pugliese_Reliquias： Instrumentales inolvidables, vol. 3 - 18 - El buscapié.flac",True,True,1,False,True,True
Jueves,Osvaldo Pugliese,1947-08-19,tango,Musica: Udelino Toranzo y Rafael Rossi,"D:\Dropbox\TDJ\MUSICA\Dan\Pugliese\Osvaldo Pugliese - Instrumentales inolvidables Vol.3 (1946-1979)\Osvaldo Pugliese_Reliquias： Instrumentales inolvidables, vol. 3 - 19 - Jueves.flac",True,True,1,False,True,True
Vayan saliendo,Osvaldo Pugliese,1946-06-21,tango,Musica: Víctor Donato - Letra: Juan Velich,"D:\Dropbox\TDJ\MUSICA\Dan\Pugliese\Osvaldo Pugliese - Instrumentales inolvidables Vol.3 (1946-1979)\Osvaldo Pugliese_Reliquias： Instrumentales inolvidables, vol. 3 - 20 - Vayan saliendo.flac",True,True,1,False,True,True
Los mareados,Osvaldo Pugliese,1979,tango,,D:\Dropbox\TDJ\MUSICA\Leandro\Osvaldo Pugliese\EMI-Odeón (1972-1989)\Osvaldo Pugliese - Mato y voy (1979)\01.Juan Carlos Cobián - Los mareados.flac,True,True,2,False,True,False
Quejas de Bandoneón,Osvaldo Pugliese,1979,tango,,D:\Dropbox\TDJ\MUSICA\Leandro\Osvaldo Pugliese\EMI-Odeón (1972-1989)\Osvaldo Pugliese - Mato y voy (1979)\03.Juan de Dios Filiberto - Quejas de bandoneón.flac,True,True,1,False,True,False
Mato y voy,Osvaldo Pugliese,1979,tango,,D:\Dropbox\TDJ\MUSICA\Camilo Gatica\Osvaldo Pugliese\EMI-Odeón (1972-1988)\Osvaldo Pugliese - Mato y voy (1979)\05.Ernesto Baffa & Roberto Pansera - Mato y voy.flac,True,True,1,False,True,False
El africano,Osvaldo Pugliese,1979,tango,"Aut: Francisco Antonio Lio, Com: Eduardo Pereyra",D:\Dropbox\TDJ\MUSICA\Camilo Gatica\Osvaldo Pugliese\EMI-Odeón (1972-1988)\Osvaldo Pugliese - Mato y voy (1979)\06.Eduardo Pereyra - El Africano.flac,True,True,1,False,True,False
El japanga,Osvaldo Pugliese,1979,tango,,D:\Dropbox\TDJ\MUSICA\Leandro\Osvaldo Pugliese\EMI-Odeón (1972-1989)\Osvaldo Pugliese - Mato y voy (1979)\10.Osvaldo Pugliese - El japanga.flac,True,True,1,False,True,False
Zum,Osvaldo Pugliese,1973-12-12,tango,Musica: Astor Piazzolla,D:\Dropbox\TDJ\MUSICA\Leandro\Osvaldo Pugliese\EMI-Odeón (1972-1989)\Osvaldo Pugliese - Noches de San Telmo (1976)\01.Astor Piazzolla - Zum.flac,True,True,1,False,True,True
Corrales viejos,Osvaldo Pugliese,1976,tango,,D:\Dropbox\TDJ\MUSICA\Camilo Gatica\Osvaldo Pugliese\EMI-Odeón (1972-1988)\Osvaldo Pugliese - Noches de San Telmo (1976)\03.Anselmo Aieta - Corrales viejos.flac,True,True,1,False,True,False
Para Eduardo Arolas,Osvaldo Pugliese,1976-06-04,tango,Musica: ? - Letra: ?,D:\Dropbox\TDJ\MUSICA\Leandro\Osvaldo Pugliese\EMI-Odeón (1972-1989)\Osvaldo Pugliese - Noches de San Telmo (1976)\06.Osvaldo Pugliese - Para Eduardo Arolas.flac,True,True,1,False,True,True
Arrabal,Osvaldo Pugliese,1976,tango,,D:\Dropbox\TDJ\MUSICA\Camilo Gatica\Osvaldo Pugliese\EMI-Odeón (1972-1988)\Osvaldo Pugliese - Noches de San Telmo (1976)\07.José Pascual - Arrabal.flac,True,True,3,False,True,False
Malena,Osvaldo Pugliese,1976,tango,,D:\Dropbox\TDJ\MUSICA\Camilo Gatica\Osvaldo Pugliese\EMI-Odeón (1972-1988)\Osvaldo Pugliese - Noches de San Telmo (1976)\08.Lucio Demare - Malena.flac,True,True,1,False,True,False
Camandulaje,Osvaldo Pugliese,1976,tango,,D:\Dropbox\TDJ\MUSICA\Camilo Gatica\Osvaldo Pugliese\EMI-Odeón (1972-1988)\Osvaldo Pugliese - Noches de San Telmo (1976)\11.Alfredo Gobbi - Camandulaje.flac,True,True,1,False,True,False
Callao once,Osvaldo Pugliese,1976-05-14,tango,Musica: Javier Mazzea,D:\Dropbox\TDJ\MUSICA\Leandro\Osvaldo Pugliese\EMI-Odeón (1972-1989)\Osvaldo Pugliese - Noches de San Telmo (1976)\12.Javier Mazzea - Callao 11.flac,True,True,1,False,True,True
Pa' los medicos,Osvaldo Pugliese,1982-09-03,tango,Musica: ? - Letra: ?,D:\Dropbox\TDJ\MUSICA\Camilo Gatica\Osvaldo Pugliese\EMI-Odeón (1972-1988)\Osvaldo Pugliese - Pa' los médicos (1983)\01.Osvaldo Pugliese - Pa' los médicos (03-09-1982).flac,False,False,1,False,False,True
Chacabuqueando,Osvaldo Pugliese,1982-11-15,tango,Musica: Roberto Alvarez,D:\Dropbox\TDJ\MUSICA\Camilo Gatica\Osvaldo Pugliese\EMI-Odeón (1972-1988)\Osvaldo Pugliese - Pa' los médicos (1983)\03.Roberto Álvarez - Chacabuqueando (15-11-1982).flac,False,False,1,False,False,True
Juan Pueblo,Osvaldo Pugliese,1981-07-29,tango,Musica: ? - Letra: ?,D:\Dropbox\TDJ\MUSICA\Camilo Gatica\Osvaldo Pugliese\EMI-Odeón (1972-1988)\Osvaldo Pugliese - Pa' los médicos (1983)\05.Ismael Spitalnik - Juan Pueblo (29-07-1981).flac,False,False,1,False,False,True
Verdenuevo,Osvaldo Pugliese,1981-05-31,tango,,D:\Dropbox\TDJ\MUSICA\Camilo Gatica\Osvaldo Pugliese\EMI-Odeón (1972-1988)\Osvaldo Pugliese - Pa' los médicos (1983)\07.Raúl Garello - Verdenuevo (31-05-1981).flac,True,True,1,False,True,False
Racconto,Osvaldo Pugliese,1982-08-03,tango,Musica: Carlos García - Letra: Margarita Durán,D:\Dropbox\TDJ\MUSICA\Camilo Gatica\Osvaldo Pugliese\EMI-Odeón (1972-1988)\Osvaldo Pugliese - Pa' los médicos (1983)\09.Carlos García - Racconto (03-08-1982).flac,False,False,1,False,False,True
Recuerdo,Osvaldo Pugliese,1987-07-01,tango,,D:\Dropbox\TDJ\MUSICA\Camilo Gatica\Osvaldo Pugliese\EMI-Odeón (1972-1988)\Osvaldo Pugliese - Recuerdo (1988)\01.Osvaldo Pugliese - Recuerdo (01-07-1987).flac,True,True,4,False,True,False
Copacabana (Nido de amor),Osvaldo Pugliese,1985-06-28,tango,Musica: Julio De Caro - Letra: Antonio Rubio Penadés,D:\Dropbox\TDJ\MUSICA\Camilo Gatica\Osvaldo Pugliese\EMI-Odeón (1972-1988)\Osvaldo Pugliese - Recuerdo (1988)\02.Julio De Caro - Copacabana (16-08-1985).flac,False,False,1,False,False,True
Toda mi vida,Osvaldo Pugliese,1985-12-26,tango,Musica: Aníbal Troilo - Letra: José María Contursi,D:\Dropbox\TDJ\MUSICA\Camilo Gatica\Osvaldo Pugliese\EMI-Odeón (1972-1988)\Osvaldo Pugliese - Recuerdo (1988)\03.Aníbal Troilo - Toda mi vida (16-08-1985).flac,False,False,1,False,False,True
Protocoleando,Osvaldo Pugliese,1985-11-22,tango,,D:\Dropbox\TDJ\MUSICA\Camilo Gatica\Osvaldo Pugliese\EMI-Odeón (1972-1988)\Osvaldo Pugliese - Recuerdo (1988)\04.Osvaldo Pugliese - Protocoleando (22-11-1985).flac,True,True,2,False,True,False
Ensayando,Osvaldo Pugliese,1987-07-01,tango,,D:\Dropbox\TDJ\MUSICA\Camilo Gatica\Osvaldo Pugliese\EMI-Odeón (1972-1988)\Osvaldo Pugliese - Recuerdo (1988)\05.Alejandro Prevignano - Ensayando (01-07-1987).flac,True,True,1,False,True,False
Orgullo criollo,Osvaldo Pugliese,1956-06-21,tango,Musica: Julio De Caro y Pedro Laurenz,D:\Dropbox\TDJ\MUSICA\Camilo Gatica\Osvaldo Pugliese\Compilados\Odeón (1943-1960)\Osvaldo Pugliese - Sus grandes éxitos - Cantan Miguel Montero y Jorge Maciel (1954-1958)\05.Julio De Caro & Pedro Laurenz - Orgullo criollo (1956).flac,True,True,1,False,True,True
Corazoneando,Osvaldo Pugliese,1958-01-02,tango,Musica: Osvaldo Pugliese,D:\Dropbox\TDJ\MUSICA\Camilo Gatica\Osvaldo Pugliese\Compilados\Odeón (1943-1960)\Osvaldo Pugliese - Sus grandes éxitos - Cantan Miguel Montero y Jorge Maciel (1954-1958)\10.Osvaldo Pugliese - Corazoneando (1958).flac,True,True,1,False,True,True
Gente amiga,Osvaldo Pugliese,1958-01-02,tango,Musica: Ismael Spitalnik,D:\Dropbox\TDJ\MUSICA\Camilo Gatica\Osvaldo Pugliese\Compilados\Odeón (1943-1960)\Osvaldo Pugliese - Sus grandes éxitos - Cantan Miguel Montero y Jorge Maciel (1954-1958)\15.Ismael Spitalnik - Gente amiga (02-01-1958).flac,True,True,1,False,True,True
Julie,Osvaldo Pugliese,1958-01-16,tango,Musica: Enrique Alessio y Carlos Lazzari,D:\Dropbox\TDJ\MUSICA\Camilo Gatica\Osvaldo Pugliese\Compilados\Odeón (1943-1960)\Osvaldo Pugliese - Sus grandes éxitos - Cantan Miguel Montero y Jorge Maciel (1954-1958)\20.Carlos Lazzari & Enrique Alessio - Julie (1958).flac,True,True,1,False,True,True
Mala junta,Osvaldo Pugliese,2014,tango,Julio de Caro,D:\Dropbox\TDJ\MUSICA\Camilo Gatica\Osvaldo Pugliese\Compilados\Odeón (1943-1960)\Osvaldo Pugliese - Tangos\01.Pedro Laurenz - Mala junta.flac,True,True,3,False,True,False
La Tupungatina,Osvaldo Pugliese,2014,tango,C. Tapia,D:\Dropbox\TDJ\MUSICA\Camilo Gatica\Osvaldo Pugliese\Compilados\Odeón (1943-1960)\Osvaldo Pugliese - Tangos\03.Cristino Tapia (Arr. en tango Roberto Peppe) - La Tupungatina.flac,True,True,2,False,True,False
N... N...,Osvaldo Pugliese,2014,tango,O. Ruggiero,D:\Dropbox\TDJ\MUSICA\Camilo Gatica\Osvaldo Pugliese\Compilados\Odeón (1943-1960)\Osvaldo Pugliese - Tangos\04.Osvaldo Ruggiero - N... N.flac,True,False,0,False,True,False
La yumba,Osvaldo Pugliese,2014,tango,O. Pugliese,D:\Dropbox\TDJ\MUSICA\Camilo Gatica\Osvaldo Pugliese\Compilados\Odeón (1943-1960)\Osvaldo Pugliese - Tangos\05.Osvaldo Pugliese - La yumba.flac,True,True,3,False,True,False
La Cachila,Osvaldo Pugliese,2014,tango,E. Arolas,D:\Dropbox\TDJ\MUSICA\Camilo Gatica\Osvaldo Pugliese\Compilados\Odeón (1943-1960)\Osvaldo Pugliese - Tangos\07.Eduardo Arolas - La cachila.flac,True,True,2,False,True,False
El Relampago,Osvaldo Pugliese,1965,tango,"Sassone, Florindo Pedro",D:\Dropbox\TDJ\MUSICA\Eduardo\sc2\12 El Relampago.mp3,True,True,1,False,True,False
La mariposa,Osvaldo Pugliese,1991,tango,,D:\Dropbox\TDJ\MUSICA\Dan\Pugliese\Osvaldo Pugliese Coleccion\Pugliese_Osvaldo Pugliese Coleccion - 01 - La Mariposa.flac,True,True,2,False,True,False
El andariego,Osvaldo Pugliese,1991,tango,,D:\Dropbox\TDJ\MUSICA\Dan\Pugliese\Osvaldo Pugliese Coleccion\Pugliese_Osvaldo Pugliese Coleccion - 02 - El Andariego.flac,True,True,1,False,True,False
El Abrojito,Osvaldo Pugliese,1991,tango,,D:\Dropbox\TDJ\MUSICA\Dan\Pugliese\Osvaldo Pugliese Coleccion\Pugliese_Osvaldo Pugliese Coleccion - 03 - El Abrojito.flac,True,True,1,False,True,False
Negracha,Osvaldo Pugliese,1991,tango,,D:\Dropbox\TDJ\MUSICA\Dan\Pugliese\Osvaldo Pugliese Coleccion\Pugliese_Osvaldo Pugliese Coleccion - 04 - Negracha.flac,True,True,1,False,True,False
El Pañuelito,Osvaldo Pugliese,1991,tango,,D:\Dropbox\TDJ\MUSICA\Dan\Pugliese\Osvaldo Pugliese Coleccion\Pugliese_Osvaldo Pugliese Coleccion - 05 - El Pañuelito.flac,True,True,1,False,True,False
Parlamento,Osvaldo Pugliese,1991,tango,,D:\Dropbox\TDJ\MUSICA\Dan\Pugliese\Osvaldo Pugliese Coleccion\Pugliese_Osvaldo Pugliese Coleccion - 06 - Parlamento.flac,True,True,1,False,True,False
Zum,Osvaldo Pugliese,1991,tango,,D:\Dropbox\TDJ\MUSICA\Dan\Pugliese\Osvaldo Pugliese Coleccion\Pugliese_Osvaldo Pugliese Coleccion - 14 - Zum.flac,True,True,1,False,True,False
La Tupungatina,Osvaldo Pugliese,1952,tango,C. Tapia,D:\Dropbox\TDJ\MUSICA\Eduardo\sc1\03 La Tupungatina.mp3,True,True,2,False,True,False
N...N..,Osvaldo Pugliese,1952,tango,O. Ruggiero,D:\Dropbox\TDJ\MUSICA\Eduardo\sc2\04 N...N...  esu 160.mp3,True,False,0,False,True,False
N...N...,Osvaldo Pugliese,1952,tango,O. Ruggiero,D:\Dropbox\TDJ\MUSICA\Eduardo\sc2\04 N...N....mp3,True,False,0,False,True,False
Que pinturita,Osvaldo Pugliese,1958-08-06,tango,Musica: Esteban Gilardi,D:\Dropbox\TDJ\MUSICA\Eduardo\2\10 Que Pinturita.mp3,True,True,1,False,True,True
Ciudad triste,Osvaldo Pugliese,1969-06,tango,Musica: Osvaldo Tarantino,D:\Dropbox\TDJ\MUSICA\Eduardo\6\19 Ciudad Triste.mp3,True,True,1,False,True,True
El recodo,Osvaldo Pugliese,1970,tango,Musica: Alejandro Junnissi - Letra: Armando Tagini,D:\Dropbox\TDJ\MUSICA\Eduardo\6\20 El Recodo.mp3,True,True,1,False,True,True
Susheta,Osvaldo Pugliese,1970,tango,J. C. Cobian - E. Cadícamo,D:\Dropbox\TDJ\MUSICA\Eduardo\sc1\21 Susheta.mp3,True,False,0,False,True,False
Sensorial,Osvaldo Pugliese,1971,tango,Musica: Dino Saluzzi y Mauricio Marcelli,D:\Dropbox\TDJ\MUSICA\Eduardo\6\22 Sensorial.mp3,True,True,1,False,True,True
Negracha,Osvaldo Pugliese,1948-06-24,tango,Musica: Osvaldo Pugliese,D:\Dropbox\TDJ\MUSICA\Eduardo\7\04 Negracha     -  esu128.mp3,True,True,1,False,True,True
Tinta roja,Osvaldo Pugliese,1972-04-25,tango,Musica: Sebastián Piana - Letra: Cátulo Castillo,D:\Dropbox\TDJ\MUSICA\Eduardo\2\09 Tinta Roja.mp3,True,True,1,False,True,True
Chiqué,Osvaldo Pugliese,1992,tango,R. L. Brignolo,D:\Dropbox\TDJ\MUSICA\Eduardo\sc2\14 Chiqué.mp3,True,True,2,False,True,False
Antiguo Reloj De Cobre,Osvaldo Pugliese,1954,tango,E. Marvezi - E. Maverzi,D:\Dropbox\TDJ\MUSICA\Eduardo\sc1\13 Antiguo Reloj De Cobre 1 - esu128.mp3,True,True,1,False,True,False
Parlamento,Osvaldo Pugliese,1979-12-27,tango,Musica: Julio De Caro - Letra: Richard Russo,D:\Dropbox\TDJ\MUSICA\Eduardo\2\11 Parlamento.mp3,True,True,1,False,True,True
Mala Junta,Osvaldo Pugliese,1992,tango,J. De Caro y P. Laurenz - J. Velich,D:\Dropbox\TDJ\MUSICA\Eduardo\sc1\13 Mala Junta.mp3,True,True,3,False,True,False
Ojos Negros,Osvaldo Pugliese,1973,tango,V. Greco,D:\Dropbox\TDJ\MUSICA\Eduardo\sc2\13 Ojos Negros.mp3,True,True,1,False,True,False
Zum,Osvaldo Pugliese,1976,tango,A. Piazzolla,D:\Dropbox\TDJ\MUSICA\Eduardo\sc1\14 Zum.mp3,True,True,1,False,True,False
Arrabal,Osvaldo Pugliese,1989,tango,J. Pascual,D:\Dropbox\TDJ\MUSICA\Eduardo\sc1\19 Arrabal.mp3,True,True,3,False,True,False
El andariego,Osvaldo Pugliese,1972-06-26,tango,Musica: Alfredo Gobbi,D:\Dropbox\TDJ\MUSICA\Eduardo\1\02 El Andariego        -    7_2.mp3,False,False,1,False,False,True
La bordona,Osvaldo Pugliese,1958-08-06,tango,Musica: Emilio Balcarce,D:\Dropbox\TDJ\MUSICA\Eduardo\6\22 La Bordona.mp3,True,True,1,False,True,True
Malandraca,Osvaldo Pugliese,1949-05-31,tango,Musica: Osvaldo Pugliese,D:\Dropbox\TDJ\MUSICA\Eduardo\1\01 Malandraca.mp3,True,True,1,False,True,True
Un Baile A Beneficio,Osvaldo Pugliese,1949,tango milonga,J. C. Caviello - J. A. Fernandez,D:\Dropbox\TDJ\MUSICA\Eduardo\sc1\04 Un Baile A Beneficio.mp3,True,True,1,False,True,False
Orlando Goñi,Osvaldo Pugliese,1965-10,tango,Musica: Alfredo Gobbi,D:\Dropbox\TDJ\MUSICA\Eduardo\2\09 Orlando Goñi.mp3,True,True,1,False,True,True
Don Agustín Bardi,Osvaldo Pugliese,1961-08,tango,Musica: Horacio Salgán,D:\Dropbox\TDJ\MUSICA\Eduardo\7\05 Don Agustin Bardi 1 - esu128.mp3,True,True,1,False,True,True
A Evaristo Carriego,Osvaldo Pugliese,1992,tango,E. Rovira,D:\Dropbox\TDJ\MUSICA\Eduardo\sc1\09 A Evaristo Carriego.mp3,True,True,2,False,True,False
Nochero Soy Pugliese,Osvaldo Pugliese,1998,tango,Francisco Canaro,D:\Dropbox\TDJ\MUSICA\Osvaldo LA YUMBA\- PUGLIESE\- PUGLI  -  Instru\PUGLIESE\Osvaldo Pugliese-Nochero Soy Pugliese.mp3,True,True,1,False,True,False
Malena,Osvaldo Pugliese,1974-12-11,tango,Musica: Lucio Demare - Letra: Homero Manzi,D:\Dropbox\TDJ\MUSICA\Osvaldo LA YUMBA\- PUGLIESE\Kiko pugli\Osvaldo Pugliese 1973-1974-1976\08 malena- instrumental de lucio demare- 1974.mp3,True,True,1,False,True,True
Balada para un loco,Osvaldo Pugliese,1970-05,tango,Musica: Astor Piazzolla - Letra: Horacio Ferrer,D:\Dropbox\TDJ\MUSICA\Osvaldo LA YUMBA\- PUGLIESE\Kiko pugli\Osvaldo Pugliese - 1970 - 1972 - Todas sus grabaciones\01-osvaldo pugliese - balada para un loco-Piazzolla-Ferrer - 1970.mp3,True,True,1,False,True,True
A Evaristo Carriego,Osvaldo Pugliese,1985-12-26,tango,Musica: Eduardo Rovira,D:\Dropbox\TDJ\MUSICA\Edmundo\Pugliese\Osvaldo Pugliese - A Evaristo Carriego.mp3,False,False,1,False,False,True
Pasional,Osvaldo Pugliese,,tango,,D:\Dropbox\TDJ\MUSICA\Eva\Pugliese\Pugliese- La Abandone y no sabia- Pasional\27 085.Pasional.m4a,True,True,2,False,True,False
Don Atilio,Osvaldo Pugliese,1951-06-27,tango,Musica: Osvaldo Pugliese,D:\Dropbox\TDJ\MUSICA\Osvaldo LA YUMBA\- PUGLIESE\Kiko pugli\Osvaldo Pugliese - 1951 - 1952 - Todas sus grabaciones\03-don atilio-instrumental de pugliese - 1951.mp3,True,True,1,False,True,True
Puente Alsina   Vidal,Osvaldo Pugliese,,tango,,D:\Dropbox\TDJ\MUSICA\Osvaldo LA YUMBA\- PUGLIESE\- Pugliese  cantado\Osvaldo Pugliese-Puente Alsina   Vidal.mp3,True,True,1,False,True,False
La payanca,Osvaldo Pugliese,1964-05,tango,Musica: Augusto Berto - Letra: Jesús Fernández Blanco,D:\Dropbox\TDJ\MUSICA\Osvaldo LA YUMBA\- PUGLIESE\Kiko pugli\Osvaldo Pugliese - 1964 - 1965 - Todas sus grabaciones\03-osbaldo pugliese - la payanca-Berto-Fernandez-1964.mp3,True,True,1,False,True,True
Nonino,Osvaldo Pugliese,,tango,,D:\Dropbox\TDJ\MUSICA\Osvaldo LA YUMBA\- PUGLIESE\Kiko pugli\Osvaldo Pugliese - 1961- Todas sus grabaciones\03-nonino- instrumental de piazzolla - 1961.mp3,True,True,2,False,True,False
La mariposa,Osvaldo Pugliese,2001,tango,,D:\Dropbox\TDJ\MUSICA\Leandro\Osvaldo Pugliese\Que falta que me hacés - Vol 1-4\Osvaldo Pugliese - Que Falta que me Haces (Vol.1) (2001)\01 - La Mariposa.flac,True,True,2,False,True,False
El Encopao,Osvaldo Pugliese,2001,tango,,D:\Dropbox\TDJ\MUSICA\Leandro\Osvaldo Pugliese\Que falta que me hacés - Vol 1-4\Osvaldo Pugliese - Que Falta que me Haces (Vol.1) (2001)\04 - El Encopao.flac,True,True,3,False,True,False
Bandoneón arrabalero,Osvaldo Pugliese,1967-09,tango,Musica: Bachicha - Letra: Pascual Contursi,D:\Dropbox\TDJ\MUSICA\Leandro\Osvaldo Pugliese\Que falta que me hacés - Vol 1-4\Osvaldo Pugliese - Que Falta que me Haces (Vol.1) (2001)\05 - Bandoneon Arrabalero.flac,True,True,1,False,True,True
El entrerriano,Osvaldo Pugliese,1968-11,tango,Musica: Rosendo Mendizabal - Letra: Homero Exposito,D:\Dropbox\TDJ\MUSICA\Leandro\Osvaldo Pugliese\Que falta que me hacés - Vol 1-4\Osvaldo Pugliese - Que Falta que me Haces (Vol.1) (2001)\07 - El Entrerriano.flac,True,True,1,False,True,True
Didí,Osvaldo Pugliese,1967-06,tango,Musica: Roberto Firpo,D:\Dropbox\TDJ\MUSICA\Leandro\Osvaldo Pugliese\Que falta que me hacés - Vol 1-4\Osvaldo Pugliese - Que Falta que me Haces (Vol.1) (2001)\10 - Didi.flac,True,True,1,False,True,True
Don Augustín Bardi,Osvaldo Pugliese,2001,tango,Horacio Salgán,D:\Dropbox\TDJ\MUSICA\Leandro\Osvaldo Pugliese\Que falta que me hacés - Vol 1-4\Osvaldo Pugliese - Que Falta que me Haces (Vol.1) (2001)\12 - Don Agustin Bardi.flac,True,True,1,False,True,False
Taconeando,Osvaldo Pugliese,1970-05,tango,Musica: Pedro Maffia - Letra: José Horacio Staffolani,D:\Dropbox\TDJ\MUSICA\Leandro\Osvaldo Pugliese\Que falta que me hacés - Vol 1-4\Osvaldo Pugliese - Que Falta que me Haces (Vol.1) (2001)\14 - Taconeando.flac,True,True,1,False,True,True
El amanecer,Osvaldo Pugliese,1964-04,tango,Musica: Roberto Firpo,D:\Dropbox\TDJ\MUSICA\Leandro\Osvaldo Pugliese\Que falta que me hacés - Vol 1-4\Osvaldo Pugliese - Que Falta que me Haces (Vol.2) (2001)\01 - El Amanecer.flac,True,True,1,False,True,True
Recuerdo,Osvaldo Pugliese,2001,tango,,D:\Dropbox\TDJ\MUSICA\Leandro\Osvaldo Pugliese\Que falta que me hacés - Vol 1-4\Osvaldo Pugliese - Que Falta que me Haces (Vol.2) (2001)\02 - Recuerdo.flac,True,True,4,False,True,False
La payanca,Osvaldo Pugliese,1964-05,tango,Musica: Augusto Berto - Letra: Jesús Fernández Blanco,D:\Dropbox\TDJ\MUSICA\Leandro\Osvaldo Pugliese\Que falta que me hacés - Vol 1-4\Osvaldo Pugliese - Que Falta que me Haces (Vol.2) (2001)\05 - La Payanca.flac,True,True,1,False,True,True
Nobleza de arrabal,Osvaldo Pugliese,1966-12,tango,Musica: Francisco Canaro - Letra: Homero Manzi,D:\Dropbox\TDJ\MUSICA\Leandro\Osvaldo Pugliese\Que falta que me hacés - Vol 1-4\Osvaldo Pugliese - Que Falta que me Haces (Vol.2) (2001)\07 - Nobleza de Arrabal.flac,True,True,1,False,True,True
La biandunga,Osvaldo Pugliese,1969-08,tango,Musica: Osvaldo Pugliese,D:\Dropbox\TDJ\MUSICA\Leandro\Osvaldo Pugliese\Que falta que me hacés - Vol 1-4\Osvaldo Pugliese - Que Falta que me Haces (Vol.2) (2001)\10 - La Biandunga.flac,True,True,1,False,True,True
El Relmpago,Osvaldo Pugliese,2001,tango,,D:\Dropbox\TDJ\MUSICA\Leandro\Osvaldo Pugliese\Que falta que me hacés - Vol 1-4\Osvaldo Pugliese - Que Falta que me Haces (Vol.2) (2001)\12 - El Relmpago.flac,True,False,0,False,True,False
Charamusca,Osvaldo Pugliese,1963-05,tango,Musica: Francisco Canaro,D:\Dropbox\TDJ\MUSICA\Leandro\Osvaldo Pugliese\Que falta que me hacés - Vol 1-4\Osvaldo Pugliese - Que Falta que me Haces (Vol.2) (2001)\14 - Charamusca.flac,True,True,1,False,True,True
Inspiración,Osvaldo Pugliese,1962-12,tango,Musica: Peregrino Paulos - Letra: Luis Rubistein,D:\Dropbox\TDJ\MUSICA\Leandro\Osvaldo Pugliese\Que falta que me hacés - Vol 1-4\Osvaldo Pugliese - Que Falta que me Haces (Vol.3) (2001)\01 - Inspiración.flac,True,True,1,False,True,True
El marne,Osvaldo Pugliese,1969-06,tango,Musica: Eduardo Arolas,D:\Dropbox\TDJ\MUSICA\Leandro\Osvaldo Pugliese\Que falta que me hacés - Vol 1-4\Osvaldo Pugliese - Que Falta que me Haces (Vol.3) (2001)\05 - El marne.flac,True,True,1,False,True,True
Zorro gris,Osvaldo Pugliese,1969-09,tango,Musica: Rafael Tuegols - Letra: Francisco García Jiménez,D:\Dropbox\TDJ\MUSICA\Leandro\Osvaldo Pugliese\Que falta que me hacés - Vol 1-4\Osvaldo Pugliese - Que Falta que me Haces (Vol.3) (2001)\07 - Zorro gris.flac,True,True,1,False,True,True
El motivo (Pobre paica),Osvaldo Pugliese,1966-08,tango,Musica: Juan Carlos Cobián - Letra: Pascual Contursi,D:\Dropbox\TDJ\MUSICA\Leandro\Osvaldo Pugliese\Que falta que me hacés - Vol 1-4\Osvaldo Pugliese - Que Falta que me Haces (Vol.3) (2001)\10 - El motivo.flac,True,True,1,False,True,True
Canaro en París,Osvaldo Pugliese,2001,tango,,D:\Dropbox\TDJ\MUSICA\Leandro\Osvaldo Pugliese\Que falta que me hacés - Vol 1-4\Osvaldo Pugliese - Que Falta que me Haces (Vol.3) (2001)\12 - Canaro en París.flac,True,True,2,False,True,False
Gente de teatro,Osvaldo Pugliese,1969-10,tango,Musica: ? - Letra: ?,D:\Dropbox\TDJ\MUSICA\Leandro\Osvaldo Pugliese\Que falta que me hacés - Vol 1-4\Osvaldo Pugliese - Que Falta que me Haces (Vol.3) (2001)\14 - Gente de teatro.flac,True,True,1,False,True,True
Nonino,Osvaldo Pugliese,2001,tango,,D:\Dropbox\TDJ\MUSICA\Leandro\Osvaldo Pugliese\Que falta que me hacés - Vol 1-4\Osvaldo Pugliese - Que Falta que me Haces (Vol.4) (2001)\01 - Nonino.flac,True,True,2,False,True,False
Verano porteño,Osvaldo Pugliese,1966-05,tango,Musica: Astor Piazzolla,D:\Dropbox\TDJ\MUSICA\Leandro\Osvaldo Pugliese\Que falta que me hacés - Vol 1-4\Osvaldo Pugliese - Que Falta que me Haces (Vol.4) (2001)\05 - Verano porteño.flac,True,True,1,False,True,True
A Evaristo Carriego,Osvaldo Pugliese,2001,tango,,D:\Dropbox\TDJ\MUSICA\Leandro\Osvaldo Pugliese\Que falta que me hacés - Vol 1-4\Osvaldo Pugliese - Que Falta que me Haces (Vol.4) (2001)\07 - A Evaristo Carriego.flac,True,True,2,False,True,False
A Evaristo Carriego,Osvaldo Pugliese,1985-12-26,tango,Musica: Eduardo Rovira,D:\Dropbox\TDJ\MUSICA\Edmundo\Pugliese\Osvaldo Pugliese - A Evaristo Carriego.flac,True,True,1,False,True,True
Así era ella... muchachos...,Osvaldo Pugliese,2001,tango,,D:\Dropbox\TDJ\MUSICA\Leandro\Osvaldo Pugliese\Que falta que me hacés - Vol 1-4\Osvaldo Pugliese - Que Falta que me Haces (Vol.4) (2001)\08 - Así era ella... muchachos....flac,True,True,1,False,True,False
Bando,Osvaldo Pugliese,1969-08,tango,Musica: Astor Piazzolla,D:\Dropbox\TDJ\MUSICA\Leandro\Osvaldo Pugliese\Que falta que me hacés - Vol 1-4\Osvaldo Pugliese - Que Falta que me Haces (Vol.4) (2001)\10 - Bando.flac,True,True,1,False,True,True
Balada para un loco,Osvaldo Pugliese,1970-05,tango,Musica: Astor Piazzolla - Letra: Horacio Ferrer,D:\Dropbox\TDJ\MUSICA\Leandro\Osvaldo Pugliese\Que falta que me hacés - Vol 1-4\Osvaldo Pugliese - Que Falta que me Haces (Vol.4) (2001)\12 - Balada para un loco.flac,True,True,1,False,True,True
A los artistas plásticos,Osvaldo Pugliese,1965-04,tango,Musica: Osvaldo Pugliese,D:\Dropbox\TDJ\MUSICA\Leandro\Osvaldo Pugliese\Que falta que me hacés - Vol 1-4\Osvaldo Pugliese - Que Falta que me Haces (Vol.4) (2001)\14 - A los Artistas plásticos.flac,True,True,1,False,True,True
PASIONAL,Osvaldo Pugliese,,tango,,D:\Dropbox\TDJ\MUSICA\Eduardo\sc1\11-PASIONAL.mp3,True,True,2,False,True,False
La Tupungatina,Osvaldo Pugliese,1952,tango,,D:\Dropbox\TDJ\MUSICA\Edmundo\Pugliese\Osvaldo Pugliese - La Tupungatina.mp3,True,True,2,False,True,False
Amurado,Osvaldo Pugliese,0,tango,,D:\Dropbox\TDJ\MUSICA\Osvaldo LA YUMBA\- PUGLIESE\- PUGLI  -  Instru\PUGLIESE\AMURADO.mp3,True,True,1,False,True,False
El Remate,Osvaldo Pugliese,0,tango,,D:\Dropbox\TDJ\MUSICA\Osvaldo LA YUMBA\- PUGLIESE\- PUGLI  -  Instru\Osvaldo Pugliese-El Remate.mp3,True,True,1,False,True,False
Boedo,Osvaldo Pugliese,0,tango,,D:\Dropbox\TDJ\MUSICA\Osvaldo LA YUMBA\- PUGLIESE\- PUGLI  -  Instru\Osvaldo Pugliese-Boedo.mp3,True,True,1,False,True,False
Chique,Osvaldo Pugliese,,tango,R. Brignolo,D:\Dropbox\TDJ\MUSICA\Osvaldo LA YUMBA\- PUGLIESE\- PUGLI  -  Instru\PUGLIESE\Osvaldo Pugliese-Chique.mp3,True,True,2,False,True,False
Cascabelito,Osvaldo Pugliese,0,tango,,D:\Dropbox\TDJ\MUSICA\Osvaldo LA YUMBA\- PUGLIESE\- PUGLI  -  Instru\PUGLIESE\PUGLIESE       Cascabelito.mp3,True,True,1,False,True,False
El andariego,Osvaldo Pugliese,1972-06-26,tango,Musica: Alfredo Gobbi,D:\Dropbox\TDJ\MUSICA\Osvaldo LA YUMBA\- PUGLIESE\PUGLIESE       el andariego.mp3,False,False,1,False,False,True
Arrabal,Osvaldo Pugliese,0,tango,,D:\Dropbox\TDJ\MUSICA\Osvaldo LA YUMBA\- PUGLIESE\- PUGLI  -  Instru\PUGLIESE\PUGLIESE       Arrabal.mp3,True,True,3,False,True,False
Taconeando,Osvaldo Pugliese,1970-05,tango,Musica: Pedro Maffia - Letra: José Horacio Staffolani,D:\Dropbox\TDJ\MUSICA\Osvaldo LA YUMBA\- PUGLIESE\Kiko pugli\Osvaldo Pugliese - 1970 - 1972 - Todas sus grabaciones\02- taconeando - pugliese - instrumental de maffia y stafolani- 1970.mp3,True,True,1,False,True,True
Cuando llora la milonga,Osvaldo Pugliese,1973-12-26,tango,Musica: Juan de Dios Filiberto - Letra: María Luisa Carnelli,D:\Dropbox\TDJ\MUSICA\Osvaldo LA YUMBA\- PUGLIESE\Kiko pugli\Osvaldo Pugliese 1973-1974-1976\03-cuando llora la milonga - 1973- INSTRUMENTAL DE FILIBERTO.mp3,True,True,1,False,True,True
Jueves,Osvaldo Pugliese,1982,tango,,D:\Dropbox\TDJ\MUSICA\Dan\Pugliese\Tangos Famosos\Osvaldo Pugliese - Instrumental_Tangos Famosos - 04 - Jueves.flac,True,True,1,False,True,False
Mala Junta,Osvaldo Pugliese,1982,tango,,D:\Dropbox\TDJ\MUSICA\Dan\Pugliese\Tangos Famosos\Osvaldo Pugliese - Instrumental_Tangos Famosos - 10 - Mala Junta.flac,True,True,3,False,True,False
Bandoneón arrabalero,Osvaldo Pugliese,1967-09,tango,Musica: Bachicha - Letra: Pascual Contursi,D:\Dropbox\TDJ\MUSICA\Osvaldo LA YUMBA\- PUGLIESE\Kiko pugli\Osvaldo Pugliese - 1967 - Todas sus grabaciones\11 bandoneon arrabalero- instrumental de dambroggio y Pascual contursi - 1967.mp3,True,True,1,False,True,True
Si sos brujo,Osvaldo Pugliese,1952-10-09,tango,Musica: Emilio Balcarce,D:\Dropbox\TDJ\MUSICA\Eduardo\7\02 Si Sos Brujo.mp3,True,True,1,False,True,True
Nochero soy,Osvaldo Pugliese,1956-11-28,tango,Musica: Oscar Herrero,D:\Dropbox\TDJ\MUSICA\Eduardo\7\03 Nochero Soy.mp3,True,True,1,False,True,True
Negracha,Osvaldo Pugliese,1948-06-24,tango,Musica: Osvaldo Pugliese,D:\Dropbox\TDJ\MUSICA\Eduardo\7\04 Negracha.mp3,True,True,1,False,True,True
Corazoneando,Osvaldo Pugliese,1958-01-02,tango,Musica: Osvaldo Pugliese,D:\Dropbox\TDJ\MUSICA\Eduardo\7\05 Corazoneando.mp3,True,True,1,False,True,True
Catuzo,Osvaldo Pugliese,1949-12-07,tango,Musica: Osvaldo Ruggiero,D:\Dropbox\TDJ\MUSICA\Eduardo\7\06 Catuzo.mp3,True,True,1,False,True,True
Yo Payador,Osvaldo Pugliese,2001,tango,,D:\Dropbox\TDJ\MUSICA\Eduardo\sc1\07 Yo Payador.mp3,True,True,5,False,True,False
Ventarrón,Osvaldo Pugliese,2001,tango,P. Maffia - J. H. Staffolani,D:\Dropbox\TDJ\MUSICA\Eduardo\sc2\08 Ventarron.mp3,True,False,0,False,True,False
Emancipación,Osvaldo Pugliese,1955-09-02,tango,Musica: Alfredo Bevilacqua,D:\Dropbox\TDJ\MUSICA\Eduardo\2\09 Emancipación.mp3,True,True,1,False,True,True
Malena,Osvaldo Pugliese,1974-12-11,tango,Musica: Lucio Demare - Letra: Homero Manzi,D:\Dropbox\TDJ\MUSICA\Eduardo\2\10 Malena.mp3,True,True,1,False,True,True
Presentacion Musicos,Osvaldo Pugliese,2001,tango,,D:\Dropbox\TDJ\MUSICA\Eduardo\sc1\12 Presentacion Musicos.mp3,True,False,0,False,True,False
La Yumba,Osvaldo Pugliese,2001,tango,,D:\Dropbox\TDJ\MUSICA\Eduardo\sc1\13 La Yumba.mp3,True,True,3,False,True,False
Los mareados,Osvaldo Pugliese,1985-12-26,tango,Musica: Juan Carlos Cobian - Letra: Enrique Cadicamo,D:\Dropbox\TDJ\MUSICA\Eduardo\7\02 Los Mareados.mp3,False,False,1,False,False,True
Después,Osvaldo Pugliese / Abel Córdoba,1985,tango,H. Gutierrez - H. Manzi,D:\Dropbox\TDJ\MUSICA\Eduardo\sc1\03 Después               -.mp3,True,True,1,False,True,False
Chacabuqueando,Osvaldo Pugliese,1985-12-26,tango,Musica: Roberto Alvarez,D:\Dropbox\TDJ\MUSICA\Eduardo\7\05 Chacabuqueando.mp3,False,False,1,False,False,True
A Evaristo Carriego,Osvaldo Pugliese,1985-12-26,tango,Musica: Eduardo Rovira,D:\Dropbox\TDJ\MUSICA\Eduardo\7\06 A Evaristo Carriego.mp3,False,False,1,False,False,True
Melodia De Arrabal,Osvaldo Pugliese,1985,tango,C. Gardel M y M. Battistella,D:\Dropbox\TDJ\MUSICA\Eduardo\sc1\07 Melodia De Arrabal.mp3,True,True,2,False,True,False
Almagro,Osvaldo Pugliese,1985,tango,V. San Lorenzo - A. Timarini,D:\Dropbox\TDJ\MUSICA\Eduardo\sc2\08 Almagro.mp3,True,True,2,False,True,False
Recuerdo,Osvaldo Pugliese,1985,tango,O. Pugliese - E. Moreno,D:\Dropbox\TDJ\MUSICA\Eduardo\sc2\09 Recuerdo.mp3,True,True,4,False,True,False
Chiqué,Osvaldo Pugliese,1985-12-26,tango,Musica: Ricardo Luis Brignolo - Letra: Ricardo Brignolo,D:\Dropbox\TDJ\MUSICA\Eduardo\2\10 Chiqué.mp3,False,False,1,False,False,True
Mala junta,Osvaldo Pugliese,1985-12-26,tango,Musica: Julio De Caro y Pedro Laurenz - Letra: Juan Velich,D:\Dropbox\TDJ\MUSICA\Eduardo\2\11 Mala Junta.mp3,False,False,1,False,False,True
Copacabana (Nido de amor),Osvaldo Pugliese,1985,tango,J. De Caro - A. Rubio Penades,D:\Dropbox\TDJ\MUSICA\Eduardo\sc1\14 Copacabana (Nido De Amor).mp3,True,True,2,False,True,False
Protocoleando,Osvaldo Pugliese,1985,tango,O. Pugliese,D:\Dropbox\TDJ\MUSICA\Eduardo\sc2\15 Protocoleando.mp3,True,True,2,False,True,False
Milonga Para Gardel,Osvaldo Pugliese,1985,tango milonga,C. Viván - H. Sanguinetti,D:\Dropbox\TDJ\MUSICA\Eduardo\sc1\16 Milonga Para Gardel.mp3,True,True,2,False,True,False
Desde el alma,Osvaldo Pugliese,1985-12-26,tango vals,Musica: Rosita Melo - Letra: Homero Manzi y Víctor Piuma Vélez,D:\Dropbox\TDJ\MUSICA\Eduardo\6\17 Desde El Alma.mp3,False,False,1,False,False,True
Palabras De Osvaldo Pugliese,Osvaldo Pugliese,1985,tango,,D:\Dropbox\TDJ\MUSICA\Eduardo\sc1\18 Palabras De Osvaldo Pugliese.mp3,True,True,1,False,True,False
La yumba,Osvaldo Pugliese,1985-12-26,tango,Musica: Osvaldo Pugliese,D:\Dropbox\TDJ\MUSICA\Eduardo\6\19 La Yumba.mp3,False,False,1,False,False,True
La mariposa,Osvaldo Pugliese,1985-12-26,tango,Musica: Pedro Maffia - Letra: Celedonio Flores,D:\Dropbox\TDJ\MUSICA\Eduardo\6\20 La Mariposa (c_intro).mp3,False,False,1,False,False,True
Toda mi vida,Osvaldo Pugliese,1985-12-26,tango,Musica: Aníbal Troilo - Letra: José María Contursi,D:\Dropbox\TDJ\MUSICA\Eduardo\6\21 Toda Mi Vida.mp3,False,False,1,False,False,True
El Encopao,Osvaldo Pugliese,1985,tango,O. Pugliese - E. Dizeo,D:\Dropbox\TDJ\MUSICA\Eduardo\sc2\22 El Encopao.mp3,True,True,3,False,True,False
Chacabuqueando,Osvaldo Pugliese,,tango,,D:\Dropbox\TDJ\MUSICA\Osvaldo LA YUMBA\- PUGLIESE\Kiko pugli\Osvaldo Pugliese - 1981 - 1982 - Todas sus grabaciones\17- CHACABUQUEANDO- instrumental de roberto alvarez - 1982.mp3,True,True,2,False,True,False
Verdenuevo,Osvaldo Pugliese,1982-05-31,tango,Musica: Raúl Garello,D:\Dropbox\TDJ\MUSICA\Osvaldo LA YUMBA\- PUGLIESE\Kiko pugli\Osvaldo Pugliese - 1981 - 1982 - Todas sus grabaciones\19- VERDENUEVO- instrumental de raul garello - 1982.mp3,True,True,1,False,True,True
Jueves,Osvaldo Pugliese,1947-08-19,tango,Musica: Udelino Toranzo y Rafael Rossi,D:\Dropbox\TDJ\MUSICA\Osvaldo LA YUMBA\- PUGLIESE\Kiko pugli\Osvaldo Pugliese - 1947 - Todas sus grabaciones\08-JUEVES-Tortanzo y Rossi - 1947.mp3,True,True,1,False,True,True
La Noche Que Me Esperes,Osvaldo Pugliese,,tango,,D:\Dropbox\TDJ\MUSICA\Osvaldo LA YUMBA\- PUGLIESE\Kiko pugli\Osvaldo Pugliese - 1951 - 1952 - Todas sus grabaciones\11 LA NOCHE QUE ME ESPERES-Juan Canaro - 28-1-52-3-12-52-moran.mp3,True,True,2,False,True,False
Arrabal,Osvaldo Pugliese,,tango,,D:\Dropbox\TDJ\MUSICA\Osvaldo LA YUMBA\- PUGLIESE\Kiko pugli\Osvaldo Pugliese - 1960 - Todas sus grabaciones\07  ARRABAL- jose pascual.mp3,True,True,3,False,True,False
Los Mareados,Osvaldo Pugliese,,tango,,D:\Dropbox\TDJ\MUSICA\Osvaldo LA YUMBA\- PUGLIESE\Kiko pugli\Osvaldo Pugliese 1977-1978-1979-1980\03- LOS MAREADOS- instrumental de juan carlos cobian - 1977.mp3,True,True,2,False,True,False
A un artista del Pueblo (A un artista plástico),Osvaldo Pugliese,1980-06-03,tango,Musica: Arturo Penón,D:\Dropbox\TDJ\MUSICA\Eduardo\1\Osvaldo Pugliese- A Un Artista Del Pueblo.mp3,True,True,1,False,True,True
Andres Selpa,Osvaldo Pugliese,1985-05-21,tango,Musica: ? - Letra: ?,D:\Dropbox\TDJ\MUSICA\Eduardo\3\Andrés Selpa.mp3,True,True,1,False,True,True
Chacabuqueando,Osvaldo Pugliese,1982-11-15,tango,Musica: Roberto Alvarez,D:\Dropbox\TDJ\MUSICA\Eduardo\3\Chacabuqueando  - 7_4.mp3,True,True,1,False,True,True
Compañera,Osvaldo Pugliese,,tango,,D:\Dropbox\TDJ\MUSICA\Eduardo\sc1\Osvaldo Pugliese- Compañera.mp3,True,False,0,False,True,False
Don Atilio,Osvaldo Pugliese,1951-06-27,tango,Musica: Osvaldo Pugliese,D:\Dropbox\TDJ\MUSICA\Eduardo\3\DON ATILIO.mp3,True,True,1,False,True,True
El japanga,Osvaldo Pugliese,1978-12-20,tango,Musica: ? - Letra: ?,D:\Dropbox\TDJ\MUSICA\Eduardo\1\EL JAPANGA.mp3,True,True,1,False,True,True
El rodeo,Osvaldo Pugliese,1943-07-15,tango,Musica: Agustín Bardi,D:\Dropbox\TDJ\MUSICA\Eduardo\1\EL RODEO.mp3,True,True,1,False,True,True
Ensayando,Osvaldo Pugliese,1989,tango,A. Prevignano,D:\Dropbox\TDJ\MUSICA\Eduardo\sc1\ENSAYANDO.mp3,True,True,1,False,True,False
Gallo ciego,Osvaldo Pugliese,1959-07-23,tango,Musica: Agustin Bardi,D:\Dropbox\TDJ\MUSICA\Eduardo\1\Osvaldo Pugliese- Ciego.mp3,True,True,1,False,True,True
Igual Que Una Sombra,Osvaldo Pugliese,,tango,,D:\Dropbox\TDJ\MUSICA\Eduardo\sc1\Osvaldo Pugliese- Igual Que Una Sombra.mp3,True,False,0,False,True,False
Juan Pueblo,Osvaldo Pugliese,1981-07-29,tango,Musica: ? - Letra: ?,D:\Dropbox\TDJ\MUSICA\Eduardo\5\JUAN PUEBLO.mp3,True,True,1,False,True,True
Madrugados bien temprano,Osvaldo Pugliese,1979-12-27,tango,Musica: ? - Letra: ?,D:\Dropbox\TDJ\MUSICA\Eduardo\5\Madrugados Bien Temprano (c_intro).mp3,True,True,1,False,True,True
Pa' los medicos,Osvaldo Pugliese,1982-09-03,tango,Musica: ? - Letra: ?,D:\Dropbox\TDJ\MUSICA\Eduardo\1\Pa' Los Médicos.mp3,True,True,1,False,True,True
Para Eduardo Arolas,Osvaldo Pugliese,1976-06-04,tango,Musica: ? - Letra: ?,D:\Dropbox\TDJ\MUSICA\Eduardo\1\Para Eduardo Arolas.mp3,True,True,1,False,True,True
Pinta brava,Osvaldo Pugliese,1949-08-22,tango,Musica: Francisco Canaro,D:\Dropbox\TDJ\MUSICA\Eduardo\1\PINTA BRAVA.mp3,True,True,1,False,True,True
Porque Canto El Tango,Osvaldo Pugliese,1949,tango,O. Castagniaro - A. Canto,D:\Dropbox\TDJ\MUSICA\Eduardo\sc2\Porque Canto El Tango.mp3,True,True,1,False,True,False
Protocoleando,Osvaldo Pugliese,1985,tango,O. Pugliese,D:\Dropbox\TDJ\MUSICA\Eduardo\sc2\PROTOCOLEANDO.mp3,True,True,2,False,True,False
Que Nadie Se Entere,Osvaldo Pugliese,,tango,,D:\Dropbox\TDJ\MUSICA\Eduardo\sc1\Osvaldo Pugliese- Que Nadie Se Entere.mp3,True,False,0,False,True,False
Tengo calle,Osvaldo Pugliese,1980-06-03,tango,Musica: ? - Letra: ?,D:\Dropbox\TDJ\MUSICA\Eduardo\4\TENGO CALLE.mp3,True,True,1,False,True,True
Tokio Luminoso,Osvaldo Pugliese,,tango,,D:\Dropbox\TDJ\MUSICA\Eduardo\sc1\Tokio Luminoso.mp3,True,True,1,False,True,False
Arrabal,Osvaldo Pugliese,2001,tango,Christoph H. Muller/Eduardo Makaroff/Philippe Cohen Solal,D:\Dropbox\TDJ\MUSICA\Osvaldo LA YUMBA\- Tango Nuevo\2  arrabal.mp3,True,True,3,False,True,False
Gallo ciego,Osvaldo Pugliese,1959-07-23,tango,Musica: Agustin Bardi,D:\Dropbox\TDJ\MUSICA\Eduardo\6\17 Gallo Ciego.mp3,True,True,1,False,True,True
El arranque,Osvaldo Pugliese,1944-08-22,tango,Musica: Julio De Caro - Letra: Mario César Gomila,D:\Dropbox\TDJ\MUSICA\Eduardo\7\04 El Arranque.mp3,True,True,1,False,True,True
Boedo,Osvaldo Pugliese,1948-07-14,tango,Musica: Julio De Caro - Letra: Dante A. Linyera,D:\Dropbox\TDJ\MUSICA\Eduardo\7\06 Boedo.mp3,True,True,1,False,True,True
Mala pinta (Mala estampa),Osvaldo Pugliese,1944-12-21,tango,Musica: Francisco De Caro y Julio De Caro,D:\Dropbox\TDJ\MUSICA\Eduardo\2\11 Mala Pinta.mp3,True,True,1,False,True,True
Tierra querida,Osvaldo Pugliese,1944-07-06,tango,Musica: Julio De Caro - Letra: Luis Diaz,D:\Dropbox\TDJ\MUSICA\Eduardo\1\01 Tierra Querida.mp3,True,True,1,False,True,True
El monito,Osvaldo Pugliese,1945-06-12,tango,Musica: Julio De Caro - Letra: Juan Carlos Marambio Catán,D:\Dropbox\TDJ\MUSICA\Eduardo\7\06 El Monito.mp3,False,False,1,False,False,True
Tiny,Osvaldo Pugliese,1945-12-18,tango,Musica: Pedro Maffia y Julio De Caro,D:\Dropbox\TDJ\MUSICA\Eduardo\2\09 Tiny.mp3,True,True,1,False,True,True
Flor de tango,Osvaldo Pugliese,1945-08-28,tango,Musica: Julio Carrasco,D:\Dropbox\TDJ\MUSICA\Eduardo\1\01 Flor De Tango.mp3,True,True,1,False,True,True
Orgullo criollo,Osvaldo Pugliese,1956-06-21,tango,Musica: Julio De Caro y Pedro Laurenz,D:\Dropbox\TDJ\MUSICA\Eduardo\7\05 Orgullo Criollo.mp3,True,True,1,False,True,True
A mis compañeros,Osvaldo Pugliese,1956-01-31,tango,Musica: Osvaldo Ruggiero,D:\Dropbox\TDJ\MUSICA\Eduardo\6\17 A Mis Compañeros.mp3,True,True,1,False,True,True
Gente amiga,Osvaldo Pugliese,1958-01-02,tango,Musica: Ismael Spitalnik,D:\Dropbox\TDJ\MUSICA\Eduardo\6\20 Gente Amiga.mp3,True,True,1,False,True,True
El paladín,Osvaldo Pugliese,1945-03-20,tango,Musica: Agustín Bardi,D:\Dropbox\TDJ\MUSICA\Eduardo\1\01 El Paladin.mp3,True,True,1,False,True,True
Pelele,Osvaldo Pugliese,1945-06-12,tango,Musica: Pedro Maffia,D:\Dropbox\TDJ\MUSICA\Eduardo\2\10 Pelele.mp3,True,True,1,False,True,True
La yumba,Osvaldo Pugliese,1952-11-13,tango,Musica: Osvaldo Pugliese,D:\Dropbox\TDJ\MUSICA\Eduardo\6\20 La Yumba.mp3,True,True,1,False,True,True
Pata ancha,Osvaldo Pugliese,1957-05-13,tango,Musica: Mario Demarco,D:\Dropbox\TDJ\MUSICA\Eduardo\1\Pata Ancha   Mono 179.mp3,True,True,1,False,True,True
Pata ancha,Osvaldo Pugliese,1957-05-13,tango,Musica: Mario Demarco,D:\Dropbox\TDJ\MUSICA\Eduardo\1\Pata Ancha   - esu 188 ok 1.mp3,True,True,1,False,True,True
Pata ancha,Osvaldo Pugliese,1957-05-13,tango,Musica: Mario Demarco,D:\Dropbox\TDJ\MUSICA\Eduardo\1\Pata Ancha.mp3,True,True,1,False,True,True
A mis compañeros,Osvaldo Pugliese,1956-01-31,tango,Musica: Osvaldo Ruggiero,D:\Dropbox\TDJ\MUSICA\Eduardo\3\A Mis Compañeros  1 - esu129.mp3,True,True,1,False,True,True
Pata ancha,Osvaldo Pugliese,1957-05-13,tango,Musica: Mario Demarco,D:\Dropbox\TDJ\MUSICA\Eduardo\6\19 Pata Ancha      1 - esu128.mp3,True,True,1,False,True,True
Pata ancha,Osvaldo Pugliese,1957-05-13,tango,Musica: Mario Demarco,D:\Dropbox\TDJ\MUSICA\Eduardo\6\19 Pata Ancha      1 - esu128 1.mp3,True,True,1,False,True,True
Recuerdo,Osvaldo Pugliese,1944-03-31,tango,Musica: Osvaldo Pugliese - Letra: Eduardo Moreno,D:\Dropbox\TDJ\MUSICA\Eduardo\7\03 Recuerdo.mp3,True,True,1,False,True,True
Adiós Bardi,Osvaldo Pugliese,1944-10-17,tango,Musica: Osvaldo Pugliese,D:\Dropbox\TDJ\MUSICA\Eduardo\2\07 Adiós Bardi.mp3,True,True,1,False,True,True
La Beba,Osvaldo Pugliese,1949,tango,O. Pugliese,D:\Dropbox\TDJ\MUSICA\Eduardo\sc2\07 La Beba.mp3,True,True,1,False,True,False
Emancipación,Osvaldo Pugliese,1955-09-02,tango,Musica: Alfredo Bevilacqua,D:\Dropbox\TDJ\MUSICA\Eduardo\1\Emancipación 1  Mono 177.mp3,True,True,1,False,True,True
Emancipación,Osvaldo Pugliese,1955-09-02,tango,Musica: Alfredo Bevilacqua,D:\Dropbox\TDJ\MUSICA\Eduardo\1\Emancipación   esu 189.mp3,True,True,1,False,True,True
Emancipación,Osvaldo Pugliese,1955-09-02,tango,Musica: Alfredo Bevilacqua,D:\Dropbox\TDJ\MUSICA\Eduardo\1\Emancipación.mp3,True,True,1,False,True,True
Emancipación,Osvaldo Pugliese,1955-09-02,tango,Musica: Alfredo Bevilacqua,D:\Dropbox\TDJ\MUSICA\Eduardo\1\Emancipación 1.mp3,True,True,1,False,True,True
Emancipación,Osvaldo Pugliese,1955-09-02,tango,Musica: Alfredo Bevilacqua,D:\Dropbox\TDJ\MUSICA\Eduardo\7\05 Emancipación     1 - esu128.mp3,True,True,1,False,True,True
El remate,Osvaldo Pugliese,1944-06-01,tango,Musica: Alberto Pugliese,D:\Dropbox\TDJ\MUSICA\Eduardo\2\13 El Remate.mp3,True,True,1,False,True,True
De floreo,Osvaldo Pugliese,1950-03-29,tango,Musica: Julio Carrasco,D:\Dropbox\TDJ\MUSICA\Eduardo\2\14 De Floreo       -    8_1.mp3,True,True,1,False,True,True
Jueves,Osvaldo Pugliese,1947-08-19,tango,Musica: Udelino Toranzo y Rafael Rossi,D:\Dropbox\TDJ\MUSICA\Eduardo\6\19 Jueves.mp3,True,True,1,False,True,True
Patético,Osvaldo Pugliese,1948-04-06,tango,Musica: Jorge Caldara,D:\Dropbox\TDJ\MUSICA\Eduardo\7\05 Patético         -       2_2-4_2-.mp3,True,True,1,False,True,True
Bien compadre,Osvaldo Pugliese,1949-09-27,tango,Musica: Emilio Balcarce,D:\Dropbox\TDJ\MUSICA\Eduardo\2\07 Bien Compadre     -    8_2.mp3,True,True,1,False,True,True
N...N...,Osvaldo Pugliese,1947,tango,O. Ruggiero,D:\Dropbox\TDJ\MUSICA\Eduardo\sc2\08 N...N....mp3,True,False,0,False,True,False
Buen amigo,Osvaldo Pugliese,1958-03-26,tango,Musica: Julio De Caro - Letra: Juan Carlos Marambio Catan,D:\Dropbox\TDJ\MUSICA\Eduardo\2\12 Buen Amigo.mp3,True,True,1,False,True,True
Patético,Osvaldo Pugliese,1948-04-06,tango,Musica: Jorge Caldara,D:\Dropbox\TDJ\MUSICA\Eduardo\1\Patético RR ok.mp3,True,True,1,False,True,True
Patético,Osvaldo Pugliese,1948-04-06,tango,Musica: Jorge Caldara,D:\Dropbox\TDJ\MUSICA\Eduardo\1\Patético RR   1 - esu18o ok.mp3,True,True,1,False,True,True
Unión Cívica,Osvaldo Pugliese,1958-11-19,tango,Musica: Domingo Santa Cruz,D:\Dropbox\TDJ\MUSICA\Eduardo\2\08 Unión Cívica.mp3,False,False,1,False,False,True
El rodeo,Osvaldo Pugliese,1943-07-15,tango,Musica: Agustín Bardi,D:\Dropbox\TDJ\MUSICA\Eva\Osvaldo Pugliese\VOL.1 - 1943 -1944\02 125   EL RODEO  OSVALDO PUGLIESE.m4a,True,True,1,False,True,True
Mala junta,Osvaldo Pugliese,1943-08-27,tango,Musica: Julio De Caro y Pedro Laurenz - Letra: Juan Velich,D:\Dropbox\TDJ\MUSICA\Eva\Osvaldo Pugliese\VOL.1 - 1943 -1944\04 127  MALA JUNTA  OSDVALDO PUGLIESE.m4a,True,True,1,False,True,True
Recuerdo,Osvaldo Pugliese,1944-03-31,tango,Musica: Osvaldo Pugliese - Letra: Eduardo Moreno,D:\Dropbox\TDJ\MUSICA\Eva\Osvaldo Pugliese\VOL.1 - 1943 -1944\08 126    RECUERDO  OSVALDO PUGLIESE.mp3,True,True,1,False,True,True
El Remate  Osvlado Pugliese,Osvaldo Pugliese,1944,tango,Alberto Pugliese,D:\Dropbox\TDJ\MUSICA\Eva\Osvaldo Pugliese\VOL.1 - 1943 -1944\10 128  EL REMATE  OSVLADO PUGLIESE.mp3,True,True,1,False,True,False
Si sos brujo,Osvaldo Pugliese,1952-10-09,tango,Musica: Emilio Balcarce,D:\Dropbox\TDJ\MUSICA\Eva\Osvaldo Pugliese\Vol.7 - 1951 - 1952\17 020 SI SOS BRUJO  OSVALDO PUGLIESE.mp3,True,True,1,False,True,True
El embrollo,Osvaldo Pugliese,1952-11-13,tango,Musica: Esteban Gilardi,D:\Dropbox\TDJ\MUSICA\Eva\Osvaldo Pugliese\VOL.8 - 1952 - 1953\01 023  EL EMBROLLO  OSVALDO PUGLIESE.mp3,True,True,1,False,True,True
Chuzas,Osvaldo Pugliese,1949-05-04,tango,Musica: Agustín Bardi,D:\Dropbox\TDJ\MUSICA\Eduardo\3\Chuzas.mp3,True,True,1,False,True,True
Corazoneando,Osvaldo Pugliese,1958-01-02,tango,Musica: Osvaldo Pugliese,D:\Dropbox\TDJ\MUSICA\Eduardo\3\Corazoneando.mp3,True,True,1,False,True,True
Reencuentro De Amor (Vivo),Osvaldo Pugliese,1985,tango,R. Quevedo - A. Robledo,D:\Dropbox\TDJ\MUSICA\Eduardo\sc2\01 Reencuentro De Amor (Vivo).mp3,True,True,4,False,True,False
Hermosa Japonesita,Osvaldo Pugliese,1986,tango,O. Pugliese - J. Mazzea,D:\Dropbox\TDJ\MUSICA\Eduardo\sc2\02 Hermosa Japonesita.mp3,True,False,0,False,True,False
Puente alsina,Osvaldo Pugliese,1989,tango,B. Tagle Lara,D:\Dropbox\TDJ\MUSICA\Dan\Pugliese\Y su Orquesta Tipica 1949\Osvaldo Pugliese_Y su Orquesta Tipica 1949 - 01 - Puente alsina.flac,True,True,1,False,True,False
Barra querida,Osvaldo Pugliese,1989,tango,C.A. Sanchez-C.F. Vedani,D:\Dropbox\TDJ\MUSICA\Dan\Pugliese\Y su Orquesta Tipica 1949\Osvaldo Pugliese_Y su Orquesta Tipica 1949 - 02 - Barra querida.flac,True,True,1,False,True,False
Boedo,Osvaldo Pugliese,1989,tango,J. De Caro-D.A. Linyera,D:\Dropbox\TDJ\MUSICA\Dan\Pugliese\Y su Orquesta Tipica 1949\Osvaldo Pugliese_Y su Orquesta Tipica 1949 - 03 - Boedo.flac,True,True,1,False,True,False
Vieja recova,Osvaldo Pugliese,1989,tango,R. Sciammarella-E. Cadicamo,D:\Dropbox\TDJ\MUSICA\Dan\Pugliese\Y su Orquesta Tipica 1949\Osvaldo Pugliese_Y su Orquesta Tipica 1949 - 04 - Vieja recova.flac,True,True,1,False,True,False
Testamento de arrabal,Osvaldo Pugliese,1989,tango,O. Castagniaro-R.M. Hormaza,D:\Dropbox\TDJ\MUSICA\Dan\Pugliese\Y su Orquesta Tipica 1949\Osvaldo Pugliese_Y su Orquesta Tipica 1949 - 05 - Testamento de arrabal.flac,True,True,1,False,True,False
Un baile a beneficio,Osvaldo Pugliese,1989,tango,J.c. Caviello-J.A. Fernandez,D:\Dropbox\TDJ\MUSICA\Dan\Pugliese\Y su Orquesta Tipica 1949\Osvaldo Pugliese_Y su Orquesta Tipica 1949 - 06 - Un baile a beneficio.flac,True,True,1,False,True,False
Porque canto el tango,Osvaldo Pugliese,1989,tango,O. Castagniaro-A. Canto,D:\Dropbox\TDJ\MUSICA\Dan\Pugliese\Y su Orquesta Tipica 1949\Osvaldo Pugliese_Y su Orquesta Tipica 1949 - 07 - Porque canto el tango.flac,True,True,1,False,True,False
Malandraca,Osvaldo Pugliese,1989,tango,Osvaldo Pugliese,D:\Dropbox\TDJ\MUSICA\Dan\Pugliese\Y su Orquesta Tipica 1949\Osvaldo Pugliese_Y su Orquesta Tipica 1949 - 08 - Malandraca.flac,True,True,1,False,True,False
Ventanita de arrabal,Osvaldo Pugliese,1989,tango,A. Scatasso-P. Contursi,D:\Dropbox\TDJ\MUSICA\Dan\Pugliese\Y su Orquesta Tipica 1949\Osvaldo Pugliese_Y su Orquesta Tipica 1949 - 09 - Ventanita de arrabal.flac,True,True,1,False,True,False
La cieguita,Osvaldo Pugliese,1989,tango,Kleper-Lais-Ramuncho,D:\Dropbox\TDJ\MUSICA\Dan\Pugliese\Y su Orquesta Tipica 1949\Osvaldo Pugliese_Y su Orquesta Tipica 1949 - 10 - La cieguita.flac,True,True,1,False,True,False
Zorro gris,"Osvaldo Pugliese (Director). Arturo Penón, Rodolfo Mederos, Juan José Mosalini / Daniel Binelli (Bandoneones), Mauricio Marccelli, Raúl Domínguez / Santiago Kutchevasky (Violines), Bautista Huerta (Viola), Pedro Vidaurre (Cello) / Fernando Romano (Piano)",1969-09-00,tango,Rafael Tuegols - Francisco Garcia Jimenez,D:\Dropbox\TDJ\MUSICA\Camilo Gatica\Osvaldo Pugliese\Compilados\Philips (1962-1970)\Osvaldo Pugliese - Antología Vol.6 (1969-1970)\06.Rafael Tuegols - Zorro gris (1969).flac,True,False,0,False,True,False
Gente de teatro,"Osvaldo Pugliese (Director). Arturo Penón, Rodolfo Mederos, Juan José Mosalini / Daniel Binelli (Bandoneones), Mauricio Marccelli, Raúl Domínguez / Santiago Kutchevasky (Violines), Bautista Huerta (Viola), Pedro Vidaurre (Cello) / Fernando Romano (Piano)",1994,tango,,D:\Dropbox\TDJ\MUSICA\Camilo Gatica\Osvaldo Pugliese\Compilados\Philips (1962-1970)\Osvaldo Pugliese - Antología Vol.6 (1969-1970)\08.Arturo Penón - Gente de teatro (1969).flac,True,False,0,False,True,False
La última cita,"Osvaldo Pugliese (Director). Arturo Penón, Rodolfo Mederos, Juan José Mosalini / Daniel Binelli (Bandoneones), Mauricio Marccelli, Raúl Domínguez / Santiago Kutchevasky (Violines), Bautista Huerta (Viola), Pedro Vidaurre (Cello) / Fernando Romano (Piano)",1994,tango,,D:\Dropbox\TDJ\MUSICA\Camilo Gatica\Osvaldo Pugliese\Compilados\Philips (1962-1970)\Osvaldo Pugliese - Antología Vol.6 (1969-1970)\10.Agustín Bardi - La última cita (1969).flac,True,False,0,False,True,False
Balada para un loco,"Osvaldo Pugliese (Director). Arturo Penón, Rodolfo Mederos, Juan José Mosalini / Daniel Binelli (Bandoneones), Mauricio Marccelli, Raúl Domínguez / Santiago Kutchevasky (Violines), Bautista Huerta (Viola), Pedro Vidaurre (Cello) / Fernando Romano (Piano)",1994,tango,,D:\Dropbox\TDJ\MUSICA\Camilo Gatica\Osvaldo Pugliese\Compilados\Philips (1962-1970)\Osvaldo Pugliese - Antología Vol.6 (1969-1970)\12.Astor Piazzolla - Balada para un loco (1970).flac,True,True,2,False,True,False
Taconeando,"Osvaldo Pugliese (Director). Arturo Penón, Rodolfo Mederos, Juan José Mosalini / Daniel Binelli (Bandoneones), Mauricio Marccelli, Raúl Domínguez / Santiago Kutchevasky (Violines), Bautista Huerta (Viola), Pedro Vidaurre (Cello) / Fernando Romano (Piano)",1994,tango,,D:\Dropbox\TDJ\MUSICA\Camilo Gatica\Osvaldo Pugliese\Compilados\Philips (1962-1970)\Osvaldo Pugliese - Antología Vol.6 (1969-1970)\13.Pedro Maffia - Taconeando (1970).flac,True,True,2,False,True,False
Sentimental y canyengue,"Osvaldo Pugliese (Director). Arturo Penón, Rodolfo Mederos, Juan José Mosalini / Daniel Binelli (Bandoneones), Mauricio Marccelli, Raúl Domínguez / Santiago Kutchevasky (Violines), Bautista Huerta (Viola), Pedro Vidaurre (Cello) / Fernando Romano (Piano)",1994,tango,,D:\Dropbox\TDJ\MUSICA\Camilo Gatica\Osvaldo Pugliese\Compilados\Philips (1962-1970)\Osvaldo Pugliese - Antología Vol.6 (1969-1970)\14.Leopoldo Federico - Sentimental y canyengue (1970).flac,True,False,0,False,True,False
Lágrimas,"Osvaldo Pugliese (Director). Arturo Penón, Rodolfo Mederos, Juan José Mosalini / Daniel Binelli (Bandoneones), Mauricio Marccelli, Raúl Domínguez / Santiago Kutchevasky (Violines), Bautista Huerta (Viola), Pedro Vidaurre (Cello) / Fernando Romano (Piano)",1994,tango,,D:\Dropbox\TDJ\MUSICA\Camilo Gatica\Osvaldo Pugliese\Compilados\Philips (1962-1970)\Osvaldo Pugliese - Antología Vol.6 (1969-1970)\15.Eduardo Arolas - Lágrimas (1970).flac,True,False,0,False,True,False
Tu angustia y mi dolor,"Osvaldo Pugliese (Director). Arturo Penón, Rodolfo Mederos, Juan José Mosalini / Daniel Binelli (Bandoneones), Mauricio Marccelli, Raúl Domínguez / Santiago Kutchevasky (Violines), Bautista Huerta (Viola), Pedro Vidaurre (Cello) / Fernando Romano (Piano) / Abel Córdoba",1994,tango,,D:\Dropbox\TDJ\MUSICA\Camilo Gatica\Osvaldo Pugliese\Compilados\Philips (1962-1970)\Osvaldo Pugliese - Antología Vol.6 (1969-1970)\07.Alfredo Gobbi & Julio Camilloni - Tu angustia y mi dolor (1969).flac,True,False,0,False,True,False
Pavadas,"Osvaldo Pugliese (Director). Arturo Penón, Rodolfo Mederos, Juan José Mosalini / Daniel Binelli (Bandoneones), Mauricio Marccelli, Raúl Domínguez / Santiago Kutchevasky (Violines), Bautista Huerta (Viola), Pedro Vidaurre (Cello) / Fernando Romano (Piano) / Abel Córdoba",1994,tango,,"D:\Dropbox\TDJ\MUSICA\Camilo Gatica\Osvaldo Pugliese\Compilados\Philips (1962-1970)\Osvaldo Pugliese - Antología Vol.6 (1969-1970)\09.Mario Demarco, Isusí & Julio Camilloni - Pavadas (1969).flac",True,False,0,False,True,False
Te quiero como te quiero,"Osvaldo Pugliese (Director). Arturo Penón, Rodolfo Mederos, Juan José Mosalini / Daniel Binelli (Bandoneones), Mauricio Marccelli, Raúl Domínguez / Santiago Kutchevasky (Violines), Bautista Huerta (Viola), Pedro Vidaurre (Cello) / Fernando Romano (Piano) / Abel Córdoba",1994,tango,,D:\Dropbox\TDJ\MUSICA\Camilo Gatica\Osvaldo Pugliese\Compilados\Philips (1962-1970)\Osvaldo Pugliese - Antología Vol.6 (1969-1970)\11.Gabriel Clausi & José Rótulo - Te quiero como te quiero (1969).flac,True,False,0,False,True,False
Hasta el último tren,"Osvaldo Pugliese (Director). Arturo Penón, Rodolfo Mederos, Juan José Mosalini / Daniel Binelli (Bandoneones), Mauricio Marccelli, Raúl Domínguez / Santiago Kutchevasky (Violines), Bautista Huerta (Viola), Pedro Vidaurre (Cello) / Fernando Romano (Piano) / Abel Córdoba",1994,tango,,D:\Dropbox\TDJ\MUSICA\Camilo Gatica\Osvaldo Pugliese\Compilados\Philips (1962-1970)\Osvaldo Pugliese - Antología Vol.6 (1969-1970)\16.Julio Ahumada & Julio Camilloni - Hasta el último tren (1970).flac,True,False,0,False,True,False
Farolito de mi barrio,"Osvaldo Pugliese (Director). Arturo Penón, Rodolfo Mederos, Juan José Mosalini / Daniel Binelli (Bandoneones), Mauricio Marccelli, Raúl Domínguez / Santiago Kutchevasky (Violines), Bautista Huerta (Viola), Pedro Vidaurre (Cello) / Fernando Romano (Piano) / Abel Córdoba",1994,tango,,D:\Dropbox\TDJ\MUSICA\Camilo Gatica\Osvaldo Pugliese\Compilados\Philips (1962-1970)\Osvaldo Pugliese - Antología Vol.6 (1969-1970)\17.Enrique Pollet & José De Grandis - Farolito de mi barrio (1970).flac,True,True,2,False,True,False
El recodo,Osvaldo Pugliese (Piano) / Orquesta de cuerdas,2005,tango,Osvaldo Pugliese,D:\Dropbox\TDJ\MUSICA\Camilo Gatica\Osvaldo Pugliese\Compilados\Philips (1962-1970)\Osvaldo Pugliese - El maestro inédito (1962-1970)\09.Alejandro Junnissi - El recodo.flac,True,True,1,False,True,False
Shusheta,Osvaldo Pugliese (Piano) / Orquesta de cuerdas,2005,tango,Juan Carlos Cobian,D:\Dropbox\TDJ\MUSICA\Camilo Gatica\Osvaldo Pugliese\Compilados\Philips (1962-1970)\Osvaldo Pugliese - El maestro inédito (1962-1970)\10.Juan Carlos Cobián - Shusheta.flac,True,True,1,False,True,False
Ciudad triste,Osvaldo Pugliese (Piano) / Orquesta de cuerdas,2005,tango,Osvaldo Tarantino,D:\Dropbox\TDJ\MUSICA\Camilo Gatica\Osvaldo Pugliese\Compilados\Philips (1962-1970)\Osvaldo Pugliese - El maestro inédito (1962-1970)\11.Osvaldo Tarantino - Ciudad triste.flac,True,True,1,False,True,False
Sensorial,Osvaldo Pugliese (Piano) / Orquesta de cuerdas,2005,tango,Dino Saluzzi,D:\Dropbox\TDJ\MUSICA\Camilo Gatica\Osvaldo Pugliese\Compilados\Philips (1962-1970)\Osvaldo Pugliese - El maestro inédito (1962-1970)\12.Dino Saluzzi - Sensorial.flac,True,True,1,False,True,False
Tiempos.Viejos,Osvaldo Pugliese / Abel Córdoba,,tango,,D:\Dropbox\TDJ\MUSICA\Osvaldo LA YUMBA\- PUGLIESE\Kiko pugli\Osvaldo Pugliese 1973-1974-1976\14- osvaldo pugliese & abel cordoba - tiempos viejos.mp3,True,False,0,False,True,False
Tiempo de tranvías,Osvaldo Pugliese / Abel Córdoba,1981-07-01,tango,Musica: ? - Letra: ?,D:\Dropbox\TDJ\MUSICA\Osvaldo LA YUMBA\- PUGLIESE\Kiko pugli\Osvaldo Pugliese - 1981 - 1982 - Todas sus grabaciones\12- tiempo de tranvias - abel cordoba - de garaldo y hector negro - 1-7-81.mp3,True,True,1,False,True,True
La vaquita,Osvaldo Pugliese / Abel Córdoba,1972-12-22,tango milonga,Musica: ? - Letra: ?,D:\Dropbox\TDJ\MUSICA\Osvaldo LA YUMBA\- PUGLIESE\Kiko pugli\Osvaldo Pugliese - 1970 - 1972 - Todas sus grabaciones\17-abel cordoba - la vaquita- milonga de pugliese y pizzini- 1972.mp3,True,True,1,False,True,True
Se tiran conmigo,Osvaldo Pugliese / Abel Córdoba,1966-08,tango,Musica: Ángel Díaz y Luis Díaz [h] - Letra: Luis Díaz [h],D:\Dropbox\TDJ\MUSICA\Osvaldo LA YUMBA\- PUGLIESE\Kiko pugli\Osvaldo Pugliese - 1966 - Todas sus grabaciones\07-osvaldo pugliese -abel cordoba- se tiran conmigo- luis y angel diaz.mp3,True,True,1,False,True,True
Uno,Osvaldo Pugliese / Abel Córdoba,1976-05-14,tango,Musica: Mariano Mores - Letra: Enrique Santos Discepolo,D:\Dropbox\TDJ\MUSICA\Osvaldo LA YUMBA\- PUGLIESE\Kiko pugli\Osvaldo Pugliese 1973-1974-1976\11- uno- abel cordoba de discepoli y mores - 1976.mp3,True,True,1,False,True,True
Despues,Osvaldo Pugliese / Abel Córdoba,1985-12-26,tango,Musica: Hugo Gutiérrez - Letra: Homero Manzi,D:\Dropbox\TDJ\MUSICA\Osvaldo LA YUMBA\- PUGLIESE\Kiko pugli\Osvaldo Pugliese - 1981 - 1982 - Todas sus grabaciones\09-después - abel cordoba - de gutierrez y manzi - 1981.mp3,True,True,1,False,True,True
Whisky,Osvaldo Pugliese / Abel Córdoba,1965-09,tango,Musica: Héctor Marcó - Letra: Héctor Marcó,D:\Dropbox\TDJ\MUSICA\Osvaldo LA YUMBA\- PUGLIESE\Kiko pugli\Osvaldo Pugliese - 1964 - 1965 - Todas sus grabaciones\18- whisky - abel cordoba- marcó - 1965.mp3,True,True,1,False,True,True
Una lágrima,Osvaldo Pugliese / Abel Córdoba,1967-05,tango,Musica: Nicolás Verona - Letra: Eugenio Cárdenas,D:\Dropbox\TDJ\MUSICA\Osvaldo LA YUMBA\- PUGLIESE\Kiko pugli\Osvaldo Pugliese - 1967 - Todas sus grabaciones\03-osvaldo pugliese y abel cordoba - una lagrima- verona y cardenas - 1967.mp3,True,True,1,False,True,True
Manon,Osvaldo Pugliese / Abel Córdoba,1969-07,tango,Musica: Arturo De Bassi - Letra: Antonio Miguel Podestá,D:\Dropbox\TDJ\MUSICA\Osvaldo LA YUMBA\- PUGLIESE\Kiko pugli\Osvaldo Pugliese 1968 - 1969 - Todas sus grabaciones\09 manon- de arturo de bassi - 1969.mp3,True,True,1,False,True,True
No Me Pregunten Porque,Osvaldo Pugliese / Abel Córdoba,2006,tango,Carlos Di Sarli/Reinaldo Pignataro,D:\Dropbox\TDJ\MUSICA\Osvaldo LA YUMBA\- PUGLIESE\Kiko pugli\Osvaldo Pugliese - 1970 - 1972 - Todas sus grabaciones\09-abel cordoba & osvaldo pugliese - no me pregunten porqué- de di sarli y pignataro- 1972.mp3,True,True,3,False,True,False
Cómo se pianta la vida,Osvaldo Pugliese / Abel Córdoba,1981-07-08,tango,Musica: Carlos Viván - Letra: Carlos Viván,D:\Dropbox\TDJ\MUSICA\Osvaldo LA YUMBA\- PUGLIESE\Kiko pugli\Osvaldo Pugliese - 1981 - 1982 - Todas sus grabaciones\05-abel cordoba-como se pianta la vida- de vivan - 1981.mp3,True,True,1,False,True,True
Muñequita,Osvaldo Pugliese / Abel Córdoba,1968-11,tango,Musica: Francisco Lomuto - Letra: Adolfo Herschel,D:\Dropbox\TDJ\MUSICA\Eduardo\6\20 Muñequita.mp3,True,True,1,False,True,True
A mí me copa el tango,Osvaldo Pugliese / Abel Córdoba,1982-11-15,tango,Musica: ? - Letra: ?,D:\Dropbox\TDJ\MUSICA\Osvaldo LA YUMBA\- PUGLIESE\Kiko pugli\Osvaldo Pugliese - 1981 - 1982 - Todas sus grabaciones\18-osvaldo pugliese- a mi me copa el tango-tango-canta a cordoba- de mireya y claret - 1982.mp3,True,True,1,False,True,True
Manon,Osvaldo Pugliese / Abel Córdoba,1969-07,tango,Musica: Arturo De Bassi - Letra: Antonio Miguel Podestá,D:\Dropbox\TDJ\MUSICA\Eduardo\7\02 Manon.mp3,True,True,1,False,True,True
Pavadas,Osvaldo Pugliese / Abel Córdoba,1969-10,tango,Musica: Mario Demarco - Letra: Isusi,D:\Dropbox\TDJ\MUSICA\Eduardo\2\09 Pavadas.mp3,True,True,1,False,True,True
Te quiero como te quiero,Osvaldo Pugliese / Abel Córdoba,1969-11,tango,Musica: ? - Letra: ?,D:\Dropbox\TDJ\MUSICA\Eduardo\2\11 Te Quiero Como Te Quiero.mp3,True,True,1,False,True,True
Cómo aprender a quererte,Osvaldo Pugliese / Abel Córdoba,1964-05,tango,Musica: Carlos Lucero - Letra: Javier Mazzea,D:\Dropbox\TDJ\MUSICA\Osvaldo LA YUMBA\- PUGLIESE\Kiko pugli\Osvaldo Pugliese - 1964 - 1965 - Todas sus grabaciones\04 como aprender a quererte- abel cordoba - lucero y mazzea - 1964(2).mp3,True,True,1,False,True,True
Bien de abajo,Osvaldo Pugliese / Abel Córdoba,1967-06,tango,Musica: Arturo Penón - Letra: Héctor Negro,D:\Dropbox\TDJ\MUSICA\Eduardo\1\02 Bien De Abajo.mp3,True,True,1,False,True,True
Cómo aprender a quererte,Osvaldo Pugliese / Abel Córdoba,1964-05,tango,Musica: Carlos Lucero - Letra: Javier Mazzea,D:\Dropbox\TDJ\MUSICA\Eduardo\7\06 Como Aprender A Quererte.mp3,True,True,1,False,True,True
Con voz rebelde,Osvaldo Pugliese / Abel Córdoba,1966-06,tango,Musica: Eduardo Cortti - Letra: Carlos Zein,D:\Dropbox\TDJ\MUSICA\Eduardo\2\07 Con Voz Rebelde.mp3,True,True,1,False,True,True
El encopao,Osvaldo Pugliese / Abel Córdoba,1969-05,tango,Musica: Osvaldo Pugliese - Letra: Enrique Dizeo,D:\Dropbox\TDJ\MUSICA\Eduardo\2\11 El Encopao.mp3,True,True,1,False,True,True
Hasta el último tren,Osvaldo Pugliese / Abel Córdoba,1970-07,tango,Musica: Julio Ahumada - Letra: Julio Camilloni,D:\Dropbox\TDJ\MUSICA\Eduardo\2\12 Hasta El Último Tren.mp3,True,True,1,False,True,True
Tu angustia y mi dolor,Osvaldo Pugliese / Abel Córdoba,1969-09,tango,Musica: Alfredo Gobbi - Letra: Julio Camilloni,D:\Dropbox\TDJ\MUSICA\Eduardo\6\15 Tu Angustia Y Mi Dolor.mp3,True,True,1,False,True,True
Whisky,Osvaldo Pugliese / Abel Córdoba,1965-09,tango,Musica: Héctor Marcó - Letra: Héctor Marcó,D:\Dropbox\TDJ\MUSICA\Eduardo\6\16 Whisky                -.mp3,True,True,1,False,True,True
El negro cambambá,Osvaldo Pugliese / Abel Córdoba,1967-11,tango milonga,Musica: Osvaldo Pugliese - Letra: Juan Carlos Bagalá,D:\Dropbox\TDJ\MUSICA\Eduardo\6\19 El Negro Cambambá.mp3,True,True,1,False,True,True
Los hermanos,Osvaldo Pugliese / Abel Córdoba,1972-12-06,tango milonga,Musica: ? - Letra: ?,D:\Dropbox\TDJ\MUSICA\Osvaldo LA YUMBA\- PUGLIESE\Kiko pugli\Osvaldo Pugliese - 1970 - 1972 - Todas sus grabaciones\16-abel córdoba - osvaldo pugliese - los hermanos- milonga de yupanki 1972.mp3,True,True,1,False,True,True
Después,Osvaldo Pugliese / Abel Córdoba,1985-12-26,tango,Musica: Hugo Gutiérrez - Letra: Homero Manzi,D:\Dropbox\TDJ\MUSICA\Leandro\Osvaldo Pugliese\Osvaldo Pugliese - En Vivo En El Teatro Colon De Buenos Aires (26.12.1985)\03 - Después.flac,True,True,1,False,True,False
Tiempo de tranvías,Osvaldo Pugliese / Abel Córdoba,1981-07-01,tango,Musica: ? - Letra: ?,D:\Dropbox\TDJ\MUSICA\Eduardo\7\05 Tiempo De Tranvias.mp3,True,True,1,False,True,True
Whisky,Osvaldo Pugliese / Abel Córdoba,1965-09,tango,Musica: Héctor Marcó - Letra: Héctor Marcó,D:\Dropbox\TDJ\MUSICA\Dan\Pugliese\Lágrimas\Osvaldo Pugliese - Abel Córdoba_Lágrimas - 02 - Whisky.flac,True,True,1,False,True,True
Yo soy del treinta,Osvaldo Pugliese / Abel Córdoba,1965-09,tango,Musica: Aníbal Troilo - Letra: Héctor Méndez,D:\Dropbox\TDJ\MUSICA\Dan\Pugliese\Lágrimas\Osvaldo Pugliese - Abel Córdoba_Lágrimas - 11 - Yo Soy Del 30.flac,True,True,1,False,True,True
Se tiran conmigo,Osvaldo Pugliese / Abel Córdoba,1966-08,tango,Musica: Ángel Díaz y Luis Díaz [h] - Letra: Luis Díaz [h],D:\Dropbox\TDJ\MUSICA\Dan\Pugliese\Lágrimas\Osvaldo Pugliese - Abel Córdoba_Lágrimas - 14 - Se Tiran Conmigo.flac,True,True,1,False,True,True
Cómo aprender a quererte,Osvaldo Pugliese / Abel Córdoba,1994,tango,Carlos Lucero,D:\Dropbox\TDJ\MUSICA\Camilo Gatica\Osvaldo Pugliese\Compilados\Philips (1962-1970)\Osvaldo Pugliese - Antología Vol.2 (1962-1964)\16.Carlos Lucero & Javier Mazzea - Cómo aprender a quererte (1964).flac,True,True,1,False,True,False
Canción de rango,Osvaldo Pugliese / Abel Córdoba,1994,tango,,D:\Dropbox\TDJ\MUSICA\Camilo Gatica\Osvaldo Pugliese\Compilados\Philips (1962-1970)\Osvaldo Pugliese - Antología Vol.3 (1964-1966)\10.Raúl Kaplún & José María Suñé- Canción de rango (1965).flac,True,True,1,False,True,False
Yo soy del 30,Osvaldo Pugliese / Abel Córdoba,1994,tango,,D:\Dropbox\TDJ\MUSICA\Camilo Gatica\Osvaldo Pugliese\Compilados\Philips (1962-1970)\Osvaldo Pugliese - Antología Vol.3 (1964-1966)\12.Aníbal Troilo & Héctor Méndez - Yo soy del 30 (1965).flac,True,True,1,False,True,False
Whisky,Osvaldo Pugliese / Abel Córdoba,1994,tango,Musica: Héctor Marcó - Letra: Héctor Marcó,D:\Dropbox\TDJ\MUSICA\Camilo Gatica\Osvaldo Pugliese\Compilados\Philips (1962-1970)\Osvaldo Pugliese - Antología Vol.3 (1964-1966)\13.Héctor Marcó - Whisky (1965).flac,True,True,1,False,True,False
Con voz rebelde,Osvaldo Pugliese / Abel Córdoba,1994,tango,,D:\Dropbox\TDJ\MUSICA\Camilo Gatica\Osvaldo Pugliese\Compilados\Philips (1962-1970)\Osvaldo Pugliese - Antología Vol.4 (1966-1967)\04.Eduardo Cortti & Carlos Zein - Con voz rebelde (1966).flac,True,True,2,False,True,False
Se tiran conmigo,Osvaldo Pugliese / Abel Córdoba,1994,tango,,D:\Dropbox\TDJ\MUSICA\Camilo Gatica\Osvaldo Pugliese\Compilados\Philips (1962-1970)\Osvaldo Pugliese - Antología Vol.4 (1966-1967)\07.Ángel Díaz & Luis Díaz (h) - Se tiran conmigo (1966).flac,True,True,1,False,True,False
El inquilino,Osvaldo Pugliese / Abel Córdoba,1994,tango,,D:\Dropbox\TDJ\MUSICA\Camilo Gatica\Osvaldo Pugliese\Compilados\Philips (1962-1970)\Osvaldo Pugliese - Antología Vol.4 (1966-1967)\12.Javier Mazzea & Carlos Lucero - El inquilino (1966).flac,True,True,1,False,True,False
Sin gritar,Osvaldo Pugliese / Abel Córdoba,1994,tango,,D:\Dropbox\TDJ\MUSICA\Camilo Gatica\Osvaldo Pugliese\Compilados\Philips (1962-1970)\Osvaldo Pugliese - Antología Vol.4 (1966-1967)\16.Marcelino Hernández & Roberto Cassinelli - Sin gritar (1967).flac,True,True,1,False,True,False
Una lágrima,Osvaldo Pugliese / Abel Córdoba,1994,tango,,D:\Dropbox\TDJ\MUSICA\Camilo Gatica\Osvaldo Pugliese\Compilados\Philips (1962-1970)\Osvaldo Pugliese - Antología Vol.4 (1966-1967)\17.Nicolás Verona & Eugenio Cárdenas - Una lágrima (1967).flac,True,True,1,False,True,False
Bien de abajo,Osvaldo Pugliese / Abel Córdoba,1994,tango,,D:\Dropbox\TDJ\MUSICA\Camilo Gatica\Osvaldo Pugliese\Compilados\Philips (1962-1970)\Osvaldo Pugliese - Antología Vol.4 (1966-1967)\18.Arturo Penón & Héctor Negro - Bien de abajo (1967).flac,True,True,1,False,True,False
El negro Cambamba,Osvaldo Pugliese / Abel Córdoba,1994,tango,,D:\Dropbox\TDJ\MUSICA\Camilo Gatica\Osvaldo Pugliese\Compilados\Philips (1962-1970)\Osvaldo Pugliese - Antología Vol.5 (1967-1969)\10.Osvaldo Pugliese & Juan Carlos Bagalá - El negro Cambambá (1967).flac,True,True,1,False,True,False
Muñequita,Osvaldo Pugliese / Abel Córdoba,1994,tango,,D:\Dropbox\TDJ\MUSICA\Camilo Gatica\Osvaldo Pugliese\Compilados\Philips (1962-1970)\Osvaldo Pugliese - Antología Vol.5 (1967-1969)\13.Francisco Lomuto & Adolfo Heschel - Muñequita (1968).flac,True,True,1,False,True,False
Mi primer gol,Osvaldo Pugliese / Abel Córdoba,1994,tango,,"D:\Dropbox\TDJ\MUSICA\Camilo Gatica\Osvaldo Pugliese\Compilados\Philips (1962-1970)\Osvaldo Pugliese - Antología Vol.5 (1967-1969)\15.Horacio Pettorossi, Alejandro Fattorini & Miguel Bonano - Mi primer go (1968)l.flac",True,True,1,False,True,False
El encopao,Osvaldo Pugliese / Abel Córdoba,1994,tango,,D:\Dropbox\TDJ\MUSICA\Camilo Gatica\Osvaldo Pugliese\Compilados\Philips (1962-1970)\Osvaldo Pugliese - Antología Vol.5 (1967-1969)\17.Osvaldo Pugliese & Enrique Dizeo - El encopao (1969).flac,True,True,3,False,True,False
Canción para un niño negro,Osvaldo Pugliese / Abel Córdoba,1994,tango milonga,,D:\Dropbox\TDJ\MUSICA\Camilo Gatica\Osvaldo Pugliese\Compilados\Philips (1962-1970)\Osvaldo Pugliese - Antología Vol.6 (1969-1970)\01.Fulvio Salamanca - Canción para un niño negro (1969).flac,True,True,1,False,True,False
Manón,Osvaldo Pugliese / Abel Córdoba,1994,tango,,D:\Dropbox\TDJ\MUSICA\Camilo Gatica\Osvaldo Pugliese\Compilados\Philips (1962-1970)\Osvaldo Pugliese - Antología Vol.6 (1969-1970)\02.Arturo De Bassi - Manón (1969).flac,True,True,1,False,True,False
No me pregunten porqué,Osvaldo Pugliese / Abel Córdoba,2005,tango,,D:\Dropbox\TDJ\MUSICA\Camilo Gatica\Osvaldo Pugliese\Compilados\Odeón (1943-1960)\Osvaldo Pugliese - Edición Aniversario (CD.3) (1956-1977)\19.Carlos Di Sarli & Reinaldo Pignataro - No me pregunten porqué (1972).flac,True,True,3,False,True,False
Ni triste ni solo,Osvaldo Pugliese / Abel Córdoba,1972-05-12,tango,Musica: ? - Letra: ?,D:\Dropbox\TDJ\MUSICA\Camilo Gatica\Osvaldo Pugliese\Compilados\Odeón (1943-1960)\Osvaldo Pugliese - Edición Aniversario (CD.3) (1956-1977)\20.Arturo Penón & Héctor Negro - Ni triste ni solo (1972).flac,True,True,1,False,True,True
La vaquita,Osvaldo Pugliese / Abel Córdoba,1972-12-22,tango milonga,Musica: ? - Letra: ?,D:\Dropbox\TDJ\MUSICA\Camilo Gatica\Osvaldo Pugliese\Compilados\Odeón (1943-1960)\Osvaldo Pugliese - Edición Aniversario (CD.3) (1956-1977)\21.Osvaldo Pugliese & Roberto Pizzini - La vaquita (1972).flac,True,True,1,False,True,True
Recién,Osvaldo Pugliese / Abel Córdoba,1980-09-10,tango,Musica: Osvaldo Pugliese - Letra: Homero Manzi,D:\Dropbox\TDJ\MUSICA\Camilo Gatica\Osvaldo Pugliese\Compilados\Odeón (1943-1960)\Osvaldo Pugliese - Edicion Aniversario (CD.4) (1978-1989)\05.Osvaldo Pugliese & Homero Manzi - Recién (1980).flac,True,True,1,False,True,True
Preguntas para mi viejo,Osvaldo Pugliese / Abel Córdoba,1984-10-16,tango,Musica: ? - Letra: ?,D:\Dropbox\TDJ\MUSICA\Camilo Gatica\Osvaldo Pugliese\Compilados\Odeón (1943-1960)\Osvaldo Pugliese - Edicion Aniversario (CD.4) (1978-1989)\18.Arturo Penón & Héctor Negro - Preguntas para mi viejo (1984).flac,True,True,1,False,True,True
Compañera,Osvaldo Pugliese / Abel Córdoba,2005,tango,Osvaldo Pugliese,D:\Dropbox\TDJ\MUSICA\Camilo Gatica\Osvaldo Pugliese\Compilados\Odeón (1943-1960)\Osvaldo Pugliese - Edicion Aniversario (CD.4) (1978-1989)\26.Osvaldo Pugliese & Julio Gutiérrez Martín - Compañera (1989).flac,True,False,0,False,True,False
Tormento,Osvaldo Pugliese / Abel Córdoba,1972-07-17,tango,Musica: Charlo - Letra: Luis César Amadori,D:\Dropbox\TDJ\MUSICA\Camilo Gatica\Osvaldo Pugliese\EMI-Odeón (1972-1988)\Osvaldo Pugliese - El andariego (1973)\02.Charlo & Luis César Amadori - Tormento (17-07-1972).flac,False,False,1,False,False,True
Los hermanos,Osvaldo Pugliese / Abel Córdoba,1972-12-06,tango milonga,Musica: ? - Letra: ?,D:\Dropbox\TDJ\MUSICA\Leandro\Osvaldo Pugliese\EMI-Odeón (1972-1989)\Osvaldo Pugliese - El andariego (1973)\03.Atahualpa Yupanqui - Los hermanos (06-12-1972).flac,False,False,1,False,False,True
No me pregunten porque,Osvaldo Pugliese / Abel Córdoba,1972-05-12,tango,,D:\Dropbox\TDJ\MUSICA\Camilo Gatica\Osvaldo Pugliese\EMI-Odeón (1972-1988)\Osvaldo Pugliese - El andariego (1973)\05.Carlos Di Sarli & Reynaldo Pignataro - No me pregunten porque (12-05-1972).flac,True,True,3,False,True,False
Si se calla el cantor,Osvaldo Pugliese / Abel Córdoba,1972-07-17,tango,Musica: ? - Letra: ?,D:\Dropbox\TDJ\MUSICA\Camilo Gatica\Osvaldo Pugliese\EMI-Odeón (1972-1988)\Osvaldo Pugliese - El andariego (1973)\08.Horacio Guarany (Arr. en tango Osvaldo Pugliese) - Si se calla el cantor (17-07-1972).flac,False,False,1,False,False,True
La vaquita,Osvaldo Pugliese / Abel Córdoba,1972-12-22,tango milonga,Musica: ? - Letra: ?,D:\Dropbox\TDJ\MUSICA\Camilo Gatica\Osvaldo Pugliese\EMI-Odeón (1972-1988)\Osvaldo Pugliese - El andariego (1973)\09.Osvaldo Pugliese & Roberto Pizzini - La vaquita (27-12-1972).flac,False,False,1,False,False,True
Ni triste ni solo,Osvaldo Pugliese / Abel Córdoba,1972-05-12,tango,Musica: ? - Letra: ?,D:\Dropbox\TDJ\MUSICA\Leandro\Osvaldo Pugliese\EMI-Odeón (1972-1989)\Osvaldo Pugliese - El andariego (1973)\11.Arturo Penón & Héctor Negro - Ni triste ni solo (12-05-1972).flac,False,False,1,False,False,True
Corchito,Osvaldo Pugliese / Abel Córdoba,1972-12-27,tango,Musica: ? - Letra: ?,D:\Dropbox\TDJ\MUSICA\Camilo Gatica\Osvaldo Pugliese\EMI-Odeón (1972-1988)\Osvaldo Pugliese - El andariego (1973)\12.Osvaldo Pugliese & Roberto Pizzini - Corchito (27-12-1972).flac,False,False,1,False,False,True
Bien de abajo,Osvaldo Pugliese / Abel Córdoba,1967-06,tango,Musica: Arturo Penón - Letra: Héctor Negro,D:\Dropbox\TDJ\MUSICA\Camilo Gatica\Osvaldo Pugliese\Compilados\Philips (1962-1970)\Osvaldo Pugliese - El maestro inédito (1962-1970)\03.Héctor Varela & José Penon - Bien de abajo.flac,True,True,1,False,True,True
Enamorado estoy,Osvaldo Pugliese / Abel Córdoba,1964,tango,Musica: José Márquez - Letra: Oscar Fresedo,D:\Dropbox\TDJ\MUSICA\Camilo Gatica\Osvaldo Pugliese\Compilados\Philips (1962-1970)\Osvaldo Pugliese - El maestro inédito (1962-1970)\07.Oscar Fresedo & José Marquez - Enamorado estoy.flac,True,True,1,False,True,True
"Che, colectivero",Osvaldo Pugliese / Abel Córdoba,2005,tango,Osvaldo Pugliese,"D:\Dropbox\TDJ\MUSICA\Camilo Gatica\Osvaldo Pugliese\Compilados\Philips (1962-1970)\Osvaldo Pugliese - El maestro inédito (1962-1970)\08.Osvaldo Pugliese & Julio Camilloni - Che, colectivero.flac",True,True,1,False,True,False
Tiempo de tranvías,Osvaldo Pugliese / Abel Córdoba,1981-07-01,tango,Musica: ? - Letra: ?,D:\Dropbox\TDJ\MUSICA\Camilo Gatica\Osvaldo Pugliese\EMI-Odeón (1972-1988)\Osvaldo Pugliese - Futuro (1982)\05.Raúl Garrelo & Héctor Negro - Tiempo de tranvías (01-07-1981).flac,False,False,1,False,False,True
Nocturno a mi barrio ; Sur,Osvaldo Pugliese / Abel Córdoba,1979,tango,,D:\Dropbox\TDJ\MUSICA\Leandro\Osvaldo Pugliese\EMI-Odeón (1972-1989)\Osvaldo Pugliese - Mato y voy (1979)\02.Aníbal Troilo ; Aníbal Troilo & Homero Manzi - Nocturno a mi barrio ; Sur.flac,True,True,3,False,True,False
Tiempos viejos,Osvaldo Pugliese / Abel Córdoba,1979,tango,,D:\Dropbox\TDJ\MUSICA\Camilo Gatica\Osvaldo Pugliese\EMI-Odeón (1972-1988)\Osvaldo Pugliese - Mato y voy (1979)\07.Francisco Canaro & Manuel Romero - Tiempos viejos .flac,True,True,1,False,True,False
La canción de Buenos Aires,Osvaldo Pugliese / Abel Córdoba,1979,tango,,"D:\Dropbox\TDJ\MUSICA\Leandro\Osvaldo Pugliese\EMI-Odeón (1972-1989)\Osvaldo Pugliese - Mato y voy (1979)\09.Azucena Maizani & Orestes Cúfaro, Manuel Romero - La canción de Buenos Aires.flac",True,True,2,False,True,False
Callejera,Osvaldo Pugliese / Abel Córdoba,1976,tango,,D:\Dropbox\TDJ\MUSICA\Camilo Gatica\Osvaldo Pugliese\EMI-Odeón (1972-1988)\Osvaldo Pugliese - Noches de San Telmo (1976)\02.Fausto Frontera & Enrique Cadícamo - Callejera.flac,True,True,1,False,True,False
Adiós pampa mía,Osvaldo Pugliese / Abel Córdoba,1976-06-04,tango,Musica: Francisco Canaro y Mariano Mores - Letra: Ivo Pelay,"D:\Dropbox\TDJ\MUSICA\Camilo Gatica\Osvaldo Pugliese\EMI-Odeón (1972-1988)\Osvaldo Pugliese - Noches de San Telmo (1976)\04.Mariano Mores & Francisco Canaro, Ivo Pelay - Adiós pampa mía.flac",True,True,1,False,True,True
Te quiero,Osvaldo Pugliese / Abel Córdoba,1976,tango,,D:\Dropbox\TDJ\MUSICA\Camilo Gatica\Osvaldo Pugliese\EMI-Odeón (1972-1988)\Osvaldo Pugliese - Noches de San Telmo (1976)\05.Francisco Canaro - Te quiero.flac,True,True,1,False,True,False
Uno,Osvaldo Pugliese / Abel Córdoba,1976-05-14,tango,Musica: Mariano Mores - Letra: Enrique Santos Discepolo,D:\Dropbox\TDJ\MUSICA\Leandro\Osvaldo Pugliese\EMI-Odeón (1972-1989)\Osvaldo Pugliese - Noches de San Telmo (1976)\09.Mariano Mores & Enrique Santos Discépolo - Uno.flac,True,True,1,False,True,True
Poema Nº2 - El jubilado,Osvaldo Pugliese / Abel Córdoba,1976,tango,,D:\Dropbox\TDJ\MUSICA\Leandro\Osvaldo Pugliese\EMI-Odeón (1972-1989)\Osvaldo Pugliese - Noches de San Telmo (1976)\10.Osvaldo Pugliese & Luis Alposta - Poema Nº 2 - El jubilado.flac,True,True,1,False,True,False
Cómo se pianta la vida,Osvaldo Pugliese / Abel Córdoba,1981-07-08,tango,Musica: Carlos Viván - Letra: Carlos Viván,D:\Dropbox\TDJ\MUSICA\Camilo Gatica\Osvaldo Pugliese\EMI-Odeón (1972-1988)\Osvaldo Pugliese - Pa' los médicos (1983)\02.Carlos Viván - Cómo se pianta la vida (08-07-1981).flac,False,False,1,False,False,True
A mí me copa el tango,Osvaldo Pugliese / Abel Córdoba,1982-11-15,tango,Musica: ? - Letra: ?,D:\Dropbox\TDJ\MUSICA\Camilo Gatica\Osvaldo Pugliese\EMI-Odeón (1972-1988)\Osvaldo Pugliese - Pa' los médicos (1983)\06.Diana Mireya Claret & Renée Carmen Díaz - A mi me copa el tango (15-11-1982).flac,False,False,1,False,False,True
Recién,Osvaldo Pugliese / Abel Córdoba,1980-09-10,tango,Musica: Osvaldo Pugliese - Letra: Homero Manzi,D:\Dropbox\TDJ\MUSICA\Camilo Gatica\Osvaldo Pugliese\EMI-Odeón (1972-1988)\Osvaldo Pugliese - Pa' los médicos (1983)\10.Osvaldo Pugliese & Homero Manzi - Recién (10-09-1980).flac,False,False,1,False,False,True
De espaldas,Osvaldo Pugliese / Abel Córdoba,1983-06-16,tango,,D:\Dropbox\TDJ\MUSICA\Camilo Gatica\Osvaldo Pugliese\EMI-Odeón (1972-1988)\Osvaldo Pugliese - Recuerdo (1988)\06.Abel Córdoba & Guillermo Ottaviani - De espaldas (16-06-1983).flac,True,True,1,False,True,False
Después,Osvaldo Pugliese / Abel Córdoba,1983-06-16,tango,,D:\Dropbox\TDJ\MUSICA\Camilo Gatica\Osvaldo Pugliese\EMI-Odeón (1972-1988)\Osvaldo Pugliese - Recuerdo (1988)\07.Hugo Guitiérrez & Homero Manzi - Después (16-06-1983).flac,True,True,1,False,True,False
Te quiero,Osvaldo Pugliese / Abel Córdoba,1993,tango,,D:\Dropbox\TDJ\MUSICA\Dan\Pugliese\Osvaldo Pugliese con sus grandes cantantes\Osvaldo Pugliese feat. Abel Córdoba_Osvaldo Pugliese con sus grandes cantates - 08 - Te quiero.flac,True,True,1,False,True,False
La canción de Buenos Aires,Osvaldo Pugliese / Abel Córdoba,1993,tango,,D:\Dropbox\TDJ\MUSICA\Dan\Pugliese\Osvaldo Pugliese con sus grandes cantantes\Osvaldo Pugliese feat. Abel Córdoba_Osvaldo Pugliese con sus grandes cantates - 16 - La canción de Buenos Aires.flac,True,True,2,False,True,False
Enamorado estoy,Osvaldo Pugliese / Abel Córdoba,1964,tango,Musica: José Márquez - Letra: Oscar Fresedo,D:\Dropbox\TDJ\MUSICA\Eduardo\6\17 Enamorado Estoy.mp3,True,True,1,False,True,True
Che colectivero,Osvaldo Pugliese / Abel Córdoba,1969-04,tango,Musica: Osvaldo Pugliese - Letra: Julio Camilloni,D:\Dropbox\TDJ\MUSICA\Eduardo\6\18 Che Colectivero.mp3,True,True,1,False,True,True
Bien de abajo,Osvaldo Pugliese / Abel Córdoba,1967-06,tango,Musica: Arturo Penón - Letra: Héctor Negro,D:\Dropbox\TDJ\MUSICA\Osvaldo LA YUMBA\- PUGLIESE\Kiko pugli\Osvaldo Pugliese - 1967 - Todas sus grabaciones\04-osvaldo pugliese - abel cordoba - bien de abajo-Peñon-hector negro - 1967.mp3,True,True,1,False,True,True
Bien de abajo,Osvaldo Pugliese / Abel Córdoba,1967-06,tango,Musica: Arturo Penón - Letra: Héctor Negro,D:\Dropbox\TDJ\MUSICA\Leandro\Osvaldo Pugliese\Que falta que me hacés - Vol 1-4\Osvaldo Pugliese - Que Falta que me Haces (Vol.1) (2001)\09 - Bien de Abajo.flac,True,True,1,False,True,True
Yo soy del treinta,Osvaldo Pugliese / Abel Córdoba,1965-09,tango,Musica: Aníbal Troilo - Letra: Héctor Méndez,D:\Dropbox\TDJ\MUSICA\Leandro\Osvaldo Pugliese\Que falta que me hacés - Vol 1-4\Osvaldo Pugliese - Que Falta que me Haces (Vol.2) (2001)\06 - Yo Soy del Treinta.flac,True,True,1,False,True,True
Whisky,Osvaldo Pugliese / Abel Córdoba,1965-09,tango,Musica: Héctor Marcó - Letra: Héctor Marcó,D:\Dropbox\TDJ\MUSICA\Leandro\Osvaldo Pugliese\Que falta que me hacés - Vol 1-4\Osvaldo Pugliese - Que Falta que me Haces (Vol.2) (2001)\08 - Whisky.flac,True,True,1,False,True,True
Canción de rango (Pa' que se callen),Osvaldo Pugliese / Abel Córdoba,1965-08,tango,Musica: Raúl Kaplún - Letra: José María Suñé,D:\Dropbox\TDJ\MUSICA\Leandro\Osvaldo Pugliese\Que falta que me hacés - Vol 1-4\Osvaldo Pugliese - Que Falta que me Haces (Vol.3) (2001)\04 - Canción de rango.flac,True,True,1,False,True,True
Hasta el último tren,Osvaldo Pugliese / Abel Córdoba,1970-07,tango,Musica: Julio Ahumada - Letra: Julio Camilloni,D:\Dropbox\TDJ\MUSICA\Leandro\Osvaldo Pugliese\Que falta que me hacés - Vol 1-4\Osvaldo Pugliese - Que Falta que me Haces (Vol.3) (2001)\08 - Hasta el último tren.flac,True,True,1,False,True,True
Se tiran conmigo,Osvaldo Pugliese / Abel Córdoba,1966-08,tango,Musica: Ángel Díaz y Luis Díaz [h] - Letra: Luis Díaz [h],D:\Dropbox\TDJ\MUSICA\Leandro\Osvaldo Pugliese\Que falta que me hacés - Vol 1-4\Osvaldo Pugliese - Que Falta que me Haces (Vol.4) (2001)\03 - Se tiran conmigo.flac,True,True,1,False,True,True
El negro cambambá,Osvaldo Pugliese / Abel Córdoba,1967-11,tango milonga,Musica: Osvaldo Pugliese - Letra: Juan Carlos Bagalá,D:\Dropbox\TDJ\MUSICA\Leandro\Osvaldo Pugliese\Que falta que me hacés - Vol 1-4\Osvaldo Pugliese - Que Falta que me Haces (Vol.4) (2001)\09 - El Negro Cambamba.flac,True,True,1,False,True,True
La Canción De Buenos Aires,Osvaldo Pugliese / Abel Córdoba,1982,tango,,D:\Dropbox\TDJ\MUSICA\Dan\Pugliese\Tangos Famosos\Osvaldo Pugliese - Abel Córdoba_Tangos Famosos - 12 - La Canción De Buenos Aires.flac,True,True,2,False,True,False
La cancion de Buenos Aires,Osvaldo Pugliese / Abel Córdoba,1985-12-26,tango,Musica: Orestes Cúfaro y Azucena Maizani - Letra: Manuel Romero,D:\Dropbox\TDJ\MUSICA\Eduardo\2\12 La Canción De Buenos Aires.mp3,False,False,1,False,False,True
La vaquita,Osvaldo Pugliese / Abel Córdoba,1972-12-22,tango milonga,Musica: ? - Letra: ?,D:\Dropbox\TDJ\MUSICA\Eduardo\5\La Vaquita.mp3,True,True,1,False,True,True
Ni triste ni solo,Osvaldo Pugliese / Abel Córdoba,1972-05-12,tango,Musica: ? - Letra: ?,D:\Dropbox\TDJ\MUSICA\Eduardo\4\NI TRISTE NI SOLO.mp3,True,True,1,False,True,True
No me pregunten por qué,Osvaldo Pugliese / Abel Córdoba,1972-05-12,tango,Musica: Carlos Di Sarli - Letra: Reynaldo Pignataro,D:\Dropbox\TDJ\MUSICA\Eduardo\4\No Me Pregunten Por Qué    -    1_2-.mp3,True,True,1,False,True,True
Preguntas para mi viejo,Osvaldo Pugliese / Abel Córdoba,1984-10-16,tango,Musica: ? - Letra: ?,D:\Dropbox\TDJ\MUSICA\Eduardo\4\Preguntas Para Mi Viejo.mp3,True,True,1,False,True,True
Recién,Osvaldo Pugliese / Abel Córdoba,1980-09-10,tango,Musica: Osvaldo Pugliese - Letra: Homero Manzi,D:\Dropbox\TDJ\MUSICA\Eduardo\4\Recién.mp3,True,True,1,False,True,True
A mí me copa el tango,Osvaldo Pugliese / Abel Córdoba,1982-11-15,tango,Musica: ? - Letra: ?,D:\Dropbox\TDJ\MUSICA\Eduardo\3\A Mi Me Copa El Tango.mp3,True,True,1,False,True,True
Callejera,Osvaldo Pugliese / Abel Córdoba,1974-12-11,tango,Musica: Fausto Frontera - Letra: Enrique Cadícamo,D:\Dropbox\TDJ\MUSICA\Eduardo\2\12 Callejera.mp3,True,True,1,False,True,True
Milonga para Gardel,Osvaldo Pugliese / Abel Córdoba / Adrián Guida,1987-06-30,tango milonga,,D:\Dropbox\TDJ\MUSICA\Camilo Gatica\Osvaldo Pugliese\EMI-Odeón (1972-1988)\Osvaldo Pugliese - Recuerdo (1988)\10.Carlos Viván & Horacio Sanguinetti - Milonga para Gardel (30-06-1987).flac,True,True,2,False,True,False
Son y seran argentinas,Osvaldo Pugliese / Adrián Guida,1982-05-31,tango,Musica: ? - Letra: ?,D:\Dropbox\TDJ\MUSICA\Osvaldo LA YUMBA\- PUGLIESE\Kiko pugli\Osvaldo Pugliese - 1981 - 1982 - Todas sus grabaciones\22-osvaldo pugliese- son y seran argentinas-tango-canta a guida- de Piana y Gallardo Sarmiento.mp3,True,True,1,False,True,True
Quinto año,Osvaldo Pugliese / Adrián Guida,1981-07-01,tango,Musica: Osvaldo Tarantino - Letra: Juanca Tavera,D:\Dropbox\TDJ\MUSICA\Eduardo\2\10 Quinto Año.mp3,True,True,1,False,True,True
Quinto año,Osvaldo Pugliese / Adrián Guida,2005,tango,Osvaldo Tarantino,D:\Dropbox\TDJ\MUSICA\Camilo Gatica\Osvaldo Pugliese\Compilados\Odeón (1943-1960)\Osvaldo Pugliese - Edicion Aniversario (CD.4) (1978-1989)\06.Osvaldo Tarantino & Juanca Taverna - Quinto año (1981).flac,True,True,2,False,True,False
Igual que una sombra,Osvaldo Pugliese / Adrián Guida,2005,tango,Osvaldo Pugliese,D:\Dropbox\TDJ\MUSICA\Camilo Gatica\Osvaldo Pugliese\Compilados\Odeón (1943-1960)\Osvaldo Pugliese - Edicion Aniversario (CD.4) (1978-1989)\24.Osvaldo Pugliese & Enrique Cadícamo - Igual que una sombra (1989).flac,True,False,0,False,True,False
Quinto año,Osvaldo Pugliese / Adrián Guida,1981-07-01,tango,Musica: Osvaldo Tarantino - Letra: Juanca Tavera,D:\Dropbox\TDJ\MUSICA\Camilo Gatica\Osvaldo Pugliese\EMI-Odeón (1972-1988)\Osvaldo Pugliese - Futuro (1982)\10.Osvaldo Tarantino & Juanca Tavera - Quinto año (01-07-1981).flac,False,False,1,False,False,True
Volver,Osvaldo Pugliese / Adrián Guida,1981-12-23,tango,Musica: Carlos Gardel - Letra: Alfredo Le Pera,D:\Dropbox\TDJ\MUSICA\Camilo Gatica\Osvaldo Pugliese\EMI-Odeón (1972-1988)\Osvaldo Pugliese - Pa' los médicos (1983)\04.Carlos Gardel & Alfredo Le Pera - Volver (23-12-1981).flac,False,False,1,False,False,True
Cómo te parecés a mi guitarra,Osvaldo Pugliese / Adrián Guida,1981-07-17,tango milonga,Musica: ? - Letra: ?,D:\Dropbox\TDJ\MUSICA\Camilo Gatica\Osvaldo Pugliese\EMI-Odeón (1972-1988)\Osvaldo Pugliese - Pa' los médicos (1983)\08.Néstor D'Alessandro & Nicolás D'Alessandro - Cómo te parecés a mi guitarra (01-07-1981).flac,False,False,1,False,False,True
Son y serán Argentinas,Osvaldo Pugliese / Adrián Guida,1983-06-16,tango,,D:\Dropbox\TDJ\MUSICA\Camilo Gatica\Osvaldo Pugliese\EMI-Odeón (1972-1988)\Osvaldo Pugliese - Recuerdo (1988)\08.Sebastián Piana & Gallardo Sarmiento - Son y seran Argentinas (16-06-1983).flac,True,True,1,False,True,False
Vieja amiga,Osvaldo Pugliese / Adrián Guida,1985-11-22,tango,,D:\Dropbox\TDJ\MUSICA\Camilo Gatica\Osvaldo Pugliese\EMI-Odeón (1972-1988)\Osvaldo Pugliese - Recuerdo (1988)\09.Pedro Laurenz & José María Contursi - Vieja amiga (22-11-1985).flac,True,True,1,False,True,False
Quinto año,Osvaldo Pugliese / Adrián Guida,1985-12-26,tango,Musica: Osvaldo Tarantino - Letra: Juanca Tavera,D:\Dropbox\TDJ\MUSICA\Eduardo\7\04 Quinto Año.mp3,False,False,1,False,False,True
Contame una historia,Osvaldo Pugliese / Adrián Guida,1985-12-26,tango,Musica: Eladia Blázquez - Letra: Mario Iaquinandi,D:\Dropbox\TDJ\MUSICA\Eduardo\2\13 Contame Una Historia.mp3,False,False,1,False,False,True
Cómo te parecés a mi guitarra,Osvaldo Pugliese / Adrián Guida,1981-07-17,tango milonga,Musica: ? - Letra: ?,D:\Dropbox\TDJ\MUSICA\Eduardo\3\Como Te Pareces A Mi Guitarra.MP3,True,True,1,False,True,True
Son y seran argentinas,Osvaldo Pugliese / Adrián Guida,1982-05-31,tango,Musica: ? - Letra: ?,D:\Dropbox\TDJ\MUSICA\Eduardo\4\Son Y Seran Argentinas.mp3,True,True,1,False,True,True
Ahora no me conocés,Osvaldo Pugliese / Alberto Moran,1952-06-27,tango,Musica: Armando Baliotti - Letra: Carlos Giampetruzzi,D:\Dropbox\TDJ\MUSICA\Osvaldo LA YUMBA\- PUGLIESE\Kiko pugli\Osvaldo Puglise - Alberto Moran\14 ahora no me conoces.mp3,True,True,1,False,True,True
Barro,Osvaldo Pugliese / Alberto Moran,1951-05-22,tango,Musica: Osvaldo Pugliese - Letra: Horacio Sanguinetti,D:\Dropbox\TDJ\MUSICA\Osvaldo LA YUMBA\- PUGLIESE\Kiko pugli\Osvaldo Puglise - Alberto Moran\07 barro.mp3,True,True,1,False,True,True
Cobardia,Osvaldo Pugliese / Alberto Moran,1950-10-24,tango,Musica: Charlo - Letra: Luis César Amadori,D:\Dropbox\TDJ\MUSICA\Osvaldo LA YUMBA\- PUGLIESE\Kiko pugli\Osvaldo Puglise - Alberto Moran\06 cobardia.mp3,True,True,1,False,True,True
Cualquier cosa,Osvaldo Pugliese / Alberto Moran,1952-01-28,tango,Musica: Herminia Velich y Juan Velich - Letra: Herminia Velich y Juan Velich,D:\Dropbox\TDJ\MUSICA\Osvaldo LA YUMBA\- PUGLIESE\Kiko pugli\Osvaldo Puglise - Alberto Moran\05 cualquier cosa.mp3,True,True,1,False,True,True
Desilusión,Osvaldo Pugliese / Alberto Moran,1947-04-28,tango,Musica: Lito Bayardo - Letra: Lito Bayardo,D:\Dropbox\TDJ\MUSICA\Osvaldo LA YUMBA\- PUGLIESE\Kiko pugli\Osvaldo Pugliese - 1947 - Todas sus grabaciones\06-osvaldo pugliese con alberto morán - desilusión-Bayardo-1947.mp3,True,True,1,False,True,True
Desvelo (De flor en flor),Osvaldo Pugliese / Alberto Moran,1953-08-06,tango,Musica: Eduardo Bonessi - Letra: Enrique Cadícamo,D:\Dropbox\TDJ\MUSICA\Osvaldo LA YUMBA\- PUGLIESE\- PUGLI  -  Instru\PUGLIESE\PUGLIESE       desvelo alberto morán -.mp3,True,True,1,False,True,True
Desvelo (De flor en flor),Osvaldo Pugliese / Alberto Moran,1953-08-06,tango,Musica: Eduardo Bonessi - Letra: Enrique Cadícamo,D:\Dropbox\TDJ\MUSICA\Osvaldo LA YUMBA\- PUGLIESE\Kiko pugli\Osvaldo Puglise - Alberto Moran\08 desvelo.mp3,True,True,1,False,True,True
Dos ojos tristes,Osvaldo Pugliese / Alberto Moran,1946-05-27,tango,Musica: Oscar de la Fuente - Letra: Luis Rubistein,D:\Dropbox\TDJ\MUSICA\Osvaldo LA YUMBA\- PUGLIESE\Kiko pugli\Osvaldo Pugliese - 1946 - Todas sus grabaciones\06-dos ojos tristes-de la fuente-rubinstein-27-5-46.mp3,True,True,1,False,True,True
El abrojito,Osvaldo Pugliese / Alberto Moran,1945-07-24,tango,Musica: Luis Bernstein - Letra: Jesús Fernández Blanco,"D:\Dropbox\TDJ\MUSICA\Osvaldo LA YUMBA\- PUGLIESE\- Pugliese  cantado\PUGLI - MORAN     El abrojito   MORAN  - Jesus Fernandez Blanco, Luis Bernstein - Canta Alberto Moran 24-07-45.mp3",True,True,1,False,True,True
El cielo en las manos,Osvaldo Pugliese / Alberto Moran,1951-10-02,tango,Musica: Astor Piazzolla - Letra: Homero Cárpena,D:\Dropbox\TDJ\MUSICA\Osvaldo LA YUMBA\- PUGLIESE\Kiko pugli\Osvaldo Puglise - Alberto Moran\12 el cielo en las manos.mp3,True,True,1,False,True,True
Hacelo por la vieja,Osvaldo Pugliese / Alberto Moran,1950-03-29,tango,Musica: Rodolfo Sciammarella - Letra: Carlos Viván y Héctor Bonatti,D:\Dropbox\TDJ\MUSICA\Osvaldo LA YUMBA\- PUGLIESE\Kiko pugli\Osvaldo Puglise - Alberto Moran\10 hacelo por la vieja.mp3,True,True,1,False,True,True
Llevátelo todo,Osvaldo Pugliese / Alberto Moran,1950-11-24,tango,Musica: Rodolfo Sciammarella - Letra: Rodolfo Sciammarella,D:\Dropbox\TDJ\MUSICA\Osvaldo LA YUMBA\- PUGLIESE\Kiko pugli\Osvaldo Puglise - Alberto Moran\01 llevatelo todo.mp3,True,True,1,False,True,True
Manos adoradas,Osvaldo Pugliese / Alberto Moran,1952-11-18,tango vals,Musica: Roberto Rufino - Letra: Horacio Sanguinetti,D:\Dropbox\TDJ\MUSICA\Osvaldo LA YUMBA\- PUGLIESE\Kiko pugli\Osvaldo Puglise - Alberto Moran\11 manos adoradas.mp3,True,True,1,False,True,True
Mentira,Osvaldo Pugliese / Alberto Moran,1945-09-24,tango,Musica: Francisco Pracánico - Letra: Celedonio Flores,D:\Dropbox\TDJ\MUSICA\Osvaldo LA YUMBA\- PUGLIESE\- Pugliese  cantado\PUGLI - MORAN     Mentira   MORAN.mp3,True,True,1,False,True,True
No quiero perderte,Osvaldo Pugliese / Alberto Moran,1954-03-17,tango,Musica: Enrique Camerano - Letra: Alberto Morán,D:\Dropbox\TDJ\MUSICA\Osvaldo LA YUMBA\- PUGLIESE\Kiko pugli\Osvaldo Pugliese - 1953 - 1954 - Todas sus grabaciones\16-no quiero perderte-camerano-alberto moran - 17-3-54.mp3,True,True,1,False,True,True
Por pecadora,Osvaldo Pugliese / Alberto Moran,1952-10-09,tango,Musica: Juan Caldarella - Letra: Mario Soto,D:\Dropbox\TDJ\MUSICA\Osvaldo LA YUMBA\- PUGLIESE\Kiko pugli\Osvaldo Puglise - Alberto Moran\13 por pecadora.mp3,True,True,1,False,True,True
Porque no te tengo más,Osvaldo Pugliese / Alberto Moran,1954-01-05,tango,Musica: Oscar Herrero  (Oscar Luis Herrero) - Letra: Marvil,D:\Dropbox\TDJ\MUSICA\Osvaldo LA YUMBA\- PUGLIESE\Kiko pugli\Osvaldo Puglise - Alberto Moran\09 porque no te tengo mas.mp3,True,True,1,False,True,True
Que nunca me falte,Osvaldo Pugliese / Alberto Moran,1951-12-06,tango,Musica: Héctor Morales - Letra: Héctor Marcó,D:\Dropbox\TDJ\MUSICA\Osvaldo LA YUMBA\- PUGLIESE\Kiko pugli\Osvaldo Puglise - Alberto Moran\Osvaldo Pugliese-Que Nunca Me Falte.mp3,True,True,1,False,True,True
Quiero verte una vez más,Osvaldo Pugliese / Alberto Moran,1950-03-07,tango,Musica: Mario Canaro - Letra: José María Contursi,D:\Dropbox\TDJ\MUSICA\Osvaldo LA YUMBA\- PUGLIESE\Kiko pugli\Osvaldo Puglise - Alberto Moran\03 quiero verte una vez mas.mp3,True,True,1,False,True,True
San José de Flores,Osvaldo Pugliese / Alberto Moran,1953-07-14,tango,Musica: Armando Acquarone - Letra: Enrique Gaudino,"D:\Dropbox\TDJ\MUSICA\Osvaldo LA YUMBA\- PUGLIESE\- PUGLI  -  Instru\PUGLIESE\PUGLIESE       San jose de Flores - Enrique Gaudino , Armando Acquarone - can Alberto Moran 14-07-53.mp3",True,True,1,False,True,True
El abrojito,Osvaldo Pugliese / Alberto Moran,1945-07-24,tango,Musica: Luis Bernstein - Letra: Jesús Fernández Blanco,D:\Dropbox\TDJ\MUSICA\Osvaldo LA YUMBA\- PUGLIESE\Kiko pugli\Osvaldo Pugliese - 1945 - Todas sus grabaciones\10-El abrojito-moran - bernstein y fernandez blanco-1945.mp3,True,True,1,False,True,True
De vuelta al bulín,Osvaldo Pugliese / Alberto Moran,1951-05-22,tango,Musica: José Martinez - Letra: Pascual Contursi,D:\Dropbox\TDJ\MUSICA\Osvaldo LA YUMBA\- PUGLIESE\Kiko pugli\Osvaldo Pugliese - 1951 - 1952 - Todas sus grabaciones\02- de vuelta al bulín-jose martinez-pascual contursi-22-5-51-moran.mp3,True,True,1,False,True,True
Dejame en paz,Osvaldo Pugliese / Alberto Moran,1948-04-06,tango,Musica: Américo Actis - Letra: Oscar Rubens,D:\Dropbox\TDJ\MUSICA\Osvaldo LA YUMBA\- PUGLIESE\Kiko pugli\Osvaldo Pugliese - 1948 - 1949 - Todas sus grabaciones\02- Dejame en paz - rubens y actis - alberto moran - 1948.mp3,True,True,1,False,True,True
Yuyo Verde,Osvaldo Pugliese / Alberto Moran,1945-01-25,tango,Musica: Domingo Federico - Letra: Homero Expósito,D:\Dropbox\TDJ\MUSICA\Osvaldo LA YUMBA\- PUGLIESE\Kiko pugli\Osvaldo Pugliese - 1945 - Todas sus grabaciones\Osvaldo Pugliese   Alberto Morán-Yuyo verde.mp3,True,True,1,False,True,True
Príncipe,Osvaldo Pugliese / Alberto Moran,1946-03-28,tango,Musica: Anselmo Aieta y Rafael Tuegols - Letra: Francisco García Jiménez,"D:\Dropbox\TDJ\MUSICA\Osvaldo LA YUMBA\- PUGLIESE\Kiko pugli\Osvaldo Pugliese - 1946 - Todas sus grabaciones\04- principe - alberto moran - aieta, tuegols y garcia jimenez - 1946.mp3",True,True,1,False,True,True
No me escribas,Osvaldo Pugliese / Alberto Moran,1946-07-31,tango,Musica: Agustín Bardi - Letra: Juan Andrés Caruso,D:\Dropbox\TDJ\MUSICA\Osvaldo LA YUMBA\- PUGLIESE\- Pugliese  cantado\No me escribas   MORAN  - bardi y juan caruso- 1946.mp3,True,True,1,False,True,True
Sin palabras,Osvaldo Pugliese / Alberto Moran,1947-01-02,tango,Musica: Mariano Mores - Letra: Enrique Santos Discepolo,D:\Dropbox\TDJ\MUSICA\Osvaldo LA YUMBA\- PUGLIESE\Kiko pugli\Osvaldo Pugliese - 1946 - Todas sus grabaciones\Osvaldo Pugliese   Alberto Morán-Sin palabras.mp3,True,True,1,False,True,True
Dos que se aman,Osvaldo Pugliese / Alberto Moran,1948-09-15,tango vals,Musica: Antonio Tormo - Letra: Manuel María Flores,D:\Dropbox\TDJ\MUSICA\Osvaldo LA YUMBA\- PUGLIESE\Kiko pugli\Osvaldo Pugliese - 1948 - 1949 - Todas sus grabaciones\06- Dos que se aman - de Antonio Tormo y Flores - Alberto Morán 1948.mp3,True,True,1,False,True,True
Maleza,Osvaldo Pugliese / Alberto Moran,1945-05-28,tango,Musica: Enrique Munné - Letra: Cátulo Castillo,D:\Dropbox\TDJ\MUSICA\Osvaldo LA YUMBA\- PUGLIESE\Kiko pugli\Osvaldo Pugliese - 1945 - Todas sus grabaciones\Osvaldo Pugliese   Alberto Morán-Maleza.mp3,True,True,1,False,True,True
Ilusión marina,Osvaldo Pugliese / Alberto Moran,1947-01-28,tango vals,Musica: Antonio Sureda - Letra: Gerónimo Sureda,D:\Dropbox\TDJ\MUSICA\Osvaldo LA YUMBA\- PUGLIESE\Kiko pugli\Osvaldo Pugliese - 1947 - Todas sus grabaciones\02-Ilusión marina-moran-antonio y geronbimo sureda - 1947.mp3,True,True,1,False,True,True
Llamame,Osvaldo Pugliese / Alberto Moran,1950-11-24,tango,Musica: Ángel Domínguez - Letra: José Rótulo,D:\Dropbox\TDJ\MUSICA\Osvaldo LA YUMBA\- PUGLIESE\Kiko pugli\Osvaldo Pugliese - 1950 - Todas sus grabaciones\15-osvaldo pugliese con alberto morán - llamame-dominlguez-rotulo-24-11-50.mp3,True,True,1,False,True,True
Frente a una copa,Osvaldo Pugliese / Alberto Moran,1949-05-04,tango,Musica: Francisco Amor - Letra: Elías Wainer,D:\Dropbox\TDJ\MUSICA\Osvaldo LA YUMBA\- PUGLIESE\Kiko pugli\Osvaldo Pugliese - 1948 - 1949 - Todas sus grabaciones\08- Frente a una copa - de Amor y Wauner - alberto moran - 1949.mp3,True,True,1,False,True,True
Mentira,Osvaldo Pugliese / Alberto Moran,1945-09-24,tango,Musica: Francisco Pracánico - Letra: Celedonio Flores,D:\Dropbox\TDJ\MUSICA\Osvaldo LA YUMBA\- PUGLIESE\Kiko pugli\Osvaldo Pugliese - 1945 - Todas sus grabaciones\Osvaldo Pugliese   Alberto Morán-Mentira.mp3,True,True,1,False,True,True
Demasiado tarde,Osvaldo Pugliese / Alberto Moran,1946-02-27,tango,Musica: Francisco Troppoli - Letra: Agustín Horacio Delamónica,D:\Dropbox\TDJ\MUSICA\Osvaldo LA YUMBA\- PUGLIESE\Kiko pugli\Osvaldo Pugliese - 1946 - Todas sus grabaciones\Osvaldo Pugliese   Alberto Morán-Demasiado tarde.mp3,True,True,1,False,True,True
Y volvemos a querernos,Osvaldo Pugliese / Alberto Moran,1949-05-31,tango,Musica: Luciano Leocata - Letra: Abel Aznar,D:\Dropbox\TDJ\MUSICA\Osvaldo LA YUMBA\- PUGLIESE\Kiko pugli\Osvaldo Pugliese - 1948 - 1949 - Todas sus grabaciones\09- Y volvemos a querernos - de Leocata y Aznar - Alberto Moran - 1949.mp3,True,True,1,False,True,True
Una vez,Osvaldo Pugliese / Alberto Moran,1946-11-08,tango,Musica: Osvaldo Pugliese - Letra: Cátulo Castillo,D:\Dropbox\TDJ\MUSICA\Osvaldo LA YUMBA\- PUGLIESE\Kiko pugli\Osvaldo Pugliese - 1946 - Todas sus grabaciones\14- una vez - alberto moran - pugliese y catulo castillo - 1946.mp3,True,True,1,False,True,True
Barro,Osvaldo Pugliese / Alberto Moran,1951-05-22,tango,Musica: Osvaldo Pugliese - Letra: Horacio Sanguinetti,D:\Dropbox\TDJ\MUSICA\Osvaldo LA YUMBA\- PUGLIESE\Kiko pugli\Osvaldo Pugliese - 1951 - 1952 - Todas sus grabaciones\01-barro-moran-pugliese y basterra-1951.mp3,True,True,1,False,True,True
Cadenas,Osvaldo Pugliese / Alberto Moran,1950-06-30,tango,Musica: Luis Rubistein - Letra: Luis Rubistein,D:\Dropbox\TDJ\MUSICA\Osvaldo LA YUMBA\- PUGLIESE\Kiko pugli\Osvaldo Pugliese - 1950 - Todas sus grabaciones\08-Cadenas- alberto moran - rubinstein - 1950.mp3,True,True,1,False,True,True
Descorazonado,Osvaldo Pugliese / Alberto Moran,1949-10-25,tango,Musica: Oscar Herrero - Letra: Marvil,D:\Dropbox\TDJ\MUSICA\Osvaldo LA YUMBA\- PUGLIESE\Kiko pugli\Osvaldo Pugliese - 1948 - 1949 - Todas sus grabaciones\14- Descorazonado - de Herrero y marefil - Alberto Moran - 1949.mp3,True,True,1,False,True,True
San José de Flores,Osvaldo Pugliese / Alberto Moran,1953-07-14,tango,Musica: Armando Acquarone - Letra: Enrique Gaudino,D:\Dropbox\TDJ\MUSICA\Osvaldo LA YUMBA\- PUGLIESE\Kiko pugli\Osvaldo Pugliese - 1953 - 1954 - Todas sus grabaciones\04-San José de Flores-pugliese-morán- Acquarone-Gaudino- 1953.mp3,True,True,1,False,True,True
Cobardia,Osvaldo Pugliese / Alberto Moran,1950-10-24,tango,Musica: Charlo - Letra: Luis César Amadori,D:\Dropbox\TDJ\MUSICA\Osvaldo LA YUMBA\- PUGLIESE\- Pugliese  cantado\Osvaldo Pugliese   Alberto Morán-Cobardia.mp3,True,True,1,False,True,True
Desvelo (De flor en flor),Osvaldo Pugliese / Alberto Moran,1953-08-06,tango,Musica: Eduardo Bonessi - Letra: Enrique Cadícamo,D:\Dropbox\TDJ\MUSICA\Osvaldo LA YUMBA\- PUGLIESE\Kiko pugli\Osvaldo Pugliese - 1953 - 1954 - Todas sus grabaciones\06-Desvelo- pugliese-morán- bonessi y cadicamo- 1953.mp3,True,True,1,False,True,True
Hoy al recordarla,Osvaldo Pugliese / Alberto Moran,1945-12-18,tango,Musica: José Canet - Letra: José Canet,D:\Dropbox\TDJ\MUSICA\Eduardo\7\06 Hoy Al Recordarla    -esu128.mp3,True,True,1,False,True,True
La mentirosa,Osvaldo Pugliese / Alberto Moran,1954-03-17,tango,Musica: Anselmo Aieta - Letra: Francisco García Jiménez,D:\Dropbox\TDJ\MUSICA\Eduardo\5\La Mentirosa  -esu128 ok.mp3,True,True,1,False,True,True
La mentirosa,Osvaldo Pugliese / Alberto Moran,1954-03-17,tango,Musica: Anselmo Aieta - Letra: Francisco García Jiménez,D:\Dropbox\TDJ\MUSICA\Eduardo\5\La Mentirosa  1  -esu320(128) ok.mp3,True,True,1,False,True,True
Por pecadora,Osvaldo Pugliese / Alberto Moran,1952-10-09,tango,Musica: Juan Caldarella - Letra: Mario Soto,D:\Dropbox\TDJ\MUSICA\Eduardo\7\06 Por Pecadora.mp3,True,True,1,False,True,True
Manos adoradas,Osvaldo Pugliese / Alberto Moran,1952-11-18,tango vals,Musica: Roberto Rufino - Letra: Horacio Sanguinetti,D:\Dropbox\TDJ\MUSICA\Eduardo\2\08 Manos Adoradas.mp3,True,True,1,False,True,True
La última copa,Osvaldo Pugliese / Alberto Moran,1953-10-06,tango,Musica: Francisco Canaro - Letra: Juan Andrés Caruso,D:\Dropbox\TDJ\MUSICA\Eduardo\6\16 La Ultima Copa.mp3,True,True,1,False,True,True
San José de Flores,Osvaldo Pugliese / Alberto Moran,1953-07-14,tango,Musica: Armando Acquarone - Letra: Enrique Gaudino,"D:\Dropbox\TDJ\MUSICA\Edmundo\Pugliese\Osvaldo Pugliese, Alberto Morán - San José De Flores.mp3",True,True,1,False,True,True
San José de Flores,Osvaldo Pugliese / Alberto Moran,1953-07-14,tango,Musica: Armando Acquarone - Letra: Enrique Gaudino,"D:\Dropbox\TDJ\MUSICA\Edmundo\Pugliese\Osvaldo Pugliese, Alberto Moran - San José De Flores.flac",True,True,1,False,True,True
San José de Flores,Osvaldo Pugliese / Alberto Moran,1953-07-14,tango,Musica: Armando Acquarone - Letra: Enrique Gaudino,D:\Dropbox\TDJ\MUSICA\Eduardo\2\10 San José De Flores.mp3,True,True,1,False,True,True
Desvelo (De flor en flor),Osvaldo Pugliese / Alberto Moran,1953-08-06,tango,Musica: Eduardo Bonessi - Letra: Enrique Cadícamo,D:\Dropbox\TDJ\MUSICA\Eduardo\2\11 Desvelo (De Flor En Flor).mp3,True,True,1,False,True,True
Hacelo por la vieja,Osvaldo Pugliese / Alberto Moran,1950-03-29,tango,Musica: Rodolfo Sciammarella - Letra: Carlos Viván y Héctor Bonatti,D:\Dropbox\TDJ\MUSICA\Eva\Compilations\Cantan Alberto Moran y Roberto Chanel\02 Hacelo Por La Vieja.m4a,True,True,1,False,True,True
El abrojito,Osvaldo Pugliese / Alberto Moran,1945-07-24,tango,Musica: Luis Bernstein - Letra: Jesús Fernández Blanco,"D:\Dropbox\TDJ\MUSICA\Edmundo\Pugliese\Osvaldo Pugliese, Alberto Moran - El abrojito 1.flac",True,True,1,False,True,True
Dos que se aman,Osvaldo Pugliese / Alberto Moran,1948-09-15,tango vals,Musica: Antonio Tormo - Letra: Manuel María Flores,D:\Dropbox\TDJ\MUSICA\Eva\Compilations\Coleccion M. Orlando Vol 10\22 Dos Que Se Aman.m4a,True,True,1,False,True,True
Ahora no me conocés,Osvaldo Pugliese / Alberto Moran,1952-06-27,tango,Musica: Armando Baliotti - Letra: Carlos Giampetruzzi,D:\Dropbox\TDJ\MUSICA\Eduardo\3\Ahora No Me Conoces.mp3,True,True,1,False,True,True
Yuyo Verde,Osvaldo Pugliese / Alberto Moran,1945-01-25,tango,Musica: Domingo Federico - Letra: Homero Expósito,D:\Dropbox\TDJ\MUSICA\Eduardo\6\23 Yuyo Verde.mp3,True,True,1,False,True,True
La última copa,Osvaldo Pugliese / Alberto Moran,1953-10-06,tango,Musica: Francisco Canaro - Letra: Juan Andrés Caruso,"D:\Dropbox\TDJ\MUSICA\Edmundo\Pugliese\Osvaldo Pugliese, Alberto Morán - La Última Copa.mp3",True,True,1,False,True,True
Manos adoradas,Osvaldo Pugliese / Alberto Moran,1952-11-18,tango vals,Musica: Roberto Rufino - Letra: Horacio Sanguinetti,D:\Dropbox\TDJ\MUSICA\Eduardo\4\Manos Adoradas.mp3,True,True,1,False,True,True
Por qué no has venido,Osvaldo Pugliese / Alberto Moran,1945-12-03,tango,Musica: Pedro Maffia - Letra: Julio Navarrine,D:\Dropbox\TDJ\MUSICA\Eduardo\4\Por Que No has Venido.mp3,True,True,1,False,True,True
El abrojito,Osvaldo Pugliese / Alberto Moran,1945-07-24,tango,Musica: Luis Bernstein - Letra: Jesús Fernández Blanco,D:\Dropbox\TDJ\MUSICA\Eduardo\1\El Abrojito -  1_3-3_4-4_2.mp3,True,True,1,False,True,True
Barro,Osvaldo Pugliese / Alberto Moran,1951-05-22,tango,Musica: Osvaldo Pugliese - Letra: Horacio Sanguinetti,D:\Dropbox\TDJ\MUSICA\Eduardo\3\Barro  1 - esu320 ok 1.mp3,True,True,1,False,True,True
Cadenas,Osvaldo Pugliese / Alberto Moran,1950-06-30,tango,Musica: Luis Rubistein - Letra: Luis Rubistein,D:\Dropbox\TDJ\MUSICA\Eduardo\3\Cadenas   1 - esu320 ok.mp3,True,True,1,False,True,True
Cobardia,Osvaldo Pugliese / Alberto Moran,1950-10-24,tango,Musica: Charlo - Letra: Luis César Amadori,D:\Dropbox\TDJ\MUSICA\Eduardo\3\Cobardia    1 - esu320 ok otra.mp3,True,True,1,False,True,True
Cobardia,Osvaldo Pugliese / Alberto Moran,1950-10-24,tango,Musica: Charlo - Letra: Luis César Amadori,D:\Dropbox\TDJ\MUSICA\Eduardo\3\Cobardia  1 - esu320 ok.mp3,True,True,1,False,True,True
Demasiado tarde,Osvaldo Pugliese / Alberto Moran,1946-02-27,tango,Musica: Francisco Troppoli - Letra: Agustín Horacio Delamónica,D:\Dropbox\TDJ\MUSICA\Eduardo\3\Demasiado Tarde   1 - esu320 ok.mp3,True,True,1,False,True,True
Dos que se aman,Osvaldo Pugliese / Alberto Moran,1948-09-15,tango vals,Musica: Antonio Tormo - Letra: Manuel María Flores,D:\Dropbox\TDJ\MUSICA\Eduardo\1\Dos Que Se Aman   1 - esu124.mp3,True,True,1,False,True,True
Hoy al recordarla,Osvaldo Pugliese / Alberto Moran,1945-12-18,tango,Musica: José Canet - Letra: José Canet,D:\Dropbox\TDJ\MUSICA\Eduardo\5\Hoy Al Recordarla 1 - esu320 ok.mp3,True,True,1,False,True,True
Ilusión marina,Osvaldo Pugliese / Alberto Moran,1947-01-28,tango vals,Musica: Antonio Sureda - Letra: Gerónimo Sureda,D:\Dropbox\TDJ\MUSICA\Eduardo\5\Ilusión Marina    1 - esu184.mp3,True,True,1,False,True,True
Ilusión marina,Osvaldo Pugliese / Alberto Moran,1947-01-28,tango vals,Musica: Antonio Sureda - Letra: Gerónimo Sureda,D:\Dropbox\TDJ\MUSICA\Eduardo\5\Ilusión Marina RR ok   -  1_3.mp3,True,True,1,False,True,True
Mentira,Osvaldo Pugliese / Alberto Moran,1945-09-24,tango,Musica: Francisco Pracánico - Letra: Celedonio Flores,D:\Dropbox\TDJ\MUSICA\Eduardo\4\Mentira 1 - esu320 ok.mp3,True,True,1,False,True,True
Mentira,Osvaldo Pugliese / Alberto Moran,1945-09-24,tango,Musica: Francisco Pracánico - Letra: Celedonio Flores,D:\Dropbox\TDJ\MUSICA\Eduardo\4\Mentira   1 - esu320 ok 1 otra.mp3,True,True,1,False,True,True
No me escribas,Osvaldo Pugliese / Alberto Moran,1946-07-31,tango,Musica: Agustín Bardi - Letra: Juan Andrés Caruso,D:\Dropbox\TDJ\MUSICA\Eduardo\4\No Me Escribas 1 - esu320 ok Pelin.mp3,True,True,1,False,True,True
Pasional,Osvaldo Pugliese / Alberto Moran,1951-07-31,tango,Musica: Jorge Caldara - Letra: Mario Soto,D:\Dropbox\TDJ\MUSICA\Eduardo\1\Pasional  1 - esu320 ok.mp3,True,True,1,False,True,True
Quiero verte una vez más,Osvaldo Pugliese / Alberto Moran,1950-03-07,tango,Musica: Mario Canaro - Letra: José María Contursi,D:\Dropbox\TDJ\MUSICA\Eduardo\4\Quiero Verte Una Vez Más 1-esu320 ok.mp3,True,True,1,False,True,True
Y mientes todavía,Osvaldo Pugliese / Alberto Moran,1950-07-26,tango,Musica: Luciano Leocata - Letra: Abel Aznar,D:\Dropbox\TDJ\MUSICA\Eduardo\4\Y Mientes Todavia  1 - esu320 ok.mp3,True,True,1,False,True,True
El abrojito,Osvaldo Pugliese / Alberto Moran,1945-07-24,tango,Musica: Luis Bernstein - Letra: Jesús Fernández Blanco,D:\Dropbox\TDJ\MUSICA\Eduardo\1\El Abrojito    1 - esu189ok.mp3,True,True,1,False,True,True
Mentira,Osvaldo Pugliese / Alberto Moran,1945-09-24,tango,Musica: Francisco Pracánico - Letra: Celedonio Flores,D:\Dropbox\TDJ\MUSICA\Eduardo\4\Mentira      1 - esu179 ok.mp3,True,True,1,False,True,True
No me escribas,Osvaldo Pugliese / Alberto Moran,1946-07-31,tango,Musica: Agustín Bardi - Letra: Juan Andrés Caruso,D:\Dropbox\TDJ\MUSICA\Eduardo\4\No Me Escribas   1 - esu182ok.mp3,True,True,1,False,True,True
Por qué no has venido,Osvaldo Pugliese / Alberto Moran,1945-12-03,tango,Musica: Pedro Maffia - Letra: Julio Navarrine,D:\Dropbox\TDJ\MUSICA\Eduardo\4\Porqué No Has Venido    1 - esu142 o.mp3,True,True,1,False,True,True
Sin palabras,Osvaldo Pugliese / Alberto Moran,1947-01-02,tango,Musica: Mariano Mores - Letra: Enrique Santos Discepolo,D:\Dropbox\TDJ\MUSICA\Eduardo\4\Sin Palabras      1 - esu186.mp3,True,True,1,False,True,True
Una vez,Osvaldo Pugliese / Alberto Moran,1946-11-08,tango,Musica: Osvaldo Pugliese - Letra: Cátulo Castillo,D:\Dropbox\TDJ\MUSICA\Eduardo\4\Una Vez      1 - esu181ok.mp3,True,True,1,False,True,True
Yuyo Verde,Osvaldo Pugliese / Alberto Moran,1945-01-25,tango,Musica: Domingo Federico - Letra: Homero Expósito,D:\Dropbox\TDJ\MUSICA\Eduardo\4\Yuyo Verde    1 - esu180.mp3,True,True,1,False,True,True
Hoy al recordarla,Osvaldo Pugliese / Alberto Moran,1945-12-18,tango,Musica: José Canet - Letra: José Canet,D:\Dropbox\TDJ\MUSICA\Eduardo\5\Hoy Al Recordarla  1 - esu320 ok AU.mp3,True,True,1,False,True,True
Yuyo Verde,Osvaldo Pugliese / Alberto Moran,1945-01-25,tango,Musica: Domingo Federico - Letra: Homero Expósito,D:\Dropbox\TDJ\MUSICA\Eduardo\4\Yuyo Verde   - esu320.mp3,True,True,1,False,True,True
Príncipe,Osvaldo Pugliese / Alberto Moran,1946-03-28,tango,Musica: Anselmo Aieta y Rafael Tuegols - Letra: Francisco García Jiménez,D:\Dropbox\TDJ\MUSICA\Eduardo\2\13 Príncipe.mp3,True,True,1,False,True,True
Una vez,Osvaldo Pugliese / Alberto Moran,1946-11-08,tango,Musica: Osvaldo Pugliese - Letra: Cátulo Castillo,D:\Dropbox\TDJ\MUSICA\Eduardo\6\14 Una Vez       esu-159.mp3,True,True,1,False,True,True
El abrojito,Osvaldo Pugliese / Alberto Moran,1945-07-24,tango,Musica: Luis Bernstein - Letra: Jesús Fernández Blanco,"D:\Dropbox\TDJ\MUSICA\Edmundo\Pugliese\Osvaldo Pugliese, Alberto Moran - El Abrojito.flac",True,True,1,False,True,True
Maleza,Osvaldo Pugliese / Alberto Moran,1945-05-28,tango,Musica: Enrique Munné - Letra: Cátulo Castillo,"D:\Dropbox\TDJ\MUSICA\Edmundo\Pugliese\Osvaldo Pugliese, Alberto Moran - Maleza.flac",True,True,1,False,True,True
El abrojito,Osvaldo Pugliese / Alberto Moran,1945-07-24,tango,Musica: Luis Bernstein - Letra: Jesús Fernández Blanco,"D:\Dropbox\TDJ\MUSICA\Edmundo\Pugliese\Osvaldo Pugliese, Alberto Moran - El abrojito 3.flac",True,True,1,False,True,True
Mentira,Osvaldo Pugliese / Alberto Moran,1945-09-24,tango,Musica: Francisco Pracánico - Letra: Celedonio Flores,"D:\Dropbox\TDJ\MUSICA\Edmundo\Pugliese\Osvaldo Pugliese, Alberto Moran - Mentira.flac",True,True,1,False,True,True
Por qué no has venido,Osvaldo Pugliese / Alberto Moran,1945-12-03,tango,Musica: Pedro Maffia - Letra: Julio Navarrine,"D:\Dropbox\TDJ\MUSICA\Edmundo\Pugliese\Osvaldo Pugliese, Alberto Moran - Por que no has venido.flac",True,True,1,False,True,True
Demasiado tarde,Osvaldo Pugliese / Alberto Moran,1946-02-27,tango,Musica: Francisco Troppoli - Letra: Agustín Horacio Delamónica,"D:\Dropbox\TDJ\MUSICA\Edmundo\Pugliese\Osvaldo Pugliese, Alberto Moran - Demasiado tarde.flac",True,True,1,False,True,True
El abrojito,Osvaldo Pugliese / Alberto Moran,1945-07-24,tango,Musica: Luis Bernstein - Letra: Jesús Fernández Blanco,"D:\Dropbox\TDJ\MUSICA\Edmundo\Pugliese\Osvaldo Pugliese, Alberto Morán - El Abrojito.mp3",True,True,1,False,True,True
Yuyo Verde,Osvaldo Pugliese / Alberto Moran,1945-01-25,tango,Musica: Domingo Federico - Letra: Homero Expósito,"D:\Dropbox\TDJ\MUSICA\Edmundo\Pugliese\Osvaldo Pugliese, Alberto Morán - Yuyo Verde.mp3",True,True,1,False,True,True
Ahora no me conocés,Osvaldo Pugliese / Alberto Moran,1952-06-27,tango,Musica: Armando Baliotti - Letra: Carlos Giampetruzzi,"D:\Dropbox\TDJ\MUSICA\Edmundo\Pugliese\Osvaldo Pugliese, Alberto Moran - Ahora no me conoces.flac",True,True,1,False,True,True
San José de Flores,Osvaldo Pugliese / Alberto Moran,1953-07-14,tango,Musica: Armando Acquarone - Letra: Enrique Gaudino,"D:\Dropbox\TDJ\MUSICA\Edmundo\Pugliese\Osvaldo Pugliese, Alberto Moran - San jose de flores.flac",True,True,1,False,True,True
La última copa,Osvaldo Pugliese / Alberto Moran,1953-10-06,tango,Musica: Francisco Canaro - Letra: Juan Andrés Caruso,"D:\Dropbox\TDJ\MUSICA\Edmundo\Pugliese\Osvaldo Pugliese, Alberto Moran - La ultima copa.flac",True,True,1,False,True,True
Porque no te tengo más,Osvaldo Pugliese / Alberto Moran,1954-01-05,tango,Musica: Oscar Herrero  (Oscar Luis Herrero) - Letra: Marvil,"D:\Dropbox\TDJ\MUSICA\Edmundo\Pugliese\Osvaldo Pugliese, Alberto Moran - Porque no te tengo más.flac",True,True,1,False,True,True
El abrojito,Osvaldo Pugliese / Alberto Moran,1945-07-24,tango,Musica: Luis Bernstein - Letra: Jesús Fernández Blanco,"D:\Dropbox\TDJ\MUSICA\Edmundo\Pugliese\Osvaldo Pugliese, Alberto Moran - El abrojito 2.flac",True,True,1,False,True,True
Pasional,Osvaldo Pugliese / Alberto Moran,1951-07-31,tango,Musica: Jorge Caldara - Letra: Mario Soto,D:\Dropbox\TDJ\MUSICA\Eva\Osvaldo Pugliese\La Yumba\03 Pasional.m4a,True,True,1,False,True,True
Por qué no has venido,Osvaldo Pugliese / Alberto Moran,1945-12-03,tango,Musica: Pedro Maffia - Letra: Julio Navarrine,D:\Dropbox\TDJ\MUSICA\Eduardo\7\04 Por Qué No Has Venido.mp3,True,True,1,False,True,True
San José de Flores,Osvaldo Pugliese / Alberto Moran,1953-07-14,tango,Musica: Armando Acquarone - Letra: Enrique Gaudino,D:\Dropbox\TDJ\MUSICA\Eva\Osvaldo Pugliese\La Yumba\06 San Jose De Flores.m4a,True,True,1,False,True,True
El abrojito,Osvaldo Pugliese / Alberto Moran,1945-07-24,tango,Musica: Luis Bernstein - Letra: Jesús Fernández Blanco,D:\Dropbox\TDJ\MUSICA\Eva\Osvaldo Pugliese\La Yumba\08 El Abrojito.m4a,True,True,1,False,True,True
Dos ojos tristes,Osvaldo Pugliese / Alberto Moran,1946-05-27,tango,Musica: Oscar de la Fuente - Letra: Luis Rubistein,D:\Dropbox\TDJ\MUSICA\Eduardo\2\10 Dos Ojos Tristes.mp3,True,True,1,False,True,True
Barro,Osvaldo Pugliese / Alberto Moran,1951-05-22,tango,Musica: Osvaldo Pugliese - Letra: Horacio Sanguinetti,D:\Dropbox\TDJ\MUSICA\Eva\Osvaldo Pugliese\La Yumba\11 Barro.m4a,True,True,1,False,True,True
Desilusión,Osvaldo Pugliese / Alberto Moran,1947-04-28,tango,Musica: Lito Bayardo - Letra: Lito Bayardo,D:\Dropbox\TDJ\MUSICA\Eduardo\6\18 Desilusión.mp3,True,True,1,False,True,True
De vuelta al bulín,Osvaldo Pugliese / Alberto Moran,1951-05-22,tango,Musica: José Martinez - Letra: Pascual Contursi,D:\Dropbox\TDJ\MUSICA\Camilo Gatica\Osvaldo Pugliese\Compilados\Odeón (1943-1960)\Osvaldo Pugliese - Cantan Alberto Morán y Roberto Chanel (1944-1954)\01.José Martínez & Pascual Contursi- De vuelta al bulín (1951).flac,True,True,1,False,True,True
Hacelo por la vieja,Osvaldo Pugliese / Alberto Moran,1950-03-29,tango,Musica: Rodolfo Sciammarella - Letra: Carlos Viván y Héctor Bonatti,"D:\Dropbox\TDJ\MUSICA\Camilo Gatica\Osvaldo Pugliese\Compilados\Odeón (1943-1960)\Osvaldo Pugliese - Cantan Alberto Morán y Roberto Chanel (1944-1954)\02.Rodolfo Sciammarella & Héctor Bonatti, Carlos Viván - Hacélo por la vieja (1950).flac",True,True,1,False,True,True
El mate amargo,Osvaldo Pugliese / Alberto Moran,1951-06-27,tango,Musica: Oscar Herrero - Letra: Marvil,D:\Dropbox\TDJ\MUSICA\Camilo Gatica\Osvaldo Pugliese\Compilados\Odeón (1943-1960)\Osvaldo Pugliese - Cantan Alberto Morán y Roberto Chanel (1944-1954)\03.Oscar Herrero & Mavil - El mate amargo (1951).flac,True,True,1,False,True,True
El cielo en las manos,Osvaldo Pugliese / Alberto Moran,1951-10-02,tango,Musica: Astor Piazzolla - Letra: Homero Cárpena,D:\Dropbox\TDJ\MUSICA\Camilo Gatica\Osvaldo Pugliese\Compilados\Odeón (1943-1960)\Osvaldo Pugliese - Cantan Alberto Morán y Roberto Chanel (1944-1954)\05.Astor Piazzolla & Homero Cárpena - El cielo en las manos (1951).flac,True,True,1,False,True,True
Por pecadora,Osvaldo Pugliese / Alberto Moran,1952-10-09,tango,Musica: Juan Caldarella - Letra: Mario Soto,D:\Dropbox\TDJ\MUSICA\Camilo Gatica\Osvaldo Pugliese\Compilados\Odeón (1943-1960)\Osvaldo Pugliese - Cantan Alberto Morán y Roberto Chanel (1944-1954)\06.Juan Caldarella & Mario Soto - Por pecadora (1952).flac,True,True,1,False,True,True
La mentirosa,Osvaldo Pugliese / Alberto Moran,1954-03-17,tango,Musica: Anselmo Aieta - Letra: Francisco García Jiménez,D:\Dropbox\TDJ\MUSICA\Camilo Gatica\Osvaldo Pugliese\Compilados\Odeón (1943-1960)\Osvaldo Pugliese - Cantan Alberto Morán y Roberto Chanel (1944-1954)\07.Anselmo Aieta & Francisco García Jiménez - La mentirosa (1954).flac,True,True,1,False,True,True
Y mientes todavía,Osvaldo Pugliese / Alberto Moran,1950-07-26,tango,Musica: Luciano Leocata - Letra: Abel Aznar,D:\Dropbox\TDJ\MUSICA\Camilo Gatica\Osvaldo Pugliese\Compilados\Odeón (1943-1960)\Osvaldo Pugliese - Cantan Alberto Morán y Roberto Chanel (1944-1954)\08.Luciano Leocata & Abel Aznar - Y mientes todavía (1950).flac,True,True,1,False,True,True
Yuyo Verde,Osvaldo Pugliese / Alberto Moran,1945-01-25,tango,Musica: Domingo Federico - Letra: Homero Expósito,"D:\Dropbox\TDJ\MUSICA\Edmundo\Pugliese\Osvaldo Pugliese, Alberto Morán - Yuyo Verde.flac",True,True,1,False,True,True
Yuyo Verde,Osvaldo Pugliese / Alberto Moran,1945-01-25,tango,Musica: Domingo Federico - Letra: Homero Expósito,D:\Dropbox\TDJ\MUSICA\Camilo Gatica\Osvaldo Pugliese\Compilados\Odeón (1943-1960)\Osvaldo Pugliese - Edicion Aniversario (CD.1) (1943-1950)\09.Domingo Federico & Homero Expósito - Yuyo verde (1945).flac,True,True,1,False,True,True
Una vez,Osvaldo Pugliese / Alberto Moran,1946-11-08,tango,Musica: Osvaldo Pugliese - Letra: Cátulo Castillo,"D:\Dropbox\TDJ\MUSICA\Edmundo\Pugliese\Osvaldo Pugliese, Alberto Morán - Una Vez.flac",True,True,1,False,True,True
Una vez,Osvaldo Pugliese / Alberto Moran,1946-11-08,tango,Musica: Osvaldo Pugliese - Letra: Cátulo Castillo,D:\Dropbox\TDJ\MUSICA\Camilo Gatica\Osvaldo Pugliese\Compilados\Odeón (1943-1960)\Osvaldo Pugliese - Edicion Aniversario (CD.1) (1943-1950)\15.Osvaldo Pugliese & Cátulo Castillo - Una vez (1946).flac,True,True,1,False,True,True
Descorazonado,Osvaldo Pugliese / Alberto Moran,1949-10-25,tango,Musica: Oscar Herrero - Letra: Marvil,D:\Dropbox\TDJ\MUSICA\Camilo Gatica\Osvaldo Pugliese\Compilados\Odeón (1943-1960)\Osvaldo Pugliese - Edicion Aniversario (CD.1) (1943-1950)\24.Oscar Luís Herrero & Marvil - Descorazonado (1949).flac,True,True,1,False,True,True
Barro,Osvaldo Pugliese / Alberto Moran,1951-05-22,tango,Musica: Osvaldo Pugliese - Letra: Horacio Sanguinetti,D:\Dropbox\TDJ\MUSICA\Camilo Gatica\Osvaldo Pugliese\Compilados\Odeón (1943-1960)\Osvaldo Pugliese - Edicion Aniversario (CD.2) (1950-1956)\05.Osvaldo Pugliese & Horacio Sanguinetti - Barro (1951).flac,True,True,1,False,True,True
El mate amargo,Osvaldo Pugliese / Alberto Moran,1951-06-27,tango,Musica: Oscar Herrero - Letra: Marvil,D:\Dropbox\TDJ\MUSICA\Camilo Gatica\Osvaldo Pugliese\Compilados\Odeón (1943-1960)\Osvaldo Pugliese - Edicion Aniversario (CD.2) (1950-1956)\07.Oscar Luis Herrero & Marvil - El mate amargo (1951).flac,True,True,1,False,True,True
Pasional,Osvaldo Pugliese / Alberto Moran,1951-07-31,tango,Musica: Jorge Caldara - Letra: Mario Soto,D:\Dropbox\TDJ\MUSICA\Camilo Gatica\Osvaldo Pugliese\Compilados\Odeón (1943-1960)\Osvaldo Pugliese - Edicion Aniversario (CD.2) (1950-1956)\09.Jorge Caldara & Mario Soto - Pasional (1951).flac,True,True,1,False,True,True
Por pecadora,Osvaldo Pugliese / Alberto Moran,1952-10-09,tango,Musica: Juan Caldarella - Letra: Mario Soto,D:\Dropbox\TDJ\MUSICA\Camilo Gatica\Osvaldo Pugliese\Compilados\Odeón (1943-1960)\Osvaldo Pugliese - Edicion Aniversario (CD.2) (1950-1956)\14.Jorge Caldara & Mario Soto - Por pecadora (1952).flac,True,True,1,False,True,True
Porque no te tengo más,Osvaldo Pugliese / Alberto Moran,1954-01-05,tango,Musica: Oscar Herrero  (Oscar Luis Herrero) - Letra: Marvil,D:\Dropbox\TDJ\MUSICA\Camilo Gatica\Osvaldo Pugliese\Compilados\Odeón (1943-1960)\Osvaldo Pugliese - Edicion Aniversario (CD.2) (1950-1956)\17.Oscar Herrero & Marvil - Porqué no te tengo más (1954).flac,True,True,1,False,True,True
No quiero perderte,Osvaldo Pugliese / Alberto Moran,1954-03-17,tango,Musica: Enrique Camerano - Letra: Alberto Morán,D:\Dropbox\TDJ\MUSICA\Camilo Gatica\Osvaldo Pugliese\Compilados\Odeón (1943-1960)\Osvaldo Pugliese - Edicion Aniversario (CD.2) (1950-1956)\19.Enrique Camerano & Alberto Morán - No quiero perderte (1954).flac,True,True,1,False,True,True
El abrojito,Osvaldo Pugliese / Alberto Moran,1945-07-24,tango,Musica: Luis Bernstein - Letra: Jesús Fernández Blanco,D:\Dropbox\TDJ\MUSICA\Camilo Gatica\Osvaldo Pugliese\Compilados\Odeón (1943-1960)\Osvaldo Pugliese - Sus éxitos con Alberto Morán (1945-1950)\01.Luis Bernstein & Luis Fernández Blanco - El abrojito (24-07-1945).flac,True,True,1,False,True,True
Yuyo Verde,Osvaldo Pugliese / Alberto Moran,1945-01-25,tango,Musica: Domingo Federico - Letra: Homero Expósito,D:\Dropbox\TDJ\MUSICA\Camilo Gatica\Osvaldo Pugliese\Compilados\Odeón (1943-1960)\Osvaldo Pugliese - Sus éxitos con Alberto Morán (1945-1950)\02.Domingo Federico & Homero Expósito - Yuyo verde (25-10-1945).flac,False,False,1,False,False,True
Príncipe,Osvaldo Pugliese / Alberto Moran,1946-03-28,tango,Musica: Anselmo Aieta y Rafael Tuegols - Letra: Francisco García Jiménez,"D:\Dropbox\TDJ\MUSICA\Camilo Gatica\Osvaldo Pugliese\Compilados\Odeón (1943-1960)\Osvaldo Pugliese - Sus éxitos con Alberto Morán (1945-1950)\03.Anselmo Aieta, Rafael Tuegols & Francisco García Jiménez - Príncipe (28-03-1946).flac",True,True,1,False,True,True
No me escribas,Osvaldo Pugliese / Alberto Moran,1947-07-31,tango,Musica: Agustín Bardi - Letra: Juan Andrés Caruso,D:\Dropbox\TDJ\MUSICA\Camilo Gatica\Osvaldo Pugliese\Compilados\Odeón (1943-1960)\Osvaldo Pugliese - Sus éxitos con Alberto Morán (1945-1950)\04.Agustín Bardi & Juan Andrés Caruso - No me escribas (31-07-1947).flac,True,True,1,False,True,False
Sin palabras,Osvaldo Pugliese / Alberto Moran,1947-01-02,tango,Musica: Mariano Mores - Letra: Enrique Santos Discepolo,D:\Dropbox\TDJ\MUSICA\Camilo Gatica\Osvaldo Pugliese\Compilados\Odeón (1943-1960)\Osvaldo Pugliese - Sus éxitos con Alberto Morán (1945-1950)\05.Mariano Mores & Enrique Discépolo - Sin palabras (02-01-1947).flac,True,True,1,False,True,True
Maleza,Osvaldo Pugliese / Alberto Moran,1945-05-28,tango,Musica: Enrique Munné - Letra: Cátulo Castillo,D:\Dropbox\TDJ\MUSICA\Camilo Gatica\Osvaldo Pugliese\Compilados\Odeón (1943-1960)\Osvaldo Pugliese - Sus éxitos con Alberto Morán (1945-1950)\06.Enrique Munne & Cátulo Castillo - Maleza (28-05-1945).flac,True,True,1,False,True,True
Ilusión marina,Osvaldo Pugliese / Alberto Moran,1947-01-28,tango vals,Musica: Antonio Sureda - Letra: Gerónimo Sureda,D:\Dropbox\TDJ\MUSICA\Camilo Gatica\Osvaldo Pugliese\Compilados\Odeón (1943-1960)\Osvaldo Pugliese - Sus éxitos con Alberto Morán (1945-1950)\07.Antonio Sureda & Gerónimo Sureda - Ilusión marina (28-01-1947).flac,True,True,1,False,True,True
Mentira,Osvaldo Pugliese / Alberto Moran,1945-09-24,tango,Musica: Francisco Pracánico - Letra: Celedonio Flores,D:\Dropbox\TDJ\MUSICA\Camilo Gatica\Osvaldo Pugliese\Compilados\Odeón (1943-1960)\Osvaldo Pugliese - Sus éxitos con Alberto Morán (1945-1950)\08.Francisco Pracánico & Celedonio Flores - Mentira (24-09-1945).flac,True,True,1,False,True,True
Demasiado tarde,Osvaldo Pugliese / Alberto Moran,1946-02-27,tango,Musica: Francisco Troppoli - Letra: Agustín Horacio Delamónica,D:\Dropbox\TDJ\MUSICA\Camilo Gatica\Osvaldo Pugliese\Compilados\Odeón (1943-1960)\Osvaldo Pugliese - Sus éxitos con Alberto Morán (1945-1950)\09.Francisco Troppoli & Agustín Horacio Delamónica - Demasiado tarde (27-02-1946).flac,True,True,1,False,True,True
Una vez,Osvaldo Pugliese / Alberto Moran,1946-11-08,tango,Musica: Osvaldo Pugliese - Letra: Cátulo Castillo,D:\Dropbox\TDJ\MUSICA\Camilo Gatica\Osvaldo Pugliese\Compilados\Odeón (1943-1960)\Osvaldo Pugliese - Sus éxitos con Alberto Morán (1945-1950)\10.Osvaldo Pugliese & Cátulo Castillo - Una vez (08-11-1946).flac,True,True,1,False,True,True
Pasional,Osvaldo Pugliese / Alberto Moran,1951-07-31,tango,Musica: Jorge Caldara - Letra: Mario Soto,D:\Dropbox\TDJ\MUSICA\Camilo Gatica\Osvaldo Pugliese\Compilados\Odeón (1943-1960)\Osvaldo Pugliese - Sus éxitos con Alberto Morán (1945-1950)\11.Jorge Caldara & Mario Soto - Pasional (31-07-1951).flac,True,True,1,False,True,True
Descorazonado,Osvaldo Pugliese / Alberto Moran,1949-10-25,tango,Musica: Oscar Herrero - Letra: Marvil,D:\Dropbox\TDJ\MUSICA\Camilo Gatica\Osvaldo Pugliese\Compilados\Odeón (1943-1960)\Osvaldo Pugliese - Sus éxitos con Alberto Morán (1945-1950)\12.Oscar Luís Herrero & Marvil - Descorazonado (25-10-1949).flac,True,True,1,False,True,True
Barro,Osvaldo Pugliese / Alberto Moran,1951-05-22,tango,Musica: Osvaldo Pugliese - Letra: Horacio Sanguinetti,D:\Dropbox\TDJ\MUSICA\Camilo Gatica\Osvaldo Pugliese\Compilados\Odeón (1943-1960)\Osvaldo Pugliese - Sus éxitos con Alberto Morán (1945-1950)\13.Osvaldo Pugliese & Horacio Sanguinetti - Barro (22-05-1951).flac,True,True,1,False,True,True
Cadenas,Osvaldo Pugliese / Alberto Moran,1950-06-30,tango,Musica: Luis Rubistein - Letra: Luis Rubistein,D:\Dropbox\TDJ\MUSICA\Camilo Gatica\Osvaldo Pugliese\Compilados\Odeón (1943-1960)\Osvaldo Pugliese - Sus éxitos con Alberto Morán (1945-1950)\14.Luis Rubistein - Cadenas (30-06-1950).flac,True,True,1,False,True,True
Frente a una copa,Osvaldo Pugliese / Alberto Moran,1949-05-04,tango,Musica: Francisco Amor - Letra: Elías Wainer,D:\Dropbox\TDJ\MUSICA\Camilo Gatica\Osvaldo Pugliese\Compilados\Odeón (1943-1960)\Osvaldo Pugliese - Sus éxitos con Alberto Morán (1945-1950)\15.Francisco Amor & Elías Wainer - Frente a una copa (04-05-1949).flac,True,True,1,False,True,True
San José de Flores,Osvaldo Pugliese / Alberto Moran,1953-07-14,tango,Musica: Armando Acquarone - Letra: Enrique Gaudino,D:\Dropbox\TDJ\MUSICA\Camilo Gatica\Osvaldo Pugliese\Compilados\Odeón (1943-1960)\Osvaldo Pugliese - Sus éxitos con Alberto Morán (1945-1950)\16.Armando Acquarone & Enrique Gaudino - San José de Flores (14-07-1953).flac,True,True,1,False,True,True
Y volvemos a querernos,Osvaldo Pugliese / Alberto Moran,1949-05-31,tango,Musica: Luciano Leocata - Letra: Abel Aznar,D:\Dropbox\TDJ\MUSICA\Camilo Gatica\Osvaldo Pugliese\Compilados\Odeón (1943-1960)\Osvaldo Pugliese - Sus éxitos con Alberto Morán (1945-1950)\17.Luciono Leocata & Abel Aznar - Y volveremos a querernos (31-05-1949).flac,True,True,1,False,True,True
Cobardia,Osvaldo Pugliese / Alberto Moran,1950-10-24,tango,Musica: Charlo - Letra: Luis César Amadori,D:\Dropbox\TDJ\MUSICA\Camilo Gatica\Osvaldo Pugliese\Compilados\Odeón (1943-1960)\Osvaldo Pugliese - Sus éxitos con Alberto Morán (1945-1950)\18.Charlo & Luis César Amadori - Cobardía (24-10-1950).flac,True,True,1,False,True,True
Cualquier cosa,Osvaldo Pugliese / Alberto Moran,1952-01-28,tango,Musica: Herminia Velich y Juan Velich - Letra: Herminia Velich y Juan Velich,D:\Dropbox\TDJ\MUSICA\Camilo Gatica\Osvaldo Pugliese\Compilados\Odeón (1943-1960)\Osvaldo Pugliese - Sus éxitos con Alberto Morán (1945-1950)\19.Juan Velich & Herminia Velich - Cualquier cosa (28-10-1952).flac,False,False,1,False,False,True
Desvelo (De flor en flor),Osvaldo Pugliese / Alberto Moran,1953-08-06,tango,Musica: Eduardo Bonessi - Letra: Enrique Cadícamo,D:\Dropbox\TDJ\MUSICA\Camilo Gatica\Osvaldo Pugliese\Compilados\Odeón (1943-1960)\Osvaldo Pugliese - Sus éxitos con Alberto Morán (1945-1950)\20.Eduardo Bonessi & Enrique Cadícamo - Desvelo (06-08-1953).flac,True,True,1,False,True,True
La última copa,Osvaldo Pugliese / Alberto Moran,1953-10-06,tango,Musica: Francisco Canaro - Letra: Juan Andrés Caruso,D:\Dropbox\TDJ\MUSICA\Camilo Gatica\Osvaldo Pugliese\Compilados\Odeón (1943-1960)\Osvaldo Pugliese - Sus éxitos con Alberto Moran Vol.2 (1945-1954)\01.Francisco Canaro & Juan Andrés Caruso - La última copa (1953).flac,True,True,1,False,True,True
Que nunca me falte,Osvaldo Pugliese / Alberto Moran,1951-12-06,tango,Musica: Héctor Morales - Letra: Héctor Marcó,D:\Dropbox\TDJ\MUSICA\Camilo Gatica\Osvaldo Pugliese\Compilados\Odeón (1943-1960)\Osvaldo Pugliese - Sus éxitos con Alberto Moran Vol.2 (1945-1954)\02.Héctor Morales & Héctor Marcó - Que nunca me falte (1951).flac,True,True,1,False,True,True
Ahora no me conocés,Osvaldo Pugliese / Alberto Moran,1952-06-27,tango,Musica: Armando Baliotti - Letra: Carlos Giampetruzzi,D:\Dropbox\TDJ\MUSICA\Camilo Gatica\Osvaldo Pugliese\Compilados\Odeón (1943-1960)\Osvaldo Pugliese - Sus éxitos con Alberto Moran Vol.2 (1945-1954)\03.Armando Baliotti & Carlos Giampé - Ahora no me conocés (1952).flac,True,True,1,False,True,True
Llevátelo todo,Osvaldo Pugliese / Alberto Moran,1950-11-24,tango,Musica: Rodolfo Sciammarella - Letra: Rodolfo Sciammarella,D:\Dropbox\TDJ\MUSICA\Camilo Gatica\Osvaldo Pugliese\Compilados\Odeón (1943-1960)\Osvaldo Pugliese - Sus éxitos con Alberto Moran Vol.2 (1945-1954)\04.Rodolfo Sciammarella - Llevátelo todo (1950).flac,True,True,1,False,True,True
No quiero perderte,Osvaldo Pugliese / Alberto Moran,1954-03-17,tango,Musica: Enrique Camerano - Letra: Alberto Morán,D:\Dropbox\TDJ\MUSICA\Camilo Gatica\Osvaldo Pugliese\Compilados\Odeón (1943-1960)\Osvaldo Pugliese - Sus éxitos con Alberto Moran Vol.2 (1945-1954)\05.Enrique Camerano & Alberto Morán - No quiero perderte (1954).flac,True,True,1,False,True,True
Quiero verte una vez más,Osvaldo Pugliese / Alberto Moran,1950-03-07,tango,Musica: Mario Canaro - Letra: José María Contursi,D:\Dropbox\TDJ\MUSICA\Camilo Gatica\Osvaldo Pugliese\Compilados\Odeón (1943-1960)\Osvaldo Pugliese - Sus éxitos con Alberto Moran Vol.2 (1945-1954)\06.Mario Canaro & José María Contursi - Quiero verte una vez más (1950).flac,True,True,1,False,True,True
Llamame,Osvaldo Pugliese / Alberto Moran,1950-11-24,tango,Musica: Ángel Domínguez - Letra: José Rótulo,D:\Dropbox\TDJ\MUSICA\Camilo Gatica\Osvaldo Pugliese\Compilados\Odeón (1943-1960)\Osvaldo Pugliese - Sus éxitos con Alberto Moran Vol.2 (1945-1954)\07.Ángel Domínguez & José Rótulo - Llámame (1950).flac,True,True,1,False,True,True
Porque no te tengo más,Osvaldo Pugliese / Alberto Moran,1954-01-05,tango,Musica: Oscar Herrero  (Oscar Luis Herrero) - Letra: Marvil,D:\Dropbox\TDJ\MUSICA\Camilo Gatica\Osvaldo Pugliese\Compilados\Odeón (1943-1960)\Osvaldo Pugliese - Sus éxitos con Alberto Moran Vol.2 (1945-1954)\08.Oscar Herrero & Marvil - Por qué no te tengo más (1954).flac,True,True,1,False,True,True
Dejame en paz,Osvaldo Pugliese / Alberto Moran,1948-04-06,tango,Musica: Américo Actis - Letra: Oscar Rubens,D:\Dropbox\TDJ\MUSICA\Camilo Gatica\Osvaldo Pugliese\Compilados\Odeón (1943-1960)\Osvaldo Pugliese - Sus éxitos con Alberto Moran Vol.2 (1945-1954)\10.Américo Actis & Oscar Rubens- Déjame en paz (1948).flac,True,True,1,False,True,True
Dos ojos tristes,Osvaldo Pugliese / Alberto Moran,1946-05-27,tango,Musica: Oscar de la Fuente - Letra: Luis Rubistein,D:\Dropbox\TDJ\MUSICA\Camilo Gatica\Osvaldo Pugliese\Compilados\Odeón (1943-1960)\Osvaldo Pugliese - Sus éxitos con Alberto Moran Vol.2 (1945-1954)\11.Oscar De la Fuente & Luis Rubistein - Dos ojos tristes (1946).flac,True,True,1,False,True,True
Hoy al recordarla,Osvaldo Pugliese / Alberto Moran,1945-12-18,tango,Musica: José Canet - Letra: José Canet,D:\Dropbox\TDJ\MUSICA\Camilo Gatica\Osvaldo Pugliese\Compilados\Odeón (1943-1960)\Osvaldo Pugliese - Sus éxitos con Alberto Moran Vol.2 (1945-1954)\12.José Canet - Hoy al recordarla (1945).flac,True,True,1,False,True,True
Cafetin,Osvaldo Pugliese / Alberto Moran,1947-03-27,tango,Musica: Argentino Galván - Letra: Homero Expósito,D:\Dropbox\TDJ\MUSICA\Camilo Gatica\Osvaldo Pugliese\Compilados\Odeón (1943-1960)\Osvaldo Pugliese - Sus éxitos con Alberto Moran Vol.2 (1945-1954)\13.Argentino Galván & Homero Expósito - Cafetín (1947).flac,True,True,1,False,True,True
Desilusión,Osvaldo Pugliese / Alberto Moran,1947-04-28,tango,Musica: Lito Bayardo - Letra: Lito Bayardo,D:\Dropbox\TDJ\MUSICA\Camilo Gatica\Osvaldo Pugliese\Compilados\Odeón (1943-1960)\Osvaldo Pugliese - Sus éxitos con Alberto Moran Vol.2 (1945-1954)\14.Lito Bayardo - Desilución (1947).flac,True,True,1,False,True,True
En secreto,Osvaldo Pugliese / Alberto Moran,1947-08-19,tango,Musica: Vicente Demarco - Letra: Alfredo Faustino Roldán,D:\Dropbox\TDJ\MUSICA\Camilo Gatica\Osvaldo Pugliese\Compilados\Odeón (1943-1960)\Osvaldo Pugliese - Sus éxitos con Alberto Moran Vol.2 (1945-1954)\15.Vicente Demarco & Alfredo Roldán - En secreto (1947).flac,True,True,1,False,True,True
Manos adoradas,Osvaldo Pugliese / Alberto Moran,1952-11-18,tango vals,Musica: Roberto Rufino - Letra: Horacio Sanguinetti,D:\Dropbox\TDJ\MUSICA\Camilo Gatica\Osvaldo Pugliese\Compilados\Odeón (1943-1960)\Osvaldo Pugliese - Sus éxitos con Alberto Moran Vol.2 (1945-1954)\16.Roberto Rufino & Horacio Sanguinetti - Manos adoradas (1952).flac,True,True,1,False,True,True
Por qué no has venido,Osvaldo Pugliese / Alberto Moran,1945-12-03,tango,Musica: Pedro Maffia - Letra: Julio Navarrine,D:\Dropbox\TDJ\MUSICA\Camilo Gatica\Osvaldo Pugliese\Compilados\Odeón (1943-1960)\Osvaldo Pugliese - Sus éxitos con Alberto Moran Vol.2 (1945-1954)\18.Pedro Maffia & Julio Navarrine - Por qué no has venido (1945).flac,True,True,1,False,True,True
Dos que se aman,Osvaldo Pugliese / Alberto Moran,1948-09-15,tango vals,Musica: Antonio Tormo - Letra: Manuel María Flores,D:\Dropbox\TDJ\MUSICA\Camilo Gatica\Osvaldo Pugliese\Compilados\Odeón (1943-1960)\Osvaldo Pugliese - Sus éxitos con Alberto Moran Vol.2 (1945-1954)\20.Antonio Tormo & Manuel María Flores - Dos que se aman (1948).flac,True,True,1,False,True,True
Barro,O. Pugliese,1952-12-03,tango,Musica: Osvaldo Pugliese - Letra: Horacio Sanguinetti,D:\Dropbox\TDJ\MUSICA\Camilo Gatica\Osvaldo Pugliese\Compilados\Odeón (1943-1960)\Osvaldo Pugliese - Tangos\02.Osvaldo Pugliese & Horacio Sanguinetti - Barro.flac,False,False,0,False,True,False
Pasional,J. Calmdara,1951-07-31,tango,Musica: Jorge Caldara - Letra: Mario Soto,D:\Dropbox\TDJ\MUSICA\Camilo Gatica\Osvaldo Pugliese\Compilados\Odeón (1943-1960)\Osvaldo Pugliese - Tangos\08.Jorge Caldara & Mario Soto - Pasional.flac,False,False,0,False,True,False
Pasional,Osvaldo Pugliese / Alberto Moran,1951-07-31,tango,Musica: Jorge Caldara - Letra: Mario Soto,D:\Dropbox\TDJ\MUSICA\Eduardo\7\02 Pasional    - esu160.mp3,True,True,1,False,True,True
Barro,Osvaldo Pugliese / Alberto Moran,1952-12-03,tango,Musica: Osvaldo Pugliese - Letra: Horacio Sanguinetti,D:\Dropbox\TDJ\MUSICA\Eduardo\2\07 Barro     - esu160.mp3,True,True,1,False,True,True
Barro,Osvaldo Pugliese / Alberto Moran,1952-12-03,tango,Musica: Osvaldo Pugliese - Letra: Horacio Sanguinetti,D:\Dropbox\TDJ\MUSICA\Eduardo\3\Barro  1 RR esu320(160) ok.mp3,True,True,1,False,True,True
Sin palabras,Osvaldo Pugliese / Alberto Moran,1947-01-02,tango,Musica: Mariano Mores - Letra: Enrique Santos Discepolo,D:\Dropbox\TDJ\MUSICA\Eduardo\2\12 Sin Palabras   -esu128.mp3,True,True,1,False,True,True
Cafetin,Osvaldo Pugliese / Alberto Moran,1947-03-27,tango,Musica: Argentino Galván - Letra: Homero Expósito,D:\Dropbox\TDJ\MUSICA\Eduardo\6\15 Cafetín.mp3,True,True,1,False,True,True
Pasional,Osvaldo Pugliese / Alberto Moran,1952-11-24,tango,Musica: Jorge Caldara - Letra: Mario Soto,D:\Dropbox\TDJ\MUSICA\Eduardo\2\07 Pasional.mp3,True,True,1,False,True,True
El abrojito,Osvaldo Pugliese / Alberto Moran,1945-07-24,tango,Musica: Luis Bernstein - Letra: Jesús Fernández Blanco,D:\Dropbox\TDJ\MUSICA\Eduardo\2\09 El Abrojito.mp3,True,True,1,False,True,True
La última copa,Osvaldo Pugliese / Alberto Moran,1953-10-06,tango,Musica: Francisco Canaro - Letra: Juan Andrés Caruso,D:\Dropbox\TDJ\MUSICA\Eva\Pugliese\Pugliese- La Abandone y no sabia- Pasional\24 082.La ultima copa.m4a,True,True,1,False,True,True
Una vez,Osvaldo Pugliese / Alberto Moran,1946-11-08,tango,Musica: Osvaldo Pugliese - Letra: Cátulo Castillo,"D:\Dropbox\TDJ\MUSICA\Edmundo\Pugliese\Osvaldo Pugliese, Alberto Morán - Una Vez.mp3",True,True,1,False,True,True
Príncipe,Osvaldo Pugliese / Alberto Moran,1946-03-28,tango,Musica: Anselmo Aieta y Rafael Tuegols - Letra: Francisco García Jiménez,D:\Dropbox\TDJ\MUSICA\Eduardo\7\03-PRINCIPE.mp3,True,True,1,False,True,True
No me escribas,Osvaldo Pugliese / Alberto Moran,1946-07-31,tango,Musica: Agustín Bardi - Letra: Juan Andrés Caruso,D:\Dropbox\TDJ\MUSICA\Eduardo\7\04 No Me Escribas    1 - esu128 ok.mp3,True,True,1,False,True,True
Sin palabras,Osvaldo Pugliese / Alberto Moran,1947-01-02,tango,Musica: Mariano Mores - Letra: Enrique Santos Discepolo,D:\Dropbox\TDJ\MUSICA\Eduardo\7\05-SIN PALABRAS.mp3,True,True,1,False,True,True
Maleza,Osvaldo Pugliese / Alberto Moran,1945-05-28,tango,Musica: Enrique Munné - Letra: Cátulo Castillo,D:\Dropbox\TDJ\MUSICA\Eduardo\7\06 Maleza     - esu128.mp3,True,True,1,False,True,True
Ilusión marina,Osvaldo Pugliese / Alberto Moran,1947-01-28,tango vals,Musica: Antonio Sureda - Letra: Gerónimo Sureda,D:\Dropbox\TDJ\MUSICA\Eduardo\2\07 Ilusion Marina.mp3,True,True,1,False,True,True
Mentira,Osvaldo Pugliese / Alberto Moran,1945-09-24,tango,Musica: Francisco Pracánico - Letra: Celedonio Flores,D:\Dropbox\TDJ\MUSICA\Eduardo\2\08 Mentira         -         3_2.mp3,True,True,1,False,True,True
Demasiado tarde,Osvaldo Pugliese / Alberto Moran,1946-02-27,tango,Musica: Francisco Troppoli - Letra: Agustín Horacio Delamónica,D:\Dropbox\TDJ\MUSICA\Eduardo\2\09 Demasiado Tarde.mp3,True,True,1,False,True,True
Una vez,Osvaldo Pugliese / Alberto Moran,1946-11-08,tango,Musica: Osvaldo Pugliese - Letra: Cátulo Castillo,D:\Dropbox\TDJ\MUSICA\Eduardo\2\10-UNA VEZ.mp3,True,True,1,False,True,True
Descorazonado,Osvaldo Pugliese / Alberto Moran,1949-10-25,tango,Musica: Oscar Herrero - Letra: Marvil,D:\Dropbox\TDJ\MUSICA\Eduardo\2\12 Descorazonado.mp3,True,True,1,False,True,True
Cadenas,Osvaldo Pugliese / Alberto Moran,1950-06-30,tango,Musica: Luis Rubistein - Letra: Luis Rubistein,D:\Dropbox\TDJ\MUSICA\Eduardo\2\14 Cadenas.mp3,True,True,1,False,True,True
Frente a una copa,Osvaldo Pugliese / Alberto Moran,1949-05-04,tango,Musica: Francisco Amor - Letra: Elías Wainer,D:\Dropbox\TDJ\MUSICA\Eduardo\6\15 Frente A Una Copa.mp3,True,True,1,False,True,True
Y volvemos a querernos,Osvaldo Pugliese / Alberto Moran,1949-05-31,tango,Musica: Luciano Leocata - Letra: Abel Aznar,D:\Dropbox\TDJ\MUSICA\Eduardo\6\17 Y Volvemos A Querernos.mp3,True,True,1,False,True,True
Cadenas,Osvaldo Pugliese / Alberto Moran,1950-06-30,tango,Musica: Luis Rubistein - Letra: Luis Rubistein,D:\Dropbox\TDJ\MUSICA\Eduardo\3\Cadenas   1 RR - esu320 ok.mp3,True,True,1,False,True,True
Maleza,Osvaldo Pugliese / Alberto Moran,1945-05-28,tango,Musica: Enrique Munné - Letra: Cátulo Castillo,D:\Dropbox\TDJ\MUSICA\Eduardo\4\Maleza   1RR- esu320(128)ok.mp3,True,True,1,False,True,True
Cobardia,Osvaldo Pugliese / Alberto Moran,1950-10-24,tango,Musica: Charlo - Letra: Luis César Amadori,D:\Dropbox\TDJ\MUSICA\Eduardo\6\18 Cobardia      -esu128ok.mp3,True,True,1,False,True,True
Cualquier cosa,Osvaldo Pugliese / Alberto Moran,1952-01-28,tango,Musica: Herminia Velich y Juan Velich - Letra: Herminia Velich y Juan Velich,D:\Dropbox\TDJ\MUSICA\Eduardo\6\19 Cualquier Cosa.mp3,True,True,1,False,True,True
No me escribas,Osvaldo Pugliese / Alberto Moran,1946-07-31,tango,Musica: Agustín Bardi - Letra: Juan Andrés Caruso,D:\Dropbox\TDJ\MUSICA\Eduardo\4\No Me Escribas 1 RR -esu320 (128).mp3,True,True,1,False,True,True
Mentira,Osvaldo Pugliese / Alberto Moran,1945-09-24,tango,Musica: Francisco Pracánico - Letra: Celedonio Flores,D:\Dropbox\TDJ\MUSICA\Eduardo\4\Mentira RR ok  pelin R..mp3,True,True,1,False,True,True
La última copa,Osvaldo Pugliese / Alberto Moran,1953-10-06,tango,Musica: Francisco Canaro - Letra: Juan Andrés Caruso,D:\Dropbox\TDJ\MUSICA\Osvaldo LA YUMBA\- PUGLIESE\Kiko pugli\Osvaldo Pugliese - 1953 - 1954 - Todas sus grabaciones\08 la última copa -canaro-caruso - 6-10-58.mp3,True,True,1,False,True,True
Quiero verte una vez más,Osvaldo Pugliese / Alberto Moran,1950-03-07,tango,Musica: Mario Canaro - Letra: José María Contursi,"D:\Dropbox\TDJ\MUSICA\Edmundo\Pugliese\Osvaldo Pugliese, Alberto Moran - Quiero Verte una Vez Mas.flac",True,True,1,False,True,True
Y mientes todavía,Osvaldo Pugliese / Alberto Moran,1950-07-26,tango,Musica: Luciano Leocata - Letra: Abel Aznar,"D:\Dropbox\TDJ\MUSICA\Edmundo\Pugliese\Osvaldo Pugliese, Alberto Moran - Y Mientes Todavia.flac",True,True,1,False,True,True
Y volvemos a querernos,Osvaldo Pugliese / Alberto Moran,1949-05-31,tango,Musica: Luciano Leocata - Letra: Abel Aznar,"D:\Dropbox\TDJ\MUSICA\Edmundo\Pugliese\Osvaldo Pugliese, Alberto Moran - Y Volvemos a Querernos.flac",True,True,1,False,True,True
Pasional,Osvaldo Pugliese / Alberto Moran,2022-07-15,tango,Jorge Caldara,"D:\Dropbox\TDJ\MUSICA\Edmundo\Pugliese\Osvaldo Pugliese, Alberto Moran - Pasional.flac",True,True,2,False,True,False
Llevátelo todo,Osvaldo Pugliese / Alberto Moran,1950-11-24,tango,Musica: Rodolfo Sciammarella - Letra: Rodolfo Sciammarella,D:\Dropbox\TDJ\MUSICA\Osvaldo LA YUMBA\- PUGLIESE\Kiko pugli\Osvaldo Pugliese - 1950 - Todas sus grabaciones\16-LLEVATELO TODO-Sciammarella- 24-11-50.mp3,True,True,1,False,True,True
Que nunca me falte,Osvaldo Pugliese / Alberto Moran,1951-12-06,tango,Musica: Héctor Morales - Letra: Héctor Marcó,D:\Dropbox\TDJ\MUSICA\Osvaldo LA YUMBA\- PUGLIESE\Kiko pugli\Osvaldo Pugliese - 1951 - 1952 - Todas sus grabaciones\Osvaldo Pugliese-Que Nunca Me Falte.mp3,True,True,1,False,True,True
Quiero verte una vez más,Osvaldo Pugliese / Alberto Moran,1950-03-07,tango,Musica: Mario Canaro - Letra: José María Contursi,D:\Dropbox\TDJ\MUSICA\Osvaldo LA YUMBA\- PUGLIESE\Kiko pugli\Osvaldo Pugliese - 1950 - Todas sus grabaciones\02 QUIERO VERTE UNA VEZ MAS-Mario Canaro-José María Contursi-7-3-50.mp3,True,True,1,False,True,True
Cualquier cosa,Osvaldo Pugliese / Alberto Moran,1952-01-28,tango,Musica: Herminia Velich y Juan Velich - Letra: Herminia Velich y Juan Velich,D:\Dropbox\TDJ\MUSICA\Osvaldo LA YUMBA\- PUGLIESE\Kiko pugli\Osvaldo Pugliese - 1951 - 1952 - Todas sus grabaciones\12 CUALQUIER COSA-Herminia y Juan Velich - 28-1-52-moran.mp3,True,True,1,False,True,True
Porque no te tengo más,Osvaldo Pugliese / Alberto Moran,1954-01-05,tango,Musica: Oscar Herrero  (Oscar Luis Herrero) - Letra: Marvil,D:\Dropbox\TDJ\MUSICA\Osvaldo LA YUMBA\- PUGLIESE\Kiko pugli\Osvaldo Pugliese - 1953 - 1954 - Todas sus grabaciones\12 Porque no te tengo mas -Alberto Moran - Herrero-Marvil - 5-1-54.mp3,True,True,1,False,True,True
Hacelo por la vieja,Osvaldo Pugliese / Alberto Moran,1950-03-29,tango,Musica: Rodolfo Sciammarella - Letra: Carlos Viván y Héctor Bonatti,D:\Dropbox\TDJ\MUSICA\Osvaldo LA YUMBA\- PUGLIESE\Kiko pugli\Osvaldo Pugliese - 1950 - Todas sus grabaciones\04 HACELO POR LA VIEJA-Sciammarella-Bonatti - 29-3-50.mp3,True,True,1,False,True,True
Manos adoradas,Osvaldo Pugliese / Alberto Moran,1952-11-18,tango vals,Musica: Roberto Rufino - Letra: Horacio Sanguinetti,D:\Dropbox\TDJ\MUSICA\Osvaldo LA YUMBA\- PUGLIESE\Kiko pugli\Osvaldo Pugliese - 1951 - 1952 - Todas sus grabaciones\20 MANOS ADORADAS-Rufino-Sanguinetti - 18-11-52-moran.mp3,True,True,1,False,True,True
El cielo en las manos,Osvaldo Pugliese / Alberto Moran,1951-10-02,tango,Musica: Astor Piazzolla - Letra: Homero Cárpena,D:\Dropbox\TDJ\MUSICA\Osvaldo LA YUMBA\- PUGLIESE\Kiko pugli\Osvaldo Pugliese - 1951 - 1952 - Todas sus grabaciones\08 EL CIELO EN LAS MANOS-Piazzolla-Cárpena-2-10-51-moran.mp3,True,True,1,False,True,True
Por pecadora,Osvaldo Pugliese / Alberto Moran,1952-10-09,tango,Musica: Juan Caldarella - Letra: Mario Soto,D:\Dropbox\TDJ\MUSICA\Osvaldo LA YUMBA\- PUGLIESE\Kiko pugli\Osvaldo Pugliese - 1951 - 1952 - Todas sus grabaciones\18  POR PECADORA-Caldarella-Soto - 9-10-52-moran.mp3,True,True,1,False,True,True
Ahora no me conocés,Osvaldo Pugliese / Alberto Moran,1952-06-27,tango,Musica: Armando Baliotti - Letra: Carlos Giampetruzzi,D:\Dropbox\TDJ\MUSICA\Osvaldo LA YUMBA\- PUGLIESE\Kiko pugli\Osvaldo Pugliese - 1951 - 1952 - Todas sus grabaciones\16- AHORA NO ME CONOCES-Baliotti-Giampetruzzi - 27-6-52-moran.mp3,True,True,1,False,True,True
Porque no te tengo más,Osvaldo Pugliese / Alberto Moran,1954-01-05,tango,Musica: Oscar Herrero  (Oscar Luis Herrero) - Letra: Marvil,D:\Dropbox\TDJ\MUSICA\Osvaldo LA YUMBA\- PUGLIESE\Kiko pugli\Osvaldo Pugliese - 1945 - Todas sus grabaciones\11- Porqué-chanel-moran- osvaldo y emilio fresedo-1945.mp3,True,True,1,False,True,True
El abrojito,Osvaldo Pugliese / Alberto Moran,1945-07-24,tango,Musica: Luis Bernstein - Letra: Jesús Fernández Blanco,D:\Dropbox\TDJ\MUSICA\Eduardo\1\Osvaldo Pugliese   Alberto Morán-El abrojito.mp3,True,True,1,False,True,True
El mate amargo,Osvaldo Pugliese / Alberto Moran,1951-06-27,tango,Musica: Oscar Herrero - Letra: Marvil,D:\Dropbox\TDJ\MUSICA\Eduardo\1\El Mate Amargo.mp3,True,True,1,False,True,True
Manos adoradas,Osvaldo Pugliese / Alberto Moran,1952-11-18,tango vals,Musica: Roberto Rufino - Letra: Horacio Sanguinetti,D:\Dropbox\TDJ\MUSICA\Eduardo\4\Manos Adoradas      -      1_1.mp3,True,True,1,False,True,True
Mentira,Osvaldo Pugliese / Alberto Moran,1945-09-24,tango,Musica: Francisco Pracánico - Letra: Celedonio Flores,D:\Dropbox\TDJ\MUSICA\Eduardo\1\Osvaldo Pugliese   Alberto Morán-Mentira.mp3,True,True,1,False,True,True
No quiero perderte,Osvaldo Pugliese / Alberto Moran,1954-03-17,tango,Musica: Enrique Camerano - Letra: Alberto Morán,D:\Dropbox\TDJ\MUSICA\Eduardo\4\No Quiero Perderte.mp3,True,True,1,False,True,True
Y volvemos a querernos,Osvaldo Pugliese / Alberto Moran,1949-05-31,tango,Musica: Luciano Leocata - Letra: Abel Aznar,D:\Dropbox\TDJ\MUSICA\Eduardo\1\Osvaldo Pugliese   Alberto Morán-Y volvemos a querernos.mp3,True,True,1,False,True,True
Porque no te tengo más,Osvaldo Pugliese / Alberto Moran,1954-01-05,tango,Musica: Oscar Herrero  (Oscar Luis Herrero) - Letra: Marvil,D:\Dropbox\TDJ\MUSICA\Eduardo\4\Por Qué No Te Tengo Más 1-esu128 ok.mp3,True,True,1,False,True,True
Manos adoradas,Osvaldo Pugliese / Alberto Moran,1952-11-18,tango vals,Musica: Roberto Rufino - Letra: Horacio Sanguinetti,D:\Dropbox\TDJ\MUSICA\Eduardo\4\Manos Adoradas   1 - esu183.mp3,True,True,1,False,True,True
Dejame en paz,Osvaldo Pugliese / Alberto Moran,1948-04-06,tango,Musica: Américo Actis - Letra: Oscar Rubens,D:\Dropbox\TDJ\MUSICA\Eduardo\3\Dejame En Paz.mp3,True,True,1,False,True,True
En secreto,Osvaldo Pugliese / Alberto Moran,1947-08-19,tango,Musica: Vicente Demarco - Letra: Alfredo Faustino Roldán,D:\Dropbox\TDJ\MUSICA\Eduardo\1\En secreto.mp3,True,True,1,False,True,True
Hacelo por la vieja,Osvaldo Pugliese / Alberto Moran,1950-03-29,tango,Musica: Rodolfo Sciammarella - Letra: Carlos Viván y Héctor Bonatti,D:\Dropbox\TDJ\MUSICA\Eduardo\5\Hacelo Por La Vieja.mp3,True,True,1,False,True,True
Llamame,Osvaldo Pugliese / Alberto Moran,1950-11-24,tango,Musica: Ángel Domínguez - Letra: José Rótulo,D:\Dropbox\TDJ\MUSICA\Eduardo\5\Llámame.mp3,True,True,1,False,True,True
Llevátelo todo,Osvaldo Pugliese / Alberto Moran,1950-11-24,tango,Musica: Rodolfo Sciammarella - Letra: Rodolfo Sciammarella,D:\Dropbox\TDJ\MUSICA\Eduardo\5\Llevatelo Todo.mp3,True,True,1,False,True,True
Dos que se aman,Osvaldo Pugliese / Alberto Moran,1948-09-15,tango vals,Musica: Antonio Tormo - Letra: Manuel María Flores,D:\Dropbox\TDJ\MUSICA\Eduardo\1\Dos Que Se Aman 1.mp3,True,True,1,False,True,True
Dos que se aman,Osvaldo Pugliese / Alberto Moran,1948-09-15,tango vals,Musica: Antonio Tormo - Letra: Manuel María Flores,D:\Dropbox\TDJ\MUSICA\Eduardo\1\Dos Que Se Aman.mp3,True,True,1,False,True,True
Cupo,Osvaldo Pugliese / Alberto Morán,,tango,,D:\Dropbox\TDJ\MUSICA\Osvaldo LA YUMBA\- PUGLIESE\- Pugliese  cantado\PUGLI - MORAN     Cupo-Moran.mp3,True,False,0,False,True,False
Pasional,Osvaldo Pugliese / Alberto Morán,1995,tango,,D:\Dropbox\TDJ\MUSICA\Dan\Pugliese\Ausencia\Osvaldo Pugliese feat. Alberto Morán_Ausencia - 08 - Pasional.flac,True,True,2,False,True,False
San Jose de Flores,Osvaldo Pugliese / Alberto Morán,1995,tango,,D:\Dropbox\TDJ\MUSICA\Dan\Pugliese\Ausencia\Osvaldo Pugliese feat. Alberto Morán_Ausencia - 10 - San Jose de Flores.flac,True,True,1,False,True,False
Desvelo,Osvaldo Pugliese / Alberto Morán,1995,tango,,D:\Dropbox\TDJ\MUSICA\Dan\Pugliese\Ausencia\Osvaldo Pugliese feat. Alberto Morán_Ausencia - 11 - Desvelo.flac,True,True,1,False,True,False
Yuyo Verde,Osvaldo Pugliese / Alberto Moran,1945-01-25,tango,Musica: Domingo Federico - Letra: Homero Expósito,D:\Dropbox\TDJ\MUSICA\Osvaldo LA YUMBA\- PUGLIESE\- Pugliese  cantado\PUGLI - MORAN     Yuyo Verde.wma,False,False,1,False,False,True
La noche que me esperes,Osvaldo Pugliese / Alberto Morán,1952,tango vals,musica: Juan Canaro - letra: Juan Canaro,D:\Dropbox\TDJ\MUSICA\Camilo Gatica\Osvaldo Pugliese\Compilados\Odeón (1943-1960)\Osvaldo Pugliese - Sus éxitos con Alberto Moran Vol.2 (1945-1954)\19.Juan Canaro - La noche que me esperes (1952).flac,True,True,2,False,True,False
La noche que me esperes,Osvaldo Pugliese / Alberto Morán,1952,tango vals,musica: Juan Canaro - letra: Juan Canaro,D:\Dropbox\TDJ\MUSICA\Camilo Gatica\Osvaldo Pugliese\Compilados\Odeón (1943-1960)\Osvaldo Pugliese - Tangos\06.Juan Canaro - La noche que me esperes.flac,True,True,2,False,True,False
Llevátelo Todo,Osvaldo Pugliese / Alberto Morán,1961,tango,R. Sciammarella,D:\Dropbox\TDJ\MUSICA\Dan\Pugliese\Osvaldo Pugliese con Alberto Morán\Osvaldo Pugliese - Alberto Morán_Osvaldo Pugliese con Alberto Morán - 01 - Llevátelo Todo.flac,True,True,1,False,True,False
Que Nunca Me Falte,Osvaldo Pugliese / Alberto Morán,1961,tango,H. Diaz Morales & H. Marco,D:\Dropbox\TDJ\MUSICA\Dan\Pugliese\Osvaldo Pugliese con Alberto Morán\Osvaldo Pugliese - Alberto Morán_Osvaldo Pugliese con Alberto Morán - 02 - Que Nunca Me Falte.flac,True,True,1,False,True,False
Quiero verte una vez más,Osvaldo Pugliese / Alberto Morán,1961,tango,musica: Mario Canaro - letra: José María Contursi,D:\Dropbox\TDJ\MUSICA\Dan\Pugliese\Osvaldo Pugliese con Alberto Morán\Osvaldo Pugliese - Alberto Morán_Osvaldo Pugliese con Alberto Morán - 03 - Quiero Verte Una Vez Más.flac,True,True,1,False,True,False
La Noche Que Me Esperes,Osvaldo Pugliese / Alberto Morán,1961,tango,J. Canaro,D:\Dropbox\TDJ\MUSICA\Dan\Pugliese\Osvaldo Pugliese con Alberto Morán\Osvaldo Pugliese - Alberto Morán_Osvaldo Pugliese con Alberto Morán - 04 - La Noche Que Me Esperes.flac,True,True,2,False,True,False
Cualquier Cosa,Osvaldo Pugliese / Alberto Morán,1961,tango,H. Velich & J.M. Velich,D:\Dropbox\TDJ\MUSICA\Dan\Pugliese\Osvaldo Pugliese con Alberto Morán\Osvaldo Pugliese - Alberto Morán_Osvaldo Pugliese con Alberto Morán - 05 - Cualquier Cosa.flac,True,True,1,False,True,False
Cobardía,Osvaldo Pugliese / Alberto Morán,1961,tango,Charlo &  L.C. Amadori,D:\Dropbox\TDJ\MUSICA\Dan\Pugliese\Osvaldo Pugliese con Alberto Morán\Osvaldo Pugliese - Alberto Morán_Osvaldo Pugliese con Alberto Morán - 06 - Cobardía.flac,True,True,1,False,True,False
Barro,Osvaldo Pugliese / Alberto Morán,1961,tango,O. Pugliese & H. Basterra,D:\Dropbox\TDJ\MUSICA\Dan\Pugliese\Osvaldo Pugliese con Alberto Morán\Osvaldo Pugliese - Alberto Morán_Osvaldo Pugliese con Alberto Morán - 07 - Barro.flac,True,True,2,False,True,False
El abrojito,Osvaldo Pugliese / Alberto Morán,1993,tango,,D:\Dropbox\TDJ\MUSICA\Dan\Pugliese\Osvaldo Pugliese con sus grandes cantantes\Osvaldo Pugliese feat. Alberto Morán_Osvaldo Pugliese con sus grandes cantates - 01 - El abrojito.flac,True,True,1,False,True,False
Príncipe,Osvaldo Pugliese / Alberto Morán,1993,tango,,D:\Dropbox\TDJ\MUSICA\Dan\Pugliese\Osvaldo Pugliese con sus grandes cantantes\Osvaldo Pugliese feat. Alberto Morán_Osvaldo Pugliese con sus grandes cantates - 09 - Príncipe.flac,True,True,1,False,True,False
La noche que me esperes,Osvaldo Pugliese / Alberto Morán,1952,tango vals,musica: Juan Canaro - letra: Juan Canaro,D:\Dropbox\TDJ\MUSICA\Eduardo\2\08 La Noche Que Me Esperes.mp3,True,True,2,False,True,False
La Última Copa,Osvaldo Pugliese / Alberto Morán,1982,tango,,D:\Dropbox\TDJ\MUSICA\Dan\Pugliese\Tangos Famosos\Osvaldo Pugliese - Alberto Morán_Tangos Famosos - 02 - La Última Copa.flac,True,True,1,False,True,False
Yuyo Verde,Osvaldo Pugliese / Alberto Morán,1982,tango,,D:\Dropbox\TDJ\MUSICA\Dan\Pugliese\Tangos Famosos\Osvaldo Pugliese - Alberto Morán_Tangos Famosos - 08 - Yuyo Verde.flac,True,True,1,False,True,False
Barro,Osvaldo Pugliese / Alberto Morán,,tango,Osvaldo Pugliese- Horacio Basterra,D:\Dropbox\TDJ\MUSICA\Eduardo\sc2\Osvaldo Pugliese   Alberto Morán-Barro.mp3,True,True,2,False,True,False
Barro,Osvaldo Pugliese / Alberto Morán,1968,tango,Osvaldo Pugliese- Horacio Basterra,D:\Dropbox\TDJ\MUSICA\Eduardo\sc2\Barro.mp3,True,True,2,False,True,False
Caminito soleado,Osvaldo Pugliese / Alberto Morán / Juan Carlos Cobos,1993,tango,,D:\Dropbox\TDJ\MUSICA\Dan\Pugliese\Osvaldo Pugliese con sus grandes cantantes\Osvaldo Pugliese feat. Alberto Morán & Juan Carlos Cobos_Osvaldo Pugliese con sus grandes cantates - 13 - Caminito soleado.flac,True,True,1,False,True,False
Por qué?,Osvaldo Pugliese / Alberto Morán / Roberto Chanel,2000,tango,,D:\Dropbox\TDJ\MUSICA\Camilo Gatica\Osvaldo Pugliese\Compilados\Odeón (1943-1960)\Osvaldo Pugliese - Sus éxitos con Alberto Moran Vol.2 (1945-1954)\17.Osvaldo Fresedo & Emilio Fresedo - Por qué (1945).flac,True,False,0,False,True,False
Caminito soleado,Osvaldo Pugliese / Alberto Moran y Juan Carlos Cobos,1953-05-28,tango,Musica: Carlos Gardel - Letra: Alfredo Le Pera,D:\Dropbox\TDJ\MUSICA\Osvaldo LA YUMBA\- PUGLIESE\Kiko pugli\Osvaldo Pugliese - 1953 - 1954 - Todas sus grabaciones\02-osvaldo pugliese con alberto morán y juan carlos cobos - caminito soleado- 1953- gardel y le p.mp3,True,True,1,False,True,True
Caminito soleado,Osvaldo Pugliese / Alberto Moran y Juan Carlos Cobos,1953-05-28,tango,Musica: Carlos Gardel - Letra: Alfredo Le Pera,D:\Dropbox\TDJ\MUSICA\Camilo Gatica\Osvaldo Pugliese\Compilados\Odeón (1943-1960)\Osvaldo Pugliese - Edicion Aniversario (CD.2) (1950-1956)\16.Carlos Gardel & Alfredo Le Pera - Caminito soleado (1953).flac,True,True,1,False,True,True
Caminito soleado,Osvaldo Pugliese / Alberto Moran y Juan Carlos Cobos,1953-05-28,tango,Musica: Carlos Gardel - Letra: Alfredo Le Pera,D:\Dropbox\TDJ\MUSICA\Eduardo\2\09 Caminito Soleado.mp3,True,True,1,False,True,True
Bronca,Osvaldo Pugliese / Alfredo Belusi,1961-09,tango,Musica: Edmundo Rivero - Letra: Mario Battistella,D:\Dropbox\TDJ\MUSICA\Osvaldo LA YUMBA\- PUGLIESE\Kiko pugli\Osvaldo Pugliese - 1962 - 1963 - Todas sus grabaciones\18-Bronca-edmundo rivero y battistella-1963.mp3,True,True,1,False,True,True
Amigazo,Osvaldo Pugliese / Alfredo Belusi,1961-07,tango,Musica: Juan de Dios Filiberto - Letra: Francisco Brancatti y Juan Velich,D:\Dropbox\TDJ\MUSICA\Osvaldo LA YUMBA\- PUGLIESE\Kiko pugli\Osvaldo Pugliese - 1960 - Todas sus grabaciones\06 - Osvaldo Pugliese Alfredo Belusi Amigazo-filiberto y juan velich-1960.mp3,True,True,1,False,True,True
No tengo la culpa,Osvaldo Pugliese / Alfredo Belusi,1961-07,tango,Musica: Carlos Olmedo - Letra: Arturo De La Torre,D:\Dropbox\TDJ\MUSICA\Osvaldo LA YUMBA\- PUGLIESE\Kiko pugli\Osvaldo Pugliese - 1960 - Todas sus grabaciones\10 - Osvaldo Pugliese Alfredo Belusi No Tengo La Culpa -olmedo y de la torre-1960.mp3,True,True,1,False,True,True
Sueño malevo,Osvaldo Pugliese / Alfredo Belusi,1961-07,tango,Musica: Leo Lipesker - Letra: Abel Aznar,D:\Dropbox\TDJ\MUSICA\Osvaldo LA YUMBA\- PUGLIESE\Kiko pugli\Osvaldo Pugliese - 1960 - Todas sus grabaciones\14 - Osvaldo Pugliese Alfredo Belusi Suenio Malevo -leo lipesker y aznar-1960.mp3,True,True,1,False,True,True
Corrientes Bajo Cero,Osvaldo Pugliese / Alfredo Belusi,1994,tango,Osvaldo Rugero,D:\Dropbox\TDJ\MUSICA\Osvaldo LA YUMBA\- PUGLIESE\Kiko pugli\Osvaldo Pugliese - 1961- Todas sus grabaciones\02-osvaldo pugliese - alfredo belusi _ corrientes bajo cero-chanel y queirolo-1961.mp3,True,True,1,False,True,False
El pescante,Osvaldo Pugliese / Alfredo Belusi,1962-06,tango,Musica: Sebastián Piana - Letra: Homero Manzi,D:\Dropbox\TDJ\MUSICA\Eduardo\1\02 El Pescante.mp3,True,True,1,False,True,True
Desencuentro,Osvaldo Pugliese / Alfredo Belusi,1962-08,tango,Musica: Aníbal Troilo - Letra: Cátulo Castillo,D:\Dropbox\TDJ\MUSICA\Eduardo\7\05 Desencuentro.mp3,True,True,1,False,True,True
Bronca,Osvaldo Pugliese / Alfredo Belusi,1961-09,tango,Musica: Edmundo Rivero - Letra: Mario Battistella,D:\Dropbox\TDJ\MUSICA\Osvaldo LA YUMBA\- PUGLIESE\PUGLIESE       BRONCA pug.mp3,True,True,1,False,True,True
Bronca,Osvaldo Pugliese / Alfredo Belusi,1961-09,tango,Musica: Edmundo Rivero - Letra: Mario Battistella,D:\Dropbox\TDJ\MUSICA\Eduardo\7\03 Bronca.mp3,True,True,1,False,True,True
Corrientes bajo cero,Osvaldo Pugliese / Alfredo Belusi,1961-06,tango,Musica: Roberto Chanel - Letra: Aldo Queirolo,D:\Dropbox\TDJ\MUSICA\Eduardo\2\08 Corrientes Bajo Cero.mp3,True,True,1,False,True,True
Desencuentro,Osvaldo Pugliese / Alfredo Belusi,1962-08,tango,Musica: Aníbal Troilo - Letra: Cátulo Castillo,D:\Dropbox\TDJ\MUSICA\Osvaldo LA YUMBA\- PUGLIESE\Kiko pugli\Osvaldo Pugliese - 1962 - 1963 - Todas sus grabaciones\09-desencuentro - alfredo belusi -troilo u catulo castillo - 1962.mp3,True,True,1,False,True,True
Con voz rebelde,Osvaldo Pugliese / Alfredo Belusi,1961-07,tango,Musica: Eduardo Cortti - Letra: Carlos Zein,D:\Dropbox\TDJ\MUSICA\Eduardo\7\03 Con Voz Rebelde.mp3,True,True,1,False,True,True
Amigazo,Osvaldo Pugliese / Alfredo Belusi,1961-07,tango,Musica: Juan de Dios Filiberto - Letra: Francisco Brancatti y Juan Velich,D:\Dropbox\TDJ\MUSICA\Eduardo\7\06 Amigazo.mp3,True,True,1,False,True,True
No tengo la culpa,Osvaldo Pugliese / Alfredo Belusi,1961-07,tango,Musica: Carlos Olmedo - Letra: Arturo De La Torre,D:\Dropbox\TDJ\MUSICA\Eduardo\2\10 No Tengo La Culpa.mp3,True,True,1,False,True,True
Sueño malevo,Osvaldo Pugliese / Alfredo Belusi,1961-07,tango,Musica: Leo Lipesker - Letra: Abel Aznar,D:\Dropbox\TDJ\MUSICA\Eduardo\2\12 Sueño Malevo.mp3,True,True,1,False,True,True
Con Voz Rebelde,Osvaldo Pugliese / Alfredo Belusi,,tango,,D:\Dropbox\TDJ\MUSICA\Osvaldo LA YUMBA\- PUGLIESE\Kiko pugli\Osvaldo Pugliese - 1960 - Todas sus grabaciones\12- con voz rebelde- alfredo belusi - de corti y zein.mp3,True,True,2,False,True,False
Amigazo,Osvaldo Pugliese / Alfredo Belusi,1961-07,tango,Musica: Juan de Dios Filiberto - Letra: Francisco Brancatti y Juan Velich,D:\Dropbox\TDJ\MUSICA\Dan\Pugliese\El eslabón perdido\Osvaldo Pugliese_El eslabón perdido - 06 - Amigazo.flac,True,True,1,False,True,True
No tengo la culpa,Osvaldo Pugliese / Alfredo Belusi,1961-07,tango,Musica: Carlos Olmedo - Letra: Arturo De La Torre,D:\Dropbox\TDJ\MUSICA\Dan\Pugliese\El eslabón perdido\Osvaldo Pugliese_El eslabón perdido - 10 - No tengo la culpa.flac,True,True,1,False,True,True
Sueño malevo,Osvaldo Pugliese / Alfredo Belusi,1961-07,tango,Musica: Leo Lipesker - Letra: Abel Aznar,D:\Dropbox\TDJ\MUSICA\Dan\Pugliese\El eslabón perdido\Osvaldo Pugliese_El eslabón perdido - 12 - Sueño malevo.flac,True,True,1,False,True,True
No Me Pregunten Porqué,Osvaldo Pugliese / Alfredo Belusi,1996,tango,C. Di Sarli-R. Pignataro,D:\Dropbox\TDJ\MUSICA\Dan\Pugliese\Lágrimas\Osvaldo Pugliese - Alfredo Belusi_Lágrimas - 05 - No Me Pregunten Porqué.flac,True,True,3,False,True,False
El vino triste,Osvaldo Pugliese / Alfredo Belusi,1962-05,tango,Musica: Juan D'Arienzo - Letra: Manuel Romero,D:\Dropbox\TDJ\MUSICA\Dan\Pugliese\Lágrimas\Osvaldo Pugliese - Alfredo Belusi_Lágrimas - 08 - El Vino Triste.flac,True,True,1,False,True,True
Con voz rebelde,Osvaldo Pugliese / Alfredo Belusi,2001,tango,,D:\Dropbox\TDJ\MUSICA\Leandro\Osvaldo Pugliese\Osvaldo Pugliese - El eslabón perdido (Sello Stentor + Bonus tracks) (1960)\03.Eduardo Cortti & Carlos Zein - Con voz rebelde.flac,True,True,2,False,True,False
Amigazo,Osvaldo Pugliese / Alfredo Belusi,1961-07,tango,Musica: Juan de Dios Filiberto - Letra: Francisco Brancatti y Juan Velich,"D:\Dropbox\TDJ\MUSICA\Leandro\Osvaldo Pugliese\Osvaldo Pugliese - El eslabón perdido (Sello Stentor + Bonus tracks) (1960)\06.Juan de Dios Filiberto, Francisco Brancatti & Juan Velich - Amigazo.flac",True,True,1,False,True,True
No tengo la culpa,Osvaldo Pugliese / Alfredo Belusi,1961-07,tango,Musica: Carlos Olmedo - Letra: Arturo De La Torre,D:\Dropbox\TDJ\MUSICA\Leandro\Osvaldo Pugliese\Osvaldo Pugliese - El eslabón perdido (Sello Stentor + Bonus tracks) (1960)\10.Carlos Olmedo & Arturo de la Torre - No tengo la culpa.flac,True,True,1,False,True,True
Sueño malevo,Osvaldo Pugliese / Alfredo Belusi,1961-07,tango,Musica: Leo Lipesker - Letra: Abel Aznar,D:\Dropbox\TDJ\MUSICA\Leandro\Osvaldo Pugliese\Osvaldo Pugliese - El eslabón perdido (Sello Stentor + Bonus tracks) (1960)\12.Leo Lipesker & Abel Aznar - Sueño malevo.flac,True,True,1,False,True,True
Corrientes bajo cero,Osvaldo Pugliese / Alfredo Belusi,1994,tango,,D:\Dropbox\TDJ\MUSICA\Camilo Gatica\Osvaldo Pugliese\Compilados\Philips (1962-1970)\Osvaldo Pugliese - Antología Vol.1 (1961-1962)\02.Roberto Chanel & Aldo Queirolo - Corrientes bajo cero.flac,True,True,1,False,True,False
Bronca,Osvaldo Pugliese / Alfredo Belusi,1994,tango,,D:\Dropbox\TDJ\MUSICA\Camilo Gatica\Osvaldo Pugliese\Compilados\Philips (1962-1970)\Osvaldo Pugliese - Antología Vol.1 (1961-1962)\08.Edmundo Rivero & Mario Battistella - Bronca.flac,True,True,1,False,True,False
Un tropezón,Osvaldo Pugliese / Alfredo Belusi,1994,tango,,D:\Dropbox\TDJ\MUSICA\Camilo Gatica\Osvaldo Pugliese\Compilados\Philips (1962-1970)\Osvaldo Pugliese - Antología Vol.1 (1961-1962)\11.Raúl De los Hoyos & Luis Bayón Herrera - Un tropezón.flac,True,True,1,False,True,False
No me pregunten por qué,Osvaldo Pugliese / Alfredo Belusi,1994,tango,,D:\Dropbox\TDJ\MUSICA\Camilo Gatica\Osvaldo Pugliese\Compilados\Philips (1962-1970)\Osvaldo Pugliese - Antología Vol.1 (1961-1962)\15.Carlos Di Sarli & Reynaldo Pignataro - No me pregunten por qué.flac,True,True,2,False,True,False
El vino triste,Osvaldo Pugliese / Alfredo Belusi,1994,tango,,D:\Dropbox\TDJ\MUSICA\Camilo Gatica\Osvaldo Pugliese\Compilados\Philips (1962-1970)\Osvaldo Pugliese - Antología Vol.1 (1961-1962)\18.Juan D'Arienzo & Manuel Romero - El vino triste.flac,True,True,1,False,True,False
El pescante,Osvaldo Pugliese / Alfredo Belusi,1994,tango,,D:\Dropbox\TDJ\MUSICA\Camilo Gatica\Osvaldo Pugliese\Compilados\Philips (1962-1970)\Osvaldo Pugliese - Antología Vol.2 (1962-1964)\02.Sebastián Piana & Homero Manzi - El pescante (1962).flac,True,True,1,False,True,False
Desencuentro,Osvaldo Pugliese / Alfredo Belusi,1994,tango,Anibal Carmelo Troilo,D:\Dropbox\TDJ\MUSICA\Camilo Gatica\Osvaldo Pugliese\Compilados\Philips (1962-1970)\Osvaldo Pugliese - Antología Vol.2 (1962-1964)\05.Aníbal Troilo & Cátulo Castillo - Desencuentro (1962).flac,True,True,1,False,True,False
Un tropezón,Osvaldo Pugliese / Alfredo Belusi,1961-11,tango,Musica: Raúl De los Hoyos - Letra: Luis Bayón Herrera,D:\Dropbox\TDJ\MUSICA\Leandro\Osvaldo Pugliese\Que falta que me hacés - Vol 1-4\Osvaldo Pugliese - Que Falta que me Haces (Vol.1) (2001)\03 - Un Tropezón.flac,True,True,1,False,True,True
El vino triste,Osvaldo Pugliese / Alfredo Belusi,1962-05,tango,Musica: Juan D'Arienzo - Letra: Manuel Romero,D:\Dropbox\TDJ\MUSICA\Leandro\Osvaldo Pugliese\Que falta que me hacés - Vol 1-4\Osvaldo Pugliese - Que Falta que me Haces (Vol.1) (2001)\11 - El Vino Triste.flac,True,True,1,False,True,True
El pescante,Osvaldo Pugliese / Alfredo Belusi,1962-06,tango,Musica: Sebastián Piana - Letra: Homero Manzi,D:\Dropbox\TDJ\MUSICA\Leandro\Osvaldo Pugliese\Que falta que me hacés - Vol 1-4\Osvaldo Pugliese - Que Falta que me Haces (Vol.2) (2001)\03 - El Pescante.flac,True,True,1,False,True,True
Desencuentro,Osvaldo Pugliese / Alfredo Belusi,1962-08,tango,Musica: Aníbal Troilo - Letra: Cátulo Castillo,D:\Dropbox\TDJ\MUSICA\Leandro\Osvaldo Pugliese\Que falta que me hacés - Vol 1-4\Osvaldo Pugliese - Que Falta que me Haces (Vol.3) (2001)\03 - Desencuentro.flac,True,True,1,False,True,True
Corrientes bajo cero,Osvaldo Pugliese / Alfredo Belusi,1961-06,tango,Musica: Roberto Chanel - Letra: Aldo Queirolo,D:\Dropbox\TDJ\MUSICA\Leandro\Osvaldo Pugliese\Que falta que me hacés - Vol 1-4\Osvaldo Pugliese - Que Falta que me Haces (Vol.3) (2001)\09 - Corrientes bajo cero.flac,True,True,1,False,True,True
Bronca,Osvaldo Pugliese / Alfredo Belusi,1961-09,tango,Musica: Edmundo Rivero - Letra: Mario Battistella,D:\Dropbox\TDJ\MUSICA\Leandro\Osvaldo Pugliese\Que falta que me hacés - Vol 1-4\Osvaldo Pugliese - Que Falta que me Haces (Vol.4) (2001)\13 - Bronca.flac,True,True,1,False,True,True
El vino triste,Osvaldo Pugliese / Alfredo Belusi,1962-05,tango,Musica: Juan D'Arienzo - Letra: Manuel Romero,D:\Dropbox\TDJ\MUSICA\Eduardo\1\El Vino Triste.mp3,True,True,1,False,True,True
Pregonera,Osvaldo Pugliese / Jorge Maciel y Alfredo Belusi,1961-10,tango,Musica: Alfredo De Angelis - Letra: José Rótulo,D:\Dropbox\TDJ\MUSICA\Dan\Pugliese\Lágrimas\Osvaldo Pugliese - Alfredo Belusi - Jorge Maciel_Lágrimas - 04 - Pregonera.flac,True,True,1,False,True,True
Arrabal,Osvaldo Pugliese / Astor Piazolla,1992,tango,,D:\Dropbox\TDJ\MUSICA\Dan\Pugliese\Pugliese & Piazolla - Finally Together - Volume 2\Osvaldo Pugliese y su orquesta típica_Finally Together - Volume 2 - 01 - Arrabal.flac,True,True,3,False,True,False
Los mareados,Osvaldo Pugliese / Astor Piazolla,1992,tango,,D:\Dropbox\TDJ\MUSICA\Dan\Pugliese\Pugliese & Piazolla - Finally Together - Volume 2\Osvaldo Pugliese y su orquesta típica_Finally Together - Volume 2 - 02 - Los mareados.flac,True,True,2,False,True,False
Melodia de arrabal,Osvaldo Pugliese / Astor Piazolla,1992,tango,,D:\Dropbox\TDJ\MUSICA\Dan\Pugliese\Pugliese & Piazolla - Finally Together - Volume 2\Osvaldo Pugliese y su orquesta típica_Finally Together - Volume 2 - 03 - Melodia de arrabal.flac,True,True,2,False,True,False
Recuerdo,Osvaldo Pugliese / Astor Piazolla,1992,tango,,D:\Dropbox\TDJ\MUSICA\Dan\Pugliese\Pugliese & Piazolla - Finally Together - Volume 2\Osvaldo Pugliese y su orquesta típica_Finally Together - Volume 2 - 04 - Recuerdo.flac,True,True,4,False,True,False
Chacabuqueando,Osvaldo Pugliese / Astor Piazolla,1992,tango,,D:\Dropbox\TDJ\MUSICA\Dan\Pugliese\Pugliese & Piazolla - Finally Together - Volume 2\Osvaldo Pugliese y su orquesta típica_Finally Together - Volume 2 - 05 - Chacabuqueando.flac,True,True,2,False,True,False
Las cuarenta,Osvaldo Pugliese / Astor Piazolla,1992,tango,,D:\Dropbox\TDJ\MUSICA\Dan\Pugliese\Pugliese & Piazolla - Finally Together - Volume 2\Osvaldo Pugliese y su orquesta típica_Finally Together - Volume 2 - 06 - Las cuarenta.flac,True,False,0,False,True,False
Bailemos,Osvaldo Pugliese / Astor Piazolla,1992,tango,,D:\Dropbox\TDJ\MUSICA\Dan\Pugliese\Pugliese & Piazolla - Finally Together - Volume 2\Osvaldo Pugliese y su orquesta típica_Finally Together - Volume 2 - 07 - Bailemos.flac,True,False,0,False,True,False
Ensayando,Osvaldo Pugliese / Astor Piazolla,1992,tango,,D:\Dropbox\TDJ\MUSICA\Dan\Pugliese\Pugliese & Piazolla - Finally Together - Volume 2\Osvaldo Pugliese y su orquesta típica_Finally Together - Volume 2 - 08 - Ensayando.flac,True,True,1,False,True,False
A Evaristo Carriego,Osvaldo Pugliese / Astor Piazolla,1992,tango,,D:\Dropbox\TDJ\MUSICA\Dan\Pugliese\Pugliese & Piazolla - Finally Together - Volume 2\Osvaldo Pugliese y su orquesta típica_Finally Together - Volume 2 - 09 - A Evaristo Carriego.flac,True,True,2,False,True,False
Desde el alma,Osvaldo Pugliese / Astor Piazolla,1992,tango vals,,D:\Dropbox\TDJ\MUSICA\Dan\Pugliese\Pugliese & Piazolla - Finally Together - Volume 2\Osvaldo Pugliese y su orquesta típica_Finally Together - Volume 2 - 10 - Desde el alma.flac,True,True,2,False,True,False
La canción de Buenos Aires,Osvaldo Pugliese / Astor Piazolla,1992,tango,,D:\Dropbox\TDJ\MUSICA\Dan\Pugliese\Pugliese & Piazolla - Finally Together - Volume 2\Osvaldo Pugliese y su orquesta típica_Finally Together - Volume 2 - 11 - La canción de Buenos Aires.flac,True,True,2,False,True,False
Contame una historia,Osvaldo Pugliese / Astor Piazolla,1992,tango,,D:\Dropbox\TDJ\MUSICA\Dan\Pugliese\Pugliese & Piazolla - Finally Together - Volume 2\Osvaldo Pugliese y su orquesta típica_Finally Together - Volume 2 - 12 - Contame una historia.flac,True,True,2,False,True,False
Mala junta,Osvaldo Pugliese / Astor Piazolla,1992,tango,,D:\Dropbox\TDJ\MUSICA\Dan\Pugliese\Pugliese & Piazolla - Finally Together - Volume 2\Osvaldo Pugliese y su orquesta típica_Finally Together - Volume 2 - 13 - Mala junta.flac,True,True,3,False,True,False
Chiqué,Osvaldo Pugliese / Astor Piazolla,1992,tango,,D:\Dropbox\TDJ\MUSICA\Dan\Pugliese\Pugliese & Piazolla - Finally Together - Volume 2\Osvaldo Pugliese y su orquesta típica_Finally Together - Volume 2 - 14 - Chiqué.flac,True,True,2,False,True,False
Milonga para Gardel,Osvaldo Pugliese / Astor Piazolla,1992,tango,,D:\Dropbox\TDJ\MUSICA\Dan\Pugliese\Pugliese & Piazolla - Finally Together - Volume 2\Osvaldo Pugliese y su orquesta típica_Finally Together - Volume 2 - 15 - Milonga para Gardel.flac,True,True,2,False,True,False
La Yumba & Adios Nonino,Osvaldo Pugliese / Astor Piazolla,1992,tango,,D:\Dropbox\TDJ\MUSICA\Dan\Pugliese\Pugliese & Piazolla - Finally Together - Volume 2\Osvaldo Pugliese y su orquesta típica_Finally Together - Volume 2 - 16 - La yumba.flac,True,True,9,False,True,False
La Cancion De Buenos Aires (Cant. Abel Cordoba),Osvaldo Pugliese / Astor Piazzolla,1992,tango,Maizani,D:\Dropbox\TDJ\MUSICA\Osvaldo LA YUMBA\- PUGLIESE\Kiko pugli\Osvaldo Pugliese 1973-1974-1976\05-pugliese-la cancion de buenos aires (cant abel cordoba)-de maizani-cufaro y romero - 1974.mp3,True,True,2,False,True,False
La Cumparsita,Osvaldo Pugliese / Carlos Guido / Jorge Maciel / Luis Mela,1982,tango,,D:\Dropbox\TDJ\MUSICA\Dan\Pugliese\Tangos Famosos\Osvaldo Pugliese - Carlos Guido - Jorge Maciel - Luis Mela_Tangos Famosos - 01 - La Cumparsita.flac,True,True,1,False,True,False
Madrugada porteña,Osvaldo Pugliese / Eduardo Espinosa,1981-07-17,tango,Musica: ? - Letra: ?,D:\Dropbox\TDJ\MUSICA\Osvaldo LA YUMBA\- PUGLIESE\Kiko pugli\Osvaldo Pugliese - 1981 - 1982 - Todas sus grabaciones\10-1981 - osvaldo pugliese & eduardo espinoza - madrugada portena.mp3,True,True,1,False,True,True
Madrugada porteña,Osvaldo Pugliese / Eduardo Espinosa,1981-07-17,tango,Musica: ? - Letra: ?,D:\Dropbox\TDJ\MUSICA\Camilo Gatica\Osvaldo Pugliese\Compilados\Odeón (1943-1960)\Osvaldo Pugliese - Edicion Aniversario (CD.4) (1978-1989)\07.José Libertella & Mario Punzi - Madrugada porteña (1981).flac,True,True,1,False,True,True
Madrugada porteña,Osvaldo Pugliese / Eduardo Espinosa,1981-07-17,tango,Musica: ? - Letra: ?,D:\Dropbox\TDJ\MUSICA\Camilo Gatica\Osvaldo Pugliese\EMI-Odeón (1972-1988)\Osvaldo Pugliese - Futuro (1982)\08.José Libertella & Oscar Mario Punzi - Madrugada porteña (17-07-1981).flac,False,False,1,False,False,True
Madrugada porteña,Osvaldo Pugliese / Eduardo Espinosa,1981-07-17,tango,Musica: ? - Letra: ?,D:\Dropbox\TDJ\MUSICA\Eduardo\5\MADRUGADA PORTEÑA.mp3,True,True,1,False,True,True
Mi viejo es amigo mio,Osvaldo Pugliese / Guillermo Galvé,1981-12-03,tango milonga,Musica: ? - Letra: ?,D:\Dropbox\TDJ\MUSICA\Osvaldo LA YUMBA\- PUGLIESE\Kiko pugli\Osvaldo Pugliese - 1981 - 1982 - Todas sus grabaciones\02- mi viejo es amigo mio - guillermo galve - horacio quintana y  julio gutierrez martin - 1981.mp3,True,True,1,False,True,True
Mi viejo es amigo mio,Osvaldo Pugliese / Guillermo Galvé,1981-12-03,tango milonga,Musica: ? - Letra: ?,D:\Dropbox\TDJ\MUSICA\Eduardo\7\02 Mi Viejo Es Mi Amigo.mp3,True,True,1,False,True,True
Mi viejo es amigo mio,Osvaldo Pugliese / Guillermo Galvé,1981-12-03,tango milonga,Musica: ? - Letra: ?,D:\Dropbox\TDJ\MUSICA\Camilo Gatica\Osvaldo Pugliese\Compilados\Odeón (1943-1960)\Osvaldo Pugliese - Edicion Aniversario (CD.4) (1978-1989)\11.Horacio Quintana & Julio Martín - Mi viejo es amigo mío (1981).flac,True,True,1,False,True,True
Mi viejo es amigo mio,Osvaldo Pugliese / Guillermo Galvé,1981-12-03,tango milonga,Musica: ? - Letra: ?,D:\Dropbox\TDJ\MUSICA\Camilo Gatica\Osvaldo Pugliese\EMI-Odeón (1972-1988)\Osvaldo Pugliese - Futuro (1982)\02.Horacio Quintana & Julio Martín - Mi viejo es amigo mio (03-12-1981).flac,False,False,1,False,False,True
Crecimos juntos (Mi bandoneón y yo),Osvaldo Pugliese / Gustavo Nocetti,1982-06-30,tango,Musica: ? - Letra: ?,D:\Dropbox\TDJ\MUSICA\Osvaldo LA YUMBA\- PUGLIESE\Kiko pugli\Osvaldo Pugliese - 1981 - 1982 - Todas sus grabaciones\13 mi bandoneon y yo- gustavo nocetti - 1982- de ruben juarez y julio gutierrez martin.mp3,True,True,1,False,True,True
Crecimos juntos (Mi bandoneón y yo),Osvaldo Pugliese / Gustavo Nocetti,1982-06-30,tango,Musica: ? - Letra: ?,D:\Dropbox\TDJ\MUSICA\Eduardo\7\04 Crecimos Juntos.mp3,True,True,1,False,True,True
Crecimos juntos (Mi bandoneón y yo),Osvaldo Pugliese / Gustavo Nocetti,1982-06-30,tango,Musica: ? - Letra: ?,D:\Dropbox\TDJ\MUSICA\Camilo Gatica\Osvaldo Pugliese\Compilados\Odeón (1943-1960)\Osvaldo Pugliese - Edicion Aniversario (CD.4) (1978-1989)\13.Rubén Juárez & Julio Martín - Mi bandoneón y yo (1982).flac,True,True,1,False,True,True
Crecimos juntos (Mi bandoneón y yo),Osvaldo Pugliese / Gustavo Nocetti,1982-06-30,tango,Musica: ? - Letra: ?,D:\Dropbox\TDJ\MUSICA\Camilo Gatica\Osvaldo Pugliese\EMI-Odeón (1972-1988)\Osvaldo Pugliese - Futuro (1982)\04.Rubén Juarez & Julio Martín - Crecimos juntos (Mi bandoneón y yo) (30-06-1982).flac,True,True,1,False,True,True
Contame una historia,Osvaldo Pugliese / Hernán Salinas,1981-07-29,tango,Musica: Eladia Blázquez - Letra: Mario Iaquinandi,D:\Dropbox\TDJ\MUSICA\Eduardo\2\07 Contame Una Historia.mp3,True,True,1,False,True,True
Contáme una historia,Osvaldo Pugliese / Hernán Salinas,2005,tango,Ismael Spitalnik,D:\Dropbox\TDJ\MUSICA\Camilo Gatica\Osvaldo Pugliese\Compilados\Odeón (1943-1960)\Osvaldo Pugliese - Edicion Aniversario (CD.4) (1978-1989)\09.Eladia Blázquez & Mario Iaquinandi - Contáme una historia (1981).flac,True,True,2,False,True,False
Contame una historia,Osvaldo Pugliese / Hernán Salinas,1981-07-29,tango,Musica: Eladia Blázquez - Letra: Mario Iaquinandi,D:\Dropbox\TDJ\MUSICA\Camilo Gatica\Osvaldo Pugliese\EMI-Odeón (1972-1988)\Osvaldo Pugliese - Futuro (1982)\07.Eladia Blázquez & Mario Iaquinandi - Contáme una historia (29-07-1981).flac,False,False,1,False,False,True
La piel de Buenos Aires,Osvaldo Pugliese / Jorge Guillermo,1981-12-03,tango,Musica: Pedro Ortiz - Letra: Javier Mazzea,D:\Dropbox\TDJ\MUSICA\Eduardo\7\03 La Piel De Buenos Aires.mp3,True,True,1,False,True,True
La piel de Buenos Aires,Osvaldo Pugliese / Jorge Guillermo,1981-12-03,tango,Musica: Pedro Ortiz - Letra: Javier Mazzea,D:\Dropbox\TDJ\MUSICA\Camilo Gatica\Osvaldo Pugliese\Compilados\Odeón (1943-1960)\Osvaldo Pugliese - Edicion Aniversario (CD.4) (1978-1989)\10.Pedro Ortíz & Javier Mazzea - La piel de Buenos Aires (1981).flac,True,True,1,False,True,True
La piel de Buenos Aires,Osvaldo Pugliese / Jorge Guillermo,1981-12-03,tango,Musica: Pedro Ortiz - Letra: Javier Mazzea,D:\Dropbox\TDJ\MUSICA\Camilo Gatica\Osvaldo Pugliese\EMI-Odeón (1972-1988)\Osvaldo Pugliese - Futuro (1982)\03.Pedro Ortíz & Javier Mazzea - La piel de Buenos Aires (03-12-1981).flac,False,False,1,False,False,True
Si nace chancleta,Osvaldo Pugliese / Jorge Maciel,1959-07-23,tango,Musica: Mario Demarco - Letra: Vicente Bonvissuto,D:\Dropbox\TDJ\MUSICA\Osvaldo LA YUMBA\- PUGLIESE\Kiko pugli\Osvaldo Pugliese - 1959 - Todas sus grabaciones\04-pugliese & jorge maciel - si nace chancleta-bonvissuto y demarco-1959.mp3,True,True,1,False,True,True
Recuerdo,Osvaldo Pugliese / Jorge Maciel,,tango,,D:\Dropbox\TDJ\MUSICA\Osvaldo LA YUMBA\- PUGLIESE\Kiko pugli\Osvaldo Pugliese - 1966 - Todas sus grabaciones\10-osvaldo pugliese - jorge maciel - recuerdo-  pugliese y eduardo moreno.mp3,True,True,4,False,True,False
Un Lamento                                            1960,Osvaldo Pugliese / Jorge Maciel,,tango,,D:\Dropbox\TDJ\MUSICA\Osvaldo LA YUMBA\- PUGLIESE\Kiko pugli\Osvaldo Pugliese - 1960 - Todas sus grabaciones\02-un lamento - pugliese-jorge maciel - De Leone y Numa - 1960.mp3,True,True,3,False,True,False
Mamita (Flor De Angustia),Osvaldo Pugliese / Jorge Maciel,1959,tango,,D:\Dropbox\TDJ\MUSICA\Osvaldo LA YUMBA\- PUGLIESE\Kiko pugli\Osvaldo Pugliese - 1959 - Todas sus grabaciones\02-jorge maciel-mamita (flor de angustia)-bohigas y danesi-1959.mp3,True,True,4,False,True,False
Silencio,Osvaldo Pugliese / Jorge Maciel,1959-08-06,tango,Musica: Carlos Gardel y Horacio Pettorossi - Letra: Alfredo Le Pera y Horacio Pettorossi,D:\Dropbox\TDJ\MUSICA\Osvaldo LA YUMBA\- PUGLIESE\Kiko pugli\Osvaldo Pugliese - 1959 - Todas sus grabaciones\09-osvaldo pugliese & jorge maciel- silencio - Gardel-Razzano-Pettorossi - 6-8-59.mp3,True,True,1,False,True,True
Y todavia te quiero,Osvaldo Pugliese / Jorge Maciel,1956-06-21,tango,Musica: Luciano Leocata - Letra: Abel Aznar,D:\Dropbox\TDJ\MUSICA\Osvaldo LA YUMBA\- PUGLIESE\Kiko pugli\Osvaldo Pugliese - 1955 - 1956 - Todas sus grabaciones\12- Y todavía te quiero - de Leocata y Aznar- Jorge Maciel - 1956.mp3,True,True,1,False,True,True
Remembranza (Remembranzas),Osvaldo Pugliese / Jorge Maciel,1956-07-04,tango,Musica: Mario Melfi - Letra: Mario Battistella,D:\Dropbox\TDJ\MUSICA\Osvaldo LA YUMBA\- PUGLIESE\Kiko pugli\Osvaldo Pugliese - 1955 - 1956 - Todas sus grabaciones\14- Remembranza - de Melffi y Batistella - Jorge Maciel - 1956.mp3,True,True,1,False,True,True
Esta noche de luna,Osvaldo Pugliese / Jorge Maciel,1955-09-02,tango,Musica: José García y Graciano Gómez - Letra: Héctor Marcó,D:\Dropbox\TDJ\MUSICA\Eduardo\7\03 Esta Noche De Luna  - es 128.mp3,True,True,1,False,True,True
Esta noche de luna,Osvaldo Pugliese / Jorge Maciel,1955-09-02,tango,Musica: José García y Graciano Gómez - Letra: Héctor Marcó,D:\Dropbox\TDJ\MUSICA\Eduardo\7\03 Esta Noche De Luna      -       2.mp3,True,True,1,False,True,True
Muchacha,Osvaldo Pugliese / Jorge Maciel,1956-10-26,tango,Musica: Jesús Rilo Suárez y Luis Caruso - Letra: Jesús Rilo Suárez y Luis Caruso,D:\Dropbox\TDJ\MUSICA\Eduardo\2\09 Muchacha.mp3,True,True,1,False,True,True
Adiós corazón,Osvaldo Pugliese / Jorge Maciel,1958-05-29,tango,Musica: Lalo Etchegoncelay - Letra: Héctor Sapelli,D:\Dropbox\TDJ\MUSICA\Eduardo\2\10 Adiós Corazón          -       3_.mp3,True,True,1,False,True,True
Adiós corazón,Osvaldo Pugliese / Jorge Maciel,1958-05-29,tango,Musica: Lalo Etchegoncelay - Letra: Héctor Sapelli,D:\Dropbox\TDJ\MUSICA\Eduardo\2\10 Adiós Corazón   - esu128.mp3,True,True,1,False,True,True
Silencio,Osvaldo Pugliese / Jorge Maciel,1959-08-06,tango,Musica: Carlos Gardel y Horacio Pettorossi - Letra: Alfredo Le Pera y Horacio Pettorossi,D:\Dropbox\TDJ\MUSICA\Eduardo\6\16 Silencio.mp3,True,True,1,False,True,True
Esta noche de luna,Osvaldo Pugliese / Jorge Maciel,1955-09-02,tango,Musica: José García y Graciano Gómez - Letra: Héctor Marcó,D:\Dropbox\TDJ\MUSICA\Eduardo\1\Esta Noche De Luna 1 - esu320(128)ok.mp3,True,True,1,False,True,True
La Vi Llegar,Osvaldo Pugliese / Jorge Maciel,1994,tango,Ismael Spitalnek,D:\Dropbox\TDJ\MUSICA\Osvaldo LA YUMBA\- PUGLIESE\Kiko pugli\Osvaldo Pugliese - 1961- Todas sus grabaciones\05-pugliese & jorge maciel - la vi llegar-francini y centeya-1961.mp3,True,True,1,False,True,False
La Vi Llegar,Osvaldo Pugliese / Jorge Maciel,1994,tango,,D:\Dropbox\TDJ\MUSICA\Eva\Osvaldo Pugliese Y Su Orquesta Típica\Antología - Volumen 1\06 Osvaldo Pugliese - Jorge Maciel _ La Vi Llegar.mp3,True,True,1,False,True,False
Senda De Amor,Osvaldo Pugliese / Jorge Maciel,1994,tango,,D:\Dropbox\TDJ\MUSICA\Eva\Osvaldo Pugliese Y Su Orquesta Típica\Antología - Volumen 1\10 Osvaldo Pugliese - Jorge Maciel _ Senda De Amor.mp3,True,True,1,False,True,False
Dos Amores,Osvaldo Pugliese / Jorge Maciel,1994,tango,,D:\Dropbox\TDJ\MUSICA\Eva\Osvaldo Pugliese Y Su Orquesta Típica\Antología - Volumen 1\12 Osvaldo Pugliese - Jorge Maciel _ Dos Amores.mp3,True,True,1,False,True,False
Llévame Carretero,Osvaldo Pugliese / Jorge Maciel,1994,tango,,D:\Dropbox\TDJ\MUSICA\Eva\Osvaldo Pugliese Y Su Orquesta Típica\Antología - Volumen 1\17 Osvaldo Pugliese - Jorge Maciel _ Llévame Carretero.mp3,True,True,1,False,True,False
La solita,Osvaldo Pugliese / Jorge Maciel,1964-04,tango,Musica: ? - Letra: ?,D:\Dropbox\TDJ\MUSICA\Osvaldo LA YUMBA\- PUGLIESE\Kiko pugli\Osvaldo Pugliese - 1964 - 1965 - Todas sus grabaciones\02-la solita (c jorge maciel)-Buccino-Cantore-Edmundo Rivero - 1964.mp3,True,True,1,False,True,True
La solita,Osvaldo Pugliese / Jorge Maciel,1964-04,tango,Musica: ? - Letra: ?,D:\Dropbox\TDJ\MUSICA\Eva\Osvaldo Pugliese Y Su Orquesta Típica\Antología - Volumen 2\14 La Solita (c. Jorge Maciel).mp3,True,True,1,False,True,True
Qué Falta Qué Me Hacés,Osvaldo Pugliese / Jorge Maciel,1994,tango,Arturo Penon/Ismael Hector Varela,"D:\Dropbox\TDJ\MUSICA\Osvaldo LA YUMBA\- PUGLIESE\Kiko pugli\Osvaldo Pugliese - 1964 - 1965 - Todas sus grabaciones\08-osvaldo pugliese - jorge maciel _ qué falta qué me hacés- caló, Pontier y silva - 1964.mp3",True,True,1,False,True,False
La Casita De Mis Viejos,Osvaldo Pugliese / Jorge Maciel,1994,tango,Aldo Queirolo/Alfredo Mazzochi,D:\Dropbox\TDJ\MUSICA\Osvaldo LA YUMBA\- PUGLIESE\Kiko pugli\Osvaldo Pugliese - 1964 - 1965 - Todas sus grabaciones\14-osvaldo pugliese - jorge maciel _ la casita de mis viejos- cobian y cadicamo - 1965.mp3,True,True,1,False,True,False
Qué Falta Qué Me Hacés,Osvaldo Pugliese / Jorge Maciel,1994,tango,,D:\Dropbox\TDJ\MUSICA\Eva\Osvaldo Pugliese Y Su Orquesta Típica\Antología - Volumen 3\02 Osvaldo Pugliese - Jorge Maciel _ Qué Falta Qué Me Hacés.mp3,True,True,1,False,True,False
La Casita De Mis Viejos,Osvaldo Pugliese / Jorge Maciel,1994,tango,,D:\Dropbox\TDJ\MUSICA\Eva\Osvaldo Pugliese Y Su Orquesta Típica\Antología - Volumen 3\08 Osvaldo Pugliese - Jorge Maciel _ La Casita De Mis Viejos.mp3,True,True,1,False,True,False
Frase,Osvaldo Pugliese / Jorge Maciel,1994,tango,,D:\Dropbox\TDJ\MUSICA\Eva\Osvaldo Pugliese Y Su Orquesta Típica\Antología - Volumen 3\15 Osvaldo Pugliese - Jorge Maciel _ Frase.mp3,True,True,1,False,True,False
Navidad,Osvaldo Pugliese / Jorge Maciel,1994,tango,,D:\Dropbox\TDJ\MUSICA\Eva\Osvaldo Pugliese Y Su Orquesta Típica\Antología - Volumen 4\01 Osvaldo Pugliese - Jorge Maciel _ Navidad.mp3,True,True,1,False,True,False
Jamás Lo Vas A Saber,Osvaldo Pugliese / Jorge Maciel,1994,tango,,D:\Dropbox\TDJ\MUSICA\Eva\Osvaldo Pugliese Y Su Orquesta Típica\Antología - Volumen 4\03 Osvaldo Pugliese - Jorge Maciel _ Jamás Lo Vas A Saber.mp3,True,True,1,False,True,False
Qué Solo Estoy,Osvaldo Pugliese / Jorge Maciel,1994,tango,,D:\Dropbox\TDJ\MUSICA\Eva\Osvaldo Pugliese Y Su Orquesta Típica\Antología - Volumen 4\05 Osvaldo Pugliese - Jorge Maciel _ Qué Solo Estoy.mp3,True,True,1,False,True,False
Recuerdo,Osvaldo Pugliese / Jorge Maciel,1994,tango,,D:\Dropbox\TDJ\MUSICA\Eva\Osvaldo Pugliese Y Su Orquesta Típica\Antología - Volumen 4\09 Osvaldo Pugliese - Jorge Maciel _ Recuerdo.mp3,True,True,4,False,True,False
Así Era Ella... Muchachos,Osvaldo Pugliese / Jorge Maciel,1994,tango,,D:\Dropbox\TDJ\MUSICA\Eva\Osvaldo Pugliese Y Su Orquesta Típica\Antología - Volumen 4\11 Osvaldo Pugliese - Jorge Maciel _ Así Era Ella... Muchachos.mp3,True,True,1,False,True,False
Caminito,Osvaldo Pugliese / Jorge Maciel,1994,tango,,D:\Dropbox\TDJ\MUSICA\Eva\Osvaldo Pugliese Y Su Orquesta Típica\Antología - Volumen 4\13 Osvaldo Pugliese - Jorge Maciel _ Caminito.mp3,True,True,1,False,True,False
Lágrimas De Sangre,Osvaldo Pugliese / Jorge Maciel,1994,tango,,D:\Dropbox\TDJ\MUSICA\Eva\Osvaldo Pugliese Y Su Orquesta Típica\Antología - Volumen 4\15 Osvaldo Pugliese - Jorge Maciel _ Lágrimas De Sangre.mp3,True,True,1,False,True,False
Navidad,Osvaldo Pugliese / Jorge Maciel,1994,tango,,D:\Dropbox\TDJ\MUSICA\Osvaldo LA YUMBA\- PUGLIESE\Kiko pugli\Osvaldo Pugliese - 1966 - Todas sus grabaciones\02-osvaldo pugliese - jorge maciel _ navidad- Pugliese y Moreno.mp3,True,True,1,False,True,False
Caminito,Osvaldo Pugliese / Jorge Maciel,1994,tango,,D:\Dropbox\TDJ\MUSICA\Osvaldo LA YUMBA\- PUGLIESE\Kiko pugli\Osvaldo Pugliese - 1966 - Todas sus grabaciones\14--13-osvaldo pugliese - jorge maciel _ caminito- filiberto y pañaloza.mp3,True,True,1,False,True,False
Lágrimas De Sangre,Osvaldo Pugliese / Jorge Maciel,1994,tango,,D:\Dropbox\TDJ\MUSICA\Osvaldo LA YUMBA\- PUGLIESE\Kiko pugli\Osvaldo Pugliese - 1967 - Todas sus grabaciones\01-osvaldo pugliese - jorge maciel _ lágrimas de sangre- roberto gimenez - 1967.mp3,True,True,1,False,True,False
Decencia,Osvaldo Pugliese / Jorge Maciel,1994,tango,,D:\Dropbox\TDJ\MUSICA\Osvaldo LA YUMBA\- PUGLIESE\Kiko pugli\Osvaldo Pugliese - 1967 - Todas sus grabaciones\07--osvaldo pugliese - jorge maciel _ decencia- Mazzea - 1967.mp3,True,True,1,False,True,False
Arrepentido,Osvaldo Pugliese / Jorge Maciel,1994,tango,,D:\Dropbox\TDJ\MUSICA\Osvaldo LA YUMBA\- PUGLIESE\Kiko pugli\Osvaldo Pugliese - 1967 - Todas sus grabaciones\12-osvaldo pugliese - jorge maciel _ arrepentido- sciammarella - 1967.mp3,True,True,1,False,True,False
Esta Ciudad,Osvaldo Pugliese / Jorge Maciel,1994,tango,,D:\Dropbox\TDJ\MUSICA\Osvaldo LA YUMBA\- PUGLIESE\Kiko pugli\Osvaldo Pugliese - 1967 - Todas sus grabaciones\15-osvaldo pugliese - jorge maciel _ esta ciudad- avena y hector negro - 1967.mp3,True,True,1,False,True,False
Decencia,Osvaldo Pugliese / Jorge Maciel,1994,tango,,D:\Dropbox\TDJ\MUSICA\Eva\Osvaldo Pugliese Y Su Orquesta Típica\Antología - Volumen 5\04 Osvaldo Pugliese - Jorge Maciel _ Decencia.mp3,True,True,1,False,True,False
Arrepentido,Osvaldo Pugliese / Jorge Maciel,1994,tango,,D:\Dropbox\TDJ\MUSICA\Eva\Osvaldo Pugliese Y Su Orquesta Típica\Antología - Volumen 5\08 Osvaldo Pugliese - Jorge Maciel _ Arrepentido.mp3,True,True,1,False,True,False
Esta Ciudad,Osvaldo Pugliese / Jorge Maciel,1994,tango,,D:\Dropbox\TDJ\MUSICA\Eva\Osvaldo Pugliese Y Su Orquesta Típica\Antología - Volumen 5\11 Osvaldo Pugliese - Jorge Maciel _ Esta Ciudad.mp3,True,True,1,False,True,False
Por qué la quise tanto,Osvaldo Pugliese / Jorge Maciel,1962-09,tango,Musica: Mariano Mores - Letra: Rodolfo Taboada,D:\Dropbox\TDJ\MUSICA\Eduardo\7\04 Por Qué La Quise Tanto.mp3,True,True,1,False,True,True
De mi ciudad,Osvaldo Pugliese / Jorge Maciel,1962-09,tango,Musica: ? - Letra: ?,D:\Dropbox\TDJ\MUSICA\Eduardo\2\07 De Mi Ciudad.mp3,True,True,1,False,True,True
La solita,Osvaldo Pugliese / Jorge Maciel,1964-04,tango,Musica: ? - Letra: ?,D:\Dropbox\TDJ\MUSICA\Eduardo\2\14 La Solita.mp3,True,True,1,False,True,True
Será una noche,Osvaldo Pugliese / Jorge Maciel,1964-07,tango,Musica: José Tinelli - Letra: Manuel Ferradás Campos,D:\Dropbox\TDJ\MUSICA\Eduardo\6\18 Será Una Noche.mp3,True,True,1,False,True,True
Por qué la quise tanto,Osvaldo Pugliese / Jorge Maciel,1962-09,tango,Musica: Mariano Mores - Letra: Rodolfo Taboada,D:\Dropbox\TDJ\MUSICA\Eduardo\4\Por Que La Quise Tanto  1-Mono181.mp3,True,True,1,False,True,True
Por qué la quise tanto,Osvaldo Pugliese / Jorge Maciel,1962-09,tango,Musica: Mariano Mores - Letra: Rodolfo Taboada,D:\Dropbox\TDJ\MUSICA\Eduardo\4\Por Qué La Quise Tanto   1-esu189ok.mp3,True,True,1,False,True,True
Cascabelito,Osvaldo Pugliese / Jorge Maciel,1955-09-22,tango,Musica: José Bohr - Letra: Juan Andrés Caruso,"D:\Dropbox\TDJ\MUSICA\Edmundo\Pugliese\Osvaldo Pugliese, Jorge Maciel - Cascabelito.mp3",True,True,1,False,True,True
Cascabelito,Osvaldo Pugliese / Jorge Maciel,1995,tango,,D:\Dropbox\TDJ\MUSICA\Dan\Pugliese\Ausencia\Osvaldo Pugliese feat. Jorge Maciel_Ausencia - 14 - Cascabelito.flac,True,True,1,False,True,False
Remembranzas,Osvaldo Pugliese / Jorge Maciel,1995,tango,,D:\Dropbox\TDJ\MUSICA\Dan\Pugliese\Ausencia\Osvaldo Pugliese feat. Jorge Maciel_Ausencia - 15 - Remembranzas.flac,True,True,1,False,True,False
El adios,Osvaldo Pugliese / Jorge Maciel,1963-04,tango,Musica: Maruja Pacheco Huergo - Letra: Virgilio San Clemente,D:\Dropbox\TDJ\MUSICA\Eduardo\1\El Adios      1 - esu133.mp3,True,True,1,False,True,True
El adios,Osvaldo Pugliese / Jorge Maciel,1963-04,tango,Musica: Maruja Pacheco Huergo - Letra: Virgilio San Clemente,D:\Dropbox\TDJ\MUSICA\Eduardo\1\El Adios.mp3,True,True,1,False,True,True
La casita de mis viejos,Osvaldo Pugliese / Jorge Maciel,1965-04,tango,Musica: Juan Carlos Cobián - Letra: Enrique Cadícamo,D:\Dropbox\TDJ\MUSICA\Eduardo\6\17 La Casita De Mis Viejos.mp3,True,True,1,False,True,True
Decime Dios dónde estás,Osvaldo Pugliese / Jorge Maciel,1963-11,tango,Musica: Manuel Sucher - Letra: Tita Merello,D:\Dropbox\TDJ\MUSICA\Eduardo\2\09 Decíme Dios Donde Estás.mp3,True,True,1,False,True,True
El adios,Osvaldo Pugliese / Jorge Maciel,1963-04,tango,Musica: Maruja Pacheco Huergo - Letra: Virgilio San Clemente,D:\Dropbox\TDJ\MUSICA\Eduardo\2\10 El Adiós         -esu128.mp3,True,True,1,False,True,True
Navidad,Osvaldo Pugliese / Jorge Maciel,1966-08,tango vals,Musica: Osvaldo Pugliese - Letra: Eduardo Moreno,D:\Dropbox\TDJ\MUSICA\Eduardo\2\13 Navidad.mp3,True,True,1,False,True,True
Recuerdo,Osvaldo Pugliese / Jorge Maciel,1966-09,tango,Musica: Osvaldo Pugliese - Letra: Eduardo Moreno,D:\Dropbox\TDJ\MUSICA\Eduardo\6\14 Recuerdo.mp3,True,True,1,False,True,True
El Pañuelito,Osvaldo Pugliese / Jorge Maciel,1991,tango,,D:\Dropbox\TDJ\MUSICA\Osvaldo LA YUMBA\- PUGLIESE\Kiko pugli\Osvaldo Pugliese - 1959 - Todas sus grabaciones\06-jorge maciel -osvaldo pugliese el pañuelito-filiberto y peñaloza - 1959.mp3,True,True,1,False,True,False
Remembranza (Remembranzas),Osvaldo Pugliese / Jorge Maciel,1956-07-04,tango,Musica: Mario Melfi - Letra: Mario Battistella,"D:\Dropbox\TDJ\MUSICA\Edmundo\Pugliese\Osvaldo Pugliese, Jorge Maciel - Remembranza.mp3",True,True,1,False,True,True
Y todavia te quiero,Osvaldo Pugliese / Jorge Maciel,1956-06-21,tango,Musica: Luciano Leocata - Letra: Abel Aznar,D:\Dropbox\TDJ\MUSICA\Eduardo\4\Y Todavia Te Quiero  1 - esu192.mp3,True,True,1,False,True,True
Arrepentido,Osvaldo Pugliese / Jorge Maciel,1967-11,tango,Musica: Rodolfo Sciammarella - Letra: Rodolfo Sciammarella,D:\Dropbox\TDJ\MUSICA\Eduardo\3\Arrepentido.mp3,True,True,1,False,True,True
Dónde estás,Osvaldo Pugliese / Jorge Maciel,1959-08-07,tango,Musica: Manuel Sucher - Letra: Carlos Bahr,D:\Dropbox\TDJ\MUSICA\Eduardo\1\Donde Estas              -.mp3,True,True,1,False,True,True
La vi llegar,Osvaldo Pugliese / Jorge Maciel,1961-08,tango,Musica: Enrique Francini - Letra: Julián Centeya,D:\Dropbox\TDJ\MUSICA\Eduardo\5\La Vi Llegar            -.mp3,True,True,1,False,True,True
Que solo estoy,Osvaldo Pugliese / Jorge Maciel,1966-06,tango,Musica: Raúl Kaplún - Letra: Roberto Miró,D:\Dropbox\TDJ\MUSICA\Eduardo\4\Que Solo Estoy.mp3,True,True,1,False,True,True
Que solo estoy,Osvaldo Pugliese / Jorge Maciel,1966-06,tango,Musica: Raúl Kaplún - Letra: Roberto Miró,D:\Dropbox\TDJ\MUSICA\Eduardo\4\Que Solo Estoy       - esu 320.mp3,True,True,1,False,True,True
Y no podrás querer,Osvaldo Pugliese / Jorge Maciel,1959-07-23,tango,Musica: Luis Riccardi - Letra: Silvio Marinucci,D:\Dropbox\TDJ\MUSICA\Eduardo\4\Y No Podras Querer.mp3,True,True,1,False,True,True
Y todavia te quiero,Osvaldo Pugliese / Jorge Maciel,1956-06-21,tango,Musica: Luciano Leocata - Letra: Abel Aznar,D:\Dropbox\TDJ\MUSICA\Eduardo\4\Y Todavia Te Quiero.mp3,True,True,1,False,True,True
La vi llegar,Osvaldo Pugliese / Jorge Maciel,1961-08,tango,Musica: Enrique Francini - Letra: Julián Centeya,D:\Dropbox\TDJ\MUSICA\Eduardo\5\La Vi Llegar.mp3,True,True,1,False,True,True
Dónde estás,Osvaldo Pugliese / Jorge Maciel,1959-08-07,tango,Musica: Manuel Sucher - Letra: Carlos Bahr,D:\Dropbox\TDJ\MUSICA\Eduardo\1\Donde Estas.mp3,True,True,1,False,True,True
Dónde estás,Osvaldo Pugliese / Jorge Maciel,1959-08-07,tango,Musica: Manuel Sucher - Letra: Carlos Bahr,D:\Dropbox\TDJ\MUSICA\Eduardo\1\Donde Estas      1 - esu130.mp3,True,True,1,False,True,True
La vi llegar,Osvaldo Pugliese / Jorge Maciel,1961-08,tango,Musica: Enrique Francini - Letra: Julián Centeya,D:\Dropbox\TDJ\MUSICA\Eduardo\5\La Vi Llegar    1 - esu142.mp3,True,True,1,False,True,True
El pañuelito,Osvaldo Pugliese / Jorge Maciel,1959-07-23,tango,Musica: Juan de Dios Filiberto - Letra: Gabino Coria Peñaloza,D:\Dropbox\TDJ\MUSICA\Eduardo\1\El Pañuelito     1 - esu320 ok.mp3,True,True,1,False,True,True
La vieja vale más,Osvaldo Pugliese / Jorge Maciel,1961-07,tango,Musica: Juan Carlos Lotito - Letra: Vicente Demarco,D:\Dropbox\TDJ\MUSICA\Eduardo\7\02 La Vieja Vale Mas.mp3,True,True,1,False,True,True
Melenita de oro,Osvaldo Pugliese / Jorge Maciel,1961-07,tango,Musica: Carlos Vicente Geroni Flores - Letra: Samuel Linnig,D:\Dropbox\TDJ\MUSICA\Eduardo\2\07 Melenita De Oro.mp3,True,True,1,False,True,True
Muchachita del amanecer,Osvaldo Pugliese / Jorge Maciel,1961-07,tango,Musica: Osvaldo Pugliese - Letra: Domingo Arcidiacono,D:\Dropbox\TDJ\MUSICA\Eduardo\2\11 Muchachita Del Amanecer.mp3,True,True,1,False,True,True
La vieja vale más,Osvaldo Pugliese / Jorge Maciel,1961-07,tango,Musica: Juan Carlos Lotito - Letra: Vicente Demarco,D:\Dropbox\TDJ\MUSICA\Dan\Pugliese\El eslabón perdido\Osvaldo Pugliese_El eslabón perdido - 02 - La vieja vale más.flac,True,True,1,False,True,True
Melenita de oro,Osvaldo Pugliese / Jorge Maciel,1961-07,tango,Musica: Carlos Vicente Geroni Flores - Letra: Samuel Linnig,D:\Dropbox\TDJ\MUSICA\Dan\Pugliese\El eslabón perdido\Osvaldo Pugliese_El eslabón perdido - 07 - Melenita de oro.flac,True,True,1,False,True,True
Muchachita del amanecer,Osvaldo Pugliese / Jorge Maciel,1961-07,tango,Musica: Osvaldo Pugliese - Letra: Domingo Arcidiacono,D:\Dropbox\TDJ\MUSICA\Dan\Pugliese\El eslabón perdido\Osvaldo Pugliese_El eslabón perdido - 11 - Muchachita del amanecer.flac,True,True,1,False,True,True
La vieja vale más,Osvaldo Pugliese / Jorge Maciel,1961-07,tango,Musica: Juan Carlos Lotito - Letra: Vicente Demarco,D:\Dropbox\TDJ\MUSICA\Osvaldo LA YUMBA\- PUGLIESE\Kiko pugli\Osvaldo Pugliese - 1960 - Todas sus grabaciones\11-la vieja vale más - o pugliese - j maciel- de de aldana y lotito - º960.mp3,True,True,1,False,True,True
El Pañuelito,Osvaldo Pugliese / Jorge Maciel,1957,tango,,"D:\Dropbox\TDJ\MUSICA\Edmundo\Pugliese\Osvaldo Pugliese, Jorge Maciel - El Pañuelito.mp3",True,True,1,False,True,False
Remembranza,Osvaldo Pugliese / Jorge Maciel,1946,tango,Musica: Mario Melfi - Letra: Mario Battistella,D:\Dropbox\TDJ\MUSICA\Eduardo\4\Remembranza  1 - esu128 ok.mp3,True,True,1,False,True,False
El adios,Osvaldo Pugliese / Jorge Maciel,1963-04,tango,Musica: Maruja Pacheco Huergo - Letra: Virgilio San Clemente,"D:\Dropbox\TDJ\MUSICA\Edmundo\Pugliese\Osvaldo Pugliese, Jorge Maciel - El Adiós.mp3",True,True,1,False,True,True
Jamás lo vas a saber,Osvaldo Pugliese / Jorge Maciel,1966-05,tango,Musica: Manuel Sucher - Letra: Abel Aznar,D:\Dropbox\TDJ\MUSICA\Dan\Pugliese\Lágrimas\Osvaldo Pugliese - Jorge Maciel_Lágrimas - 01 - Jamás Lo Vas A Saber.flac,True,True,1,False,True,True
Será una noche,Osvaldo Pugliese / Jorge Maciel,1964-07,tango,Musica: José Tinelli - Letra: Manuel Ferradás Campos,D:\Dropbox\TDJ\MUSICA\Dan\Pugliese\Lágrimas\Osvaldo Pugliese - Jorge Maciel_Lágrimas - 07 - Será Una Noche.flac,True,True,1,False,True,True
El adios,Osvaldo Pugliese / Jorge Maciel,1963-04,tango,Musica: Maruja Pacheco Huergo - Letra: Virgilio San Clemente,D:\Dropbox\TDJ\MUSICA\Dan\Pugliese\Lágrimas\Osvaldo Pugliese - Jorge Maciel_Lágrimas - 09 - El Adiós.flac,True,True,1,False,True,True
Dos amores,Osvaldo Pugliese / Jorge Maciel,1961-11,tango,Musica: Antonio Sureda - Letra: Gerónimo Sureda,D:\Dropbox\TDJ\MUSICA\Dan\Pugliese\Lágrimas\Osvaldo Pugliese - Jorge Maciel_Lágrimas - 12 - Dos Amores.flac,True,True,1,False,True,True
Remembranza (Remembranzas),Osvaldo Pugliese / Jorge Maciel,1956-07-04,tango,Musica: Mario Melfi - Letra: Mario Battistella,"D:\Dropbox\TDJ\MUSICA\Dan\Varios\Los clásicos argentinos- Tango, volumen 25- Roberto Firpo- un patriarca de la Guardia Vieja\Osvaldo Pugliese & Jorge Maciel - Remembranzas.flac",True,True,1,False,True,True
La vieja vale más,Osvaldo Pugliese / Jorge Maciel,1961-07,tango,Musica: Juan Carlos Lotito - Letra: Vicente Demarco,D:\Dropbox\TDJ\MUSICA\Leandro\Osvaldo Pugliese\Osvaldo Pugliese - El eslabón perdido (Sello Stentor + Bonus tracks) (1960)\02.Juan Carlos Lotito & Vicente Demarco - La vieja vale mas.flac,True,True,1,False,True,True
Melenita de oro,Osvaldo Pugliese / Jorge Maciel,1961-07,tango,Musica: Carlos Vicente Geroni Flores - Letra: Samuel Linnig,D:\Dropbox\TDJ\MUSICA\Leandro\Osvaldo Pugliese\Osvaldo Pugliese - El eslabón perdido (Sello Stentor + Bonus tracks) (1960)\07.Carlos Vicente Geroni Flores & Samuel Linning - Melenita de oro.flac,True,True,1,False,True,True
Muchachita del amanecer,Osvaldo Pugliese / Jorge Maciel,1961-07,tango,Musica: Osvaldo Pugliese - Letra: Domingo Arcidiacono,D:\Dropbox\TDJ\MUSICA\Leandro\Osvaldo Pugliese\Osvaldo Pugliese - El eslabón perdido (Sello Stentor + Bonus tracks) (1960)\11.Osvaldo Pugliese & Domingo Arcidiacono - Muchachita del amanecer.flac,True,True,1,False,True,True
La Vi Llegar,Osvaldo Pugliese / Jorge Maciel,1994,tango,,D:\Dropbox\TDJ\MUSICA\Camilo Gatica\Osvaldo Pugliese\Compilados\Philips (1962-1970)\Osvaldo Pugliese - Antología Vol.1 (1961-1962)\06.Enrique Mario Francini & Julián Centeya - La vi llegar.flac,True,True,1,False,True,False
Senda de amor,Osvaldo Pugliese / Jorge Maciel,1961-10,tango,Musica: ? - Letra: ?,"D:\Dropbox\TDJ\MUSICA\Edmundo\Pugliese\Osvaldo Pugliese, Jorge Maciel - Senda de amor.flac",True,True,1,False,True,True
Dos amores,Osvaldo Pugliese / Jorge Maciel,1994,tango,,D:\Dropbox\TDJ\MUSICA\Camilo Gatica\Osvaldo Pugliese\Compilados\Philips (1962-1970)\Osvaldo Pugliese - Antología Vol.1 (1961-1962)\12.Antonio Sureda & Gerónimo Sureda - Dos amores.flac,True,True,1,False,True,False
Llevame carretero,Osvaldo Pugliese / Jorge Maciel,1994,tango,,D:\Dropbox\TDJ\MUSICA\Camilo Gatica\Osvaldo Pugliese\Compilados\Philips (1962-1970)\Osvaldo Pugliese - Antología Vol.1 (1961-1962)\17.Manuel Parada & José Cicarelli - Llevame carretero.flac,True,True,1,False,True,False
Por qué la quise tanto,Osvaldo Pugliese / Jorge Maciel,1994,tango,Mariano Mores,D:\Dropbox\TDJ\MUSICA\Camilo Gatica\Osvaldo Pugliese\Compilados\Philips (1962-1970)\Osvaldo Pugliese - Antología Vol.2 (1962-1964)\04.Mariano Mores & Roberto Taboada - Por qué la quise tanto (1962).flac,True,True,1,False,True,False
De mi ciudad,Osvaldo Pugliese / Jorge Maciel,1994,tango,Emilio Balcarce,D:\Dropbox\TDJ\MUSICA\Camilo Gatica\Osvaldo Pugliese\Compilados\Philips (1962-1970)\Osvaldo Pugliese - Antología Vol.2 (1962-1964)\07.Emilio Balcarce & Andrés Lizárraga- De mi ciudad (1962).flac,True,True,1,False,True,False
El adiós,Osvaldo Pugliese / Jorge Maciel,1994,tango,,D:\Dropbox\TDJ\MUSICA\Camilo Gatica\Osvaldo Pugliese\Compilados\Philips (1962-1970)\Osvaldo Pugliese - Antología Vol.2 (1962-1964)\09.Maruja Pachecho Huergo & Vicente San Clemente - El adiós (1963).flac,True,True,1,False,True,False
"Decime, Dios, dónde estás",Osvaldo Pugliese / Jorge Maciel,1994,tango,,"D:\Dropbox\TDJ\MUSICA\Camilo Gatica\Osvaldo Pugliese\Compilados\Philips (1962-1970)\Osvaldo Pugliese - Antología Vol.2 (1962-1964)\11.Tita Merello & Manuel Sucher - Decime, Dios, dónde estás (1963).flac",True,True,2,False,True,False
La solita,Osvaldo Pugliese / Jorge Maciel,1964-04,tango,Musica: ? - Letra: ?,"D:\Dropbox\TDJ\MUSICA\Camilo Gatica\Osvaldo Pugliese\Compilados\Philips (1962-1970)\Osvaldo Pugliese - Antología Vol.2 (1962-1964)\14.Víctor Buchino, Enrique Cantore & Edmundo Rivero - La solita (1964).flac",True,True,1,False,True,True
Será una noche,Osvaldo Pugliese / Jorge Maciel,1994,tango,,D:\Dropbox\TDJ\MUSICA\Camilo Gatica\Osvaldo Pugliese\Compilados\Philips (1962-1970)\Osvaldo Pugliese - Antología Vol.2 (1962-1964)\18.José Tinelli & Manuel Ferradas Campos - Será una noche (1964).flac,True,True,1,False,True,False
Qué falta que me hacés,Osvaldo Pugliese / Jorge Maciel,1994,tango,,"D:\Dropbox\TDJ\MUSICA\Camilo Gatica\Osvaldo Pugliese\Compilados\Philips (1962-1970)\Osvaldo Pugliese - Antología Vol.3 (1964-1966)\02.Miguel Caló, Armando Pontier & Fernando Silva - Qué falta que me hacés (1964).flac",True,True,1,False,True,False
La casita de mis viejos,Osvaldo Pugliese / Jorge Maciel,1994,tango,,D:\Dropbox\TDJ\MUSICA\Camilo Gatica\Osvaldo Pugliese\Compilados\Philips (1962-1970)\Osvaldo Pugliese - Antología Vol.3 (1964-1966)\08.Juan Carlos Cobián & Enrique Cadícamo - La casita de mis viejos (1965).flac,True,True,1,False,True,False
Frase,Osvaldo Pugliese / Jorge Maciel,1994,tango,,D:\Dropbox\TDJ\MUSICA\Camilo Gatica\Osvaldo Pugliese\Compilados\Philips (1962-1970)\Osvaldo Pugliese - Antología Vol.3 (1964-1966)\15.Victor Lavallén - Frase (1965).flac,True,True,1,False,True,False
Navidad,Osvaldo Pugliese / Jorge Maciel,1994,tango,,"D:\Dropbox\TDJ\MUSICA\Camilo Gatica\Osvaldo Pugliese\Compilados\Philips (1962-1970)\Osvaldo Pugliese - Antología Vol.4 (1966-1967)\01.Pablo Giorlandini, Pedro Giorlandini & Eduardo Giorlandini, Evedith Adal Hosni - Navidad (1966).flac",True,True,1,False,True,False
Jamás lo vas a saber,Osvaldo Pugliese / Jorge Maciel,1994,tango,,D:\Dropbox\TDJ\MUSICA\Camilo Gatica\Osvaldo Pugliese\Compilados\Philips (1962-1970)\Osvaldo Pugliese - Antología Vol.4 (1966-1967)\03.Manuel Sucher & Abel Aznar - Jamás lo vas a saber (1966).flac,True,True,1,False,True,False
Qué solo estoy,Osvaldo Pugliese / Jorge Maciel,1994,tango,,D:\Dropbox\TDJ\MUSICA\Camilo Gatica\Osvaldo Pugliese\Compilados\Philips (1962-1970)\Osvaldo Pugliese - Antología Vol.4 (1966-1967)\05.Raúl Kaplún & Roberto Miró - Qué solo estoy (1966).flac,True,True,1,False,True,False
Recuerdo,Osvaldo Pugliese / Jorge Maciel,1994,tango,,D:\Dropbox\TDJ\MUSICA\Camilo Gatica\Osvaldo Pugliese\Compilados\Philips (1962-1970)\Osvaldo Pugliese - Antología Vol.4 (1966-1967)\09.Osvaldo Pugliese & Eduardo Moreno - Recuerdo (1966).flac,True,True,4,False,True,False
"Así era ella, muchachos",Osvaldo Pugliese / Jorge Maciel,1994,tango,,"D:\Dropbox\TDJ\MUSICA\Camilo Gatica\Osvaldo Pugliese\Compilados\Philips (1962-1970)\Osvaldo Pugliese - Antología Vol.4 (1966-1967)\11.Ángel Di Rosa & José Cabodevilla - Así era ella, muchachos (1966).flac",True,True,1,False,True,False
Caminito,Osvaldo Pugliese / Jorge Maciel,1994,tango,,D:\Dropbox\TDJ\MUSICA\Camilo Gatica\Osvaldo Pugliese\Compilados\Philips (1962-1970)\Osvaldo Pugliese - Antología Vol.4 (1966-1967)\13.Juan de Dios Filiberto & Gabino Coria Peñaloza - Caminito (1966).flac,True,True,1,False,True,False
Lágrimas de sangre,Osvaldo Pugliese / Jorge Maciel,1994,tango,,D:\Dropbox\TDJ\MUSICA\Camilo Gatica\Osvaldo Pugliese\Compilados\Philips (1962-1970)\Osvaldo Pugliese - Antología Vol.4 (1966-1967)\15.Roberto Giménez - Lágrimas de sangre (1967).flac,True,True,1,False,True,False
Decencia,Osvaldo Pugliese / Jorge Maciel,1994,tango,,D:\Dropbox\TDJ\MUSICA\Camilo Gatica\Osvaldo Pugliese\Compilados\Philips (1962-1970)\Osvaldo Pugliese - Antología Vol.5 (1967-1969)\04.Javier Mazzea & Manuel Bargiela - Decencia (1967).flac,True,True,1,False,True,False
Arrepentido,Osvaldo Pugliese / Jorge Maciel,1994,tango,,D:\Dropbox\TDJ\MUSICA\Camilo Gatica\Osvaldo Pugliese\Compilados\Philips (1962-1970)\Osvaldo Pugliese - Antología Vol.5 (1967-1969)\08.Rodolfo Sciammarella - Arrepentido (1967).flac,True,True,1,False,True,False
Esta ciudad,Osvaldo Pugliese / Jorge Maciel,1994,tango,,D:\Dropbox\TDJ\MUSICA\Camilo Gatica\Osvaldo Pugliese\Compilados\Philips (1962-1970)\Osvaldo Pugliese - Antología Vol.5 (1967-1969)\11.Osvaldo Avena & Héctor Negro - Esta ciudad (1967).flac,True,True,1,False,True,False
Canzoneta,Osvaldo Pugliese / Jorge Maciel,1954-10-29,tango,Musica: Erma Suárez - Letra: Enrique Lary,D:\Dropbox\TDJ\MUSICA\Camilo Gatica\Osvaldo Pugliese\Compilados\Odeón (1943-1960)\Osvaldo Pugliese - Edicion Aniversario (CD.2) (1950-1956)\21.Erma Suárez & Enrique Lary - Canzoneta (1954).flac,True,True,1,False,True,True
No juegues a la guerra,Osvaldo Pugliese / Jorge Maciel,1956-01-31,tango,Musica: Osvaldo Pugliese - Letra: Modesto Raúl Morales Miramonti,D:\Dropbox\TDJ\MUSICA\Camilo Gatica\Osvaldo Pugliese\Compilados\Odeón (1943-1960)\Osvaldo Pugliese - Edicion Aniversario (CD.2) (1950-1956)\24.Osvaldo Pugliese & Modesto Morales - No juegues a la guerra (1956).flac,True,True,1,False,True,True
Quién,Osvaldo Pugliese / Jorge Maciel,1958-03-26,tango,Musica: Osvaldo Manzi - Letra: Luis Lira,D:\Dropbox\TDJ\MUSICA\Camilo Gatica\Osvaldo Pugliese\Compilados\Odeón (1943-1960)\Osvaldo Pugliese - Edición Aniversario (CD.3) (1956-1977)\11.Osvaldo Manzi & Luis Lira - Quien (1958).flac,True,True,1,False,True,True
Si nace chancleta,Osvaldo Pugliese / Jorge Maciel,1959-07-23,tango,Musica: Mario Demarco - Letra: Vicente Bonvissuto,D:\Dropbox\TDJ\MUSICA\Camilo Gatica\Osvaldo Pugliese\Compilados\Odeón (1943-1960)\Osvaldo Pugliese - Edición Aniversario (CD.3) (1956-1977)\15.Mario Demarco & Vicente Bonvissuto - Si nace chancleta (1959).flac,True,True,1,False,True,True
Recuerdo,Osvaldo Pugliese / Jorge Maciel,2005,tango,Osvaldo Pugliese,D:\Dropbox\TDJ\MUSICA\Camilo Gatica\Osvaldo Pugliese\Compilados\Philips (1962-1970)\Osvaldo Pugliese - El maestro inédito (1962-1970)\01.Osvaldo Pugliese & Eduardo Moreno - Recuerdo.flac,True,True,4,False,True,False
Canzoneta,Osvaldo Pugliese / Jorge Maciel,1954-10-29,tango,Musica: Erma Suárez - Letra: Enrique Lary,D:\Dropbox\TDJ\MUSICA\Camilo Gatica\Osvaldo Pugliese\Compilados\Odeón (1943-1960)\Osvaldo Pugliese - Sus grandes éxitos - Cantan Miguel Montero y Jorge Maciel (1954-1958)\06.Erma Suárez & Enrique Lary - Canzoneta (1954).flac,True,True,1,False,True,True
Si yo pudiera olvidarla,Osvaldo Pugliese / Jorge Maciel,1954-12-13,tango,Musica: Osvaldo Tarantino - Letra: Alfredo Lucero Palacios,D:\Dropbox\TDJ\MUSICA\Camilo Gatica\Osvaldo Pugliese\Compilados\Odeón (1943-1960)\Osvaldo Pugliese - Sus grandes éxitos - Cantan Miguel Montero y Jorge Maciel (1954-1958)\07.Osvaldo Tarantino & Alfredo Lucero Palacios - Si yo pudiera olvidarla (1954).flac,True,True,1,False,True,True
Esta noche de luna,Osvaldo Pugliese / Jorge Maciel,1955-09-02,tango,Musica: José García y Graciano Gómez - Letra: Héctor Marcó,"D:\Dropbox\TDJ\MUSICA\Camilo Gatica\Osvaldo Pugliese\Compilados\Odeón (1943-1960)\Osvaldo Pugliese - Tangos que traen recuerdos (1955-1959)\01.Graciano Gómez, José García & Héctor Marcó - Esta noche de luna (1955).flac",True,True,1,False,True,True
Remembranza (Remembranzas),Osvaldo Pugliese / Jorge Maciel,1956-07-04,tango,Musica: Mario Melfi - Letra: Mario Battistella,D:\Dropbox\TDJ\MUSICA\Camilo Gatica\Osvaldo Pugliese\Compilados\Odeón (1943-1960)\Osvaldo Pugliese - Tangos que traen recuerdos (1955-1959)\02.Mario Melfi & Mario Battistella - Remembranzas (1956).flac,True,True,1,False,True,True
Cascabelito,Osvaldo Pugliese / Jorge Maciel,1955-09-22,tango,Musica: José Bohr - Letra: Juan Andrés Caruso,D:\Dropbox\TDJ\MUSICA\Camilo Gatica\Osvaldo Pugliese\Compilados\Odeón (1943-1960)\Osvaldo Pugliese - Tangos que traen recuerdos (1955-1959)\03.José Bohr & Juan Andrés Caruso - Cascabelito (1955).flac,True,True,1,False,True,True
No juegues a la guerra,Osvaldo Pugliese / Jorge Maciel,1956-01-31,tango,Musica: Osvaldo Pugliese - Letra: Modesto Raúl Morales Miramonti,D:\Dropbox\TDJ\MUSICA\Camilo Gatica\Osvaldo Pugliese\Compilados\Odeón (1943-1960)\Osvaldo Pugliese - Tangos que traen recuerdos (1955-1959)\04.Osvaldo Pugliese & Modesto Morales - No juegues a la guerra (1956).flac,True,True,1,False,True,True
Y sigo esperando,Osvaldo Pugliese / Jorge Maciel,1957-04-04,tango,Musica: Cayetano Ziccaro - Letra: Juan Velich,D:\Dropbox\TDJ\MUSICA\Camilo Gatica\Osvaldo Pugliese\Compilados\Odeón (1943-1960)\Osvaldo Pugliese - Tangos que traen recuerdos (1955-1959)\05.Cayetano Ziccaro & Juan Miguel Velich - Y sigo esperando (1957).flac,True,True,1,False,True,True
Muchacha,Osvaldo Pugliese / Jorge Maciel,1956-10-26,tango,Musica: Jesús Rilo Suárez y Luis Caruso - Letra: Jesús Rilo Suárez y Luis Caruso,D:\Dropbox\TDJ\MUSICA\Camilo Gatica\Osvaldo Pugliese\Compilados\Odeón (1943-1960)\Osvaldo Pugliese - Tangos que traen recuerdos (1955-1959)\06.Luis Caruso & Jesús Rilo Suárez - Muchacha (1956).flac,True,True,1,False,True,True
Y todavia te quiero,Osvaldo Pugliese / Jorge Maciel,1956-06-21,tango,Musica: Luciano Leocata - Letra: Abel Aznar,D:\Dropbox\TDJ\MUSICA\Camilo Gatica\Osvaldo Pugliese\Compilados\Odeón (1943-1960)\Osvaldo Pugliese - Tangos que traen recuerdos (1955-1959)\07.Luciano Leocata & Abel Aznar - Y todavía te quiero (1956).flac,True,True,1,False,True,True
La novia del suburbio,Osvaldo Pugliese / Jorge Maciel,1957-05-13,tango,Musica: Roberto Rufino - Letra: Agustín Minotti,D:\Dropbox\TDJ\MUSICA\Camilo Gatica\Osvaldo Pugliese\Compilados\Odeón (1943-1960)\Osvaldo Pugliese - Tangos que traen recuerdos (1955-1959)\08.Roberto Rufino & Agustín Minotti - La novia del suburbio (1957).flac,True,True,1,False,True,True
No me hablen de ella,Osvaldo Pugliese / Jorge Maciel,1957-10-25,tango,Musica: Ernesto Rossi - Letra: Jorge Moreira,D:\Dropbox\TDJ\MUSICA\Camilo Gatica\Osvaldo Pugliese\Compilados\Odeón (1943-1960)\Osvaldo Pugliese - Tangos que traen recuerdos (1955-1959)\09.Tití Rossi & Jorge Moreira - No me hablen de ella (1957).flac,True,True,1,False,True,True
Un tango para el recuerdo,Osvaldo Pugliese / Jorge Maciel,1957-06-24,tango,Musica: Rafael del Bagno - Letra: Antonio Cantó,D:\Dropbox\TDJ\MUSICA\Camilo Gatica\Osvaldo Pugliese\Compilados\Odeón (1943-1960)\Osvaldo Pugliese - Tangos que traen recuerdos (1955-1959)\10.Rafael Del Bagno & Antonio Cantó - Un tango para el recuerdo (1957).flac,True,True,1,False,True,True
Perla fina,Osvaldo Pugliese / Jorge Maciel,1957-12-18,tango,Musica: Norberto Omar y Juan Carlos Lotito - Letra: Vicente Vladimiro Vega,"D:\Dropbox\TDJ\MUSICA\Camilo Gatica\Osvaldo Pugliese\Compilados\Odeón (1943-1960)\Osvaldo Pugliese - Tangos que traen recuerdos (1955-1959)\11.Juan Carlos Lotito, Norberto Omar Lotito & Vladimiro Vega - Perla fina (1957).flac",True,True,1,False,True,True
Quién,Osvaldo Pugliese / Jorge Maciel,1958-03-26,tango,Musica: Osvaldo Manzi - Letra: Luis Lira,D:\Dropbox\TDJ\MUSICA\Camilo Gatica\Osvaldo Pugliese\Compilados\Odeón (1943-1960)\Osvaldo Pugliese - Tangos que traen recuerdos (1955-1959)\12.Osvaldo Manzi & Luis Lira - Quien (1958).flac,True,True,1,False,True,True
Adiós corazón,Osvaldo Pugliese / Jorge Maciel,1958-05-29,tango,Musica: Lalo Etchegoncelay - Letra: Héctor Sapelli,D:\Dropbox\TDJ\MUSICA\Camilo Gatica\Osvaldo Pugliese\Compilados\Odeón (1943-1960)\Osvaldo Pugliese - Tangos que traen recuerdos (1955-1959)\13.Lalo Etchegoncelay & Héctor Sapelli - Adiós corazón (1958).flac,True,True,1,False,True,True
Las tres banderas,Osvaldo Pugliese / Jorge Maciel,1958-07-23,tango,Musica: Roberto Rufino - Letra: Carlos Antonio Russo,D:\Dropbox\TDJ\MUSICA\Camilo Gatica\Osvaldo Pugliese\Compilados\Odeón (1943-1960)\Osvaldo Pugliese - Tangos que traen recuerdos (1955-1959)\14.Roberto Rufino & Carlos Antonio Russo - Las tres banderas (1958).flac,True,True,1,False,True,True
Por qué me la nombran,Osvaldo Pugliese / Jorge Maciel,1958-12-10,tango,Musica: Ernesto Rossi - Letra: Carlos Antonio Russo y Alfredo Dalton,"D:\Dropbox\TDJ\MUSICA\Camilo Gatica\Osvaldo Pugliese\Compilados\Odeón (1943-1960)\Osvaldo Pugliese - Tangos que traen recuerdos (1955-1959)\15.Tití Rossi & Alfredo Dalton, Carlos Antonio Russo - Por qué me la nombran (1958).flac",True,True,1,False,True,True
Mamita,Osvaldo Pugliese / Jorge Maciel,1959-07-23,tango,Desconocido,D:\Dropbox\TDJ\MUSICA\Camilo Gatica\Osvaldo Pugliese\Compilados\Odeón (1943-1960)\Osvaldo Pugliese - Tangos que traen recuerdos (1955-1959)\16.Ángel Danesi & Francisco Bohigas - Mamita (1959).flac,True,True,1,False,True,True
Si nace chancleta,Osvaldo Pugliese / Jorge Maciel,1959-07-23,tango,Musica: Mario Demarco - Letra: Vicente Bonvissuto,D:\Dropbox\TDJ\MUSICA\Camilo Gatica\Osvaldo Pugliese\Compilados\Odeón (1943-1960)\Osvaldo Pugliese - Tangos que traen recuerdos (1955-1959)\17.Mario Demarco & Vicente Bonvissuto - Si nace chancleta (1959).flac,True,True,1,False,True,True
Y no podrás querer,Osvaldo Pugliese / Jorge Maciel,1959-07-23,tango,Musica: Luis Riccardi - Letra: Silvio Marinucci,D:\Dropbox\TDJ\MUSICA\Camilo Gatica\Osvaldo Pugliese\Compilados\Odeón (1943-1960)\Osvaldo Pugliese - Tangos que traen recuerdos (1955-1959)\18.Vicente Demarco & Silvio Marinucci - Y no podrás querer (1959).flac,True,True,1,False,True,True
Silencio,Osvaldo Pugliese / Jorge Maciel,1959-08-06,tango,Musica: Carlos Gardel y Horacio Pettorossi - Letra: Alfredo Le Pera y Horacio Pettorossi,"D:\Dropbox\TDJ\MUSICA\Camilo Gatica\Osvaldo Pugliese\Compilados\Odeón (1943-1960)\Osvaldo Pugliese - Tangos que traen recuerdos (1955-1959)\19.Carlos Gardel, Alfredo Le Pera & Horacio Pettorossi  - Silencio (1959).flac",True,True,1,False,True,True
Dónde estás,Osvaldo Pugliese / Jorge Maciel,1959-08-07,tango,Musica: Manuel Sucher - Letra: Carlos Bahr,D:\Dropbox\TDJ\MUSICA\Camilo Gatica\Osvaldo Pugliese\Compilados\Odeón (1943-1960)\Osvaldo Pugliese - Tangos que traen recuerdos (1955-1959)\20.Manuel Sucher & Carlos Bahr - Dónde estás (1959).flac,True,True,1,False,True,True
Esta noche de luna,Osvaldo Pugliese / Jorge Maciel,1993,tango,,D:\Dropbox\TDJ\MUSICA\Dan\Pugliese\Osvaldo Pugliese con sus grandes cantantes\Osvaldo Pugliese feat. Jorge Maciel_Osvaldo Pugliese con sus grandes cantates - 04 - Esta noche de luna.flac,True,True,1,False,True,False
Adiós corazón,Osvaldo Pugliese / Jorge Maciel,1993,tango,,D:\Dropbox\TDJ\MUSICA\Dan\Pugliese\Osvaldo Pugliese con sus grandes cantantes\Osvaldo Pugliese feat. Jorge Maciel_Osvaldo Pugliese con sus grandes cantates - 12 - Adiós corazón.flac,True,True,1,False,True,False
El pañuelito,Osvaldo Pugliese / Jorge Maciel,1959-07-23,tango,Musica: Juan de Dios Filiberto - Letra: Gabino Coria Peñaloza,D:\Dropbox\TDJ\MUSICA\Eduardo\2\11 El Pañuelito      - esu160.mp3,True,True,1,False,True,True
Un lamento,Osvaldo Pugliese / Jorge Maciel,1960-07-15,tango,Musica: Graciano De Leone - Letra: Eugenio Cardenas,D:\Dropbox\TDJ\MUSICA\Eduardo\6\16 Un Lamento.mp3,True,True,1,False,True,True
Cascabelito,Osvaldo Pugliese / Jorge Maciel,1955-09-22,tango,Musica: José Bohr - Letra: Juan Andrés Caruso,D:\Dropbox\TDJ\MUSICA\Eduardo\2\14 Cascabelito  1 - esu128ok.mp3,True,True,1,False,True,True
Remembranza (Remembranzas),Osvaldo Pugliese / Jorge Maciel,1956-07-04,tango,Musica: Mario Melfi - Letra: Mario Battistella,D:\Dropbox\TDJ\MUSICA\Eduardo\4\Remembranzas  1 - esu320(128)ok.mp3,True,True,1,False,True,True
Remembranza (Remembranzas),Osvaldo Pugliese / Jorge Maciel,1956-07-04,tango,Musica: Mario Melfi - Letra: Mario Battistella,D:\Dropbox\TDJ\MUSICA\Eduardo\6\15 Remembranza           -.mp3,True,True,1,False,True,True
Remembranza (Remembranzas),Osvaldo Pugliese / Jorge Maciel,1956-07-04,tango,Musica: Mario Melfi - Letra: Mario Battistella,D:\Dropbox\TDJ\MUSICA\Eduardo\6\15 Remembranza   - esu128 ok.mp3,True,True,1,False,True,True
La casita de mis viejos,Osvaldo Pugliese / Jorge Maciel,1965-04,tango,Musica: Juan Carlos Cobián - Letra: Enrique Cadícamo,D:\Dropbox\TDJ\MUSICA\Leandro\Osvaldo Pugliese\Que falta que me hacés - Vol 1-4\Osvaldo Pugliese - Que Falta que me Haces (Vol.1) (2001)\02 - La Casita de Mis Viejos.flac,True,True,1,False,True,True
Que falta que me hacés,Osvaldo Pugliese / Jorge Maciel,1964-09,tango,Musica: Armando Pontier y Miguel Caló - Letra: Federico Silva,D:\Dropbox\TDJ\MUSICA\Leandro\Osvaldo Pugliese\Que falta que me hacés - Vol 1-4\Osvaldo Pugliese - Que Falta que me Haces (Vol.1) (2001)\08 - Que Falta que me Hacés.flac,True,True,1,False,True,True
Por qué la quise tanto,Osvaldo Pugliese / Jorge Maciel,1962-09,tango,Musica: Mariano Mores - Letra: Rodolfo Taboada,D:\Dropbox\TDJ\MUSICA\Leandro\Osvaldo Pugliese\Que falta que me hacés - Vol 1-4\Osvaldo Pugliese - Que Falta que me Haces (Vol.2) (2001)\04 - Por que La Quise Tanto.flac,True,True,1,False,True,True
Caminito,Osvaldo Pugliese / Jorge Maciel,1966-11,tango,Musica: Juan de Dios Filiberto - Letra: Gabino Coria Peñaloza,D:\Dropbox\TDJ\MUSICA\Leandro\Osvaldo Pugliese\Que falta que me hacés - Vol 1-4\Osvaldo Pugliese - Que Falta que me Haces (Vol.2) (2001)\09 - Caminito.flac,True,True,1,False,True,True
La vi llegar,Osvaldo Pugliese / Jorge Maciel,1961-08,tango,Musica: Enrique Francini - Letra: Julián Centeya,D:\Dropbox\TDJ\MUSICA\Leandro\Osvaldo Pugliese\Que falta que me hacés - Vol 1-4\Osvaldo Pugliese - Que Falta que me Haces (Vol.2) (2001)\11 - La Vi Llegar.flac,True,True,1,False,True,True
El adios,Osvaldo Pugliese / Jorge Maciel,1963-04,tango,Musica: Maruja Pacheco Huergo - Letra: Virgilio San Clemente,D:\Dropbox\TDJ\MUSICA\Leandro\Osvaldo Pugliese\Que falta que me hacés - Vol 1-4\Osvaldo Pugliese - Que Falta que me Haces (Vol.3) (2001)\02 - El adiós.flac,True,True,1,False,True,True
El adios,Osvaldo Pugliese / Jorge Maciel,1963-04,tango,Musica: Maruja Pacheco Huergo - Letra: Virgilio San Clemente,D:\Dropbox\TDJ\MUSICA\Edmundo\Pugliese\Osvaldo Pugliese - El adiós.flac,True,True,1,False,True,True
Llevame carretero,Osvaldo Pugliese / Jorge Maciel,1962-05,tango,Musica: Manuel Parada - Letra: José Cicarelli,D:\Dropbox\TDJ\MUSICA\Leandro\Osvaldo Pugliese\Que falta que me hacés - Vol 1-4\Osvaldo Pugliese - Que Falta que me Haces (Vol.3) (2001)\06 - Llevame carretero.flac,True,True,1,False,True,True
Navidad,Osvaldo Pugliese / Jorge Maciel,1966-08,tango vals,Musica: Osvaldo Pugliese - Letra: Eduardo Moreno,D:\Dropbox\TDJ\MUSICA\Leandro\Osvaldo Pugliese\Que falta que me hacés - Vol 1-4\Osvaldo Pugliese - Que Falta que me Haces (Vol.3) (2001)\11 - Navidad.flac,True,True,1,False,True,True
Jamás lo vas a saber,Osvaldo Pugliese / Jorge Maciel,1966-05,tango,Musica: Manuel Sucher - Letra: Abel Aznar,D:\Dropbox\TDJ\MUSICA\Leandro\Osvaldo Pugliese\Que falta que me hacés - Vol 1-4\Osvaldo Pugliese - Que Falta que me Haces (Vol.4) (2001)\02 - Jamás lo vas a saber.flac,True,True,1,False,True,True
Que solo estoy,Osvaldo Pugliese / Jorge Maciel,1966-06,tango,Musica: Raúl Kaplún - Letra: Roberto Miró,D:\Dropbox\TDJ\MUSICA\Leandro\Osvaldo Pugliese\Que falta que me hacés - Vol 1-4\Osvaldo Pugliese - Que Falta que me Haces (Vol.4) (2001)\04 - Qué solo estoy.flac,True,True,1,False,True,True
Decime Dios dónde estás,Osvaldo Pugliese / Jorge Maciel,1963-11,tango,Musica: Manuel Sucher - Letra: Tita Merello,D:\Dropbox\TDJ\MUSICA\Leandro\Osvaldo Pugliese\Que falta que me hacés - Vol 1-4\Osvaldo Pugliese - Que Falta que me Haces (Vol.4) (2001)\11 - Decime Dios Dónde Estás.flac,True,True,1,False,True,True
Por qué la quise tanto,Osvaldo Pugliese / Jorge Maciel,1962-09,tango,Musica: Mariano Mores - Letra: Rodolfo Taboada,D:\Dropbox\TDJ\MUSICA\Osvaldo LA YUMBA\- PUGLIESE\Kiko pugli\Osvaldo Pugliese - 1962 - 1963 - Todas sus grabaciones\08-valdo pugliese - jorge maciel - por que la quise tanto-mores y taboada - 1962.mp3,True,True,1,False,True,True
Un tango para el recuerdo,Osvaldo Pugliese / Jorge Maciel,1957-06-24,tango,Musica: Rafael del Bagno - Letra: Antonio Cantó,D:\Dropbox\TDJ\MUSICA\Eduardo\2\10 Un Tango Para El Recuerdo.mp3,True,True,1,False,True,True
Un tango para el recuerdo,Osvaldo Pugliese / Jorge Maciel,1957-06-24,tango,Musica: Rafael del Bagno - Letra: Antonio Cantó,D:\Dropbox\TDJ\MUSICA\Eduardo\4\Un Tango Para El Recuerdo 1-esu320(1.mp3,True,True,1,False,True,True
Esta noche de luna,Osvaldo Pugliese / Jorge Maciel,1955-09-02,tango,Musica: José García y Graciano Gómez - Letra: Héctor Marcó,"D:\Dropbox\TDJ\MUSICA\Edmundo\Pugliese\Osvaldo Pugliese, Jorge Maciel - Esta Noche de Luna.mp3",True,True,1,False,True,True
Esta Noche De Luna            Pugliese,Osvaldo Pugliese / Jorge Maciel,,tango,,D:\Dropbox\TDJ\MUSICA\Osvaldo LA YUMBA\- PUGLIESE\- Pugliese  cantado\PUGLIESE       Esta noche de luna            PUGLIESE.mp3,True,True,1,False,True,False
El Pañuelito,Osvaldo Pugliese / Jorge Maciel,1982,tango,,D:\Dropbox\TDJ\MUSICA\Dan\Pugliese\Tangos Famosos\Osvaldo Pugliese - Jorge Maciel_Tangos Famosos - 07 - El Pañuelito.flac,True,True,1,False,True,False
Y no podrás querer,Osvaldo Pugliese / Jorge Maciel,1959-07-23,tango,Musica: Luis Riccardi - Letra: Silvio Marinucci,"D:\Dropbox\TDJ\MUSICA\Osvaldo LA YUMBA\- PUGLIESE\Kiko pugli\Osvaldo Pugliese - 1959 - Todas sus grabaciones\05-pugliese,canta jorge maciel - y no podras querer-demarco y marinucci-1959.mp3",True,True,1,False,True,True
Canzoneta,Osvaldo Pugliese / Jorge Maciel,1954-10-29,tango,Musica: Erma Suárez - Letra: Enrique Lary,D:\Dropbox\TDJ\MUSICA\Eduardo\3\Canzoneta.mp3,True,True,1,False,True,True
No juegues a la guerra,Osvaldo Pugliese / Jorge Maciel,1956-01-31,tango,Musica: Osvaldo Pugliese - Letra: Modesto Raúl Morales Miramonti,D:\Dropbox\TDJ\MUSICA\Eduardo\4\No Juegues A La Guerra.mp3,True,True,1,False,True,True
Quién,Osvaldo Pugliese / Jorge Maciel,1958-03-26,tango,Musica: Osvaldo Manzi - Letra: Luis Lira,D:\Dropbox\TDJ\MUSICA\Eduardo\4\Quién.mp3,True,True,1,False,True,True
Si nace chancleta,Osvaldo Pugliese / Jorge Maciel,1959-07-23,tango,Musica: Mario Demarco - Letra: Vicente Bonvissuto,D:\Dropbox\TDJ\MUSICA\Eduardo\4\SI NACE CHANCLETA.mp3,True,True,1,False,True,True
Que falta que me hacés,Osvaldo Pugliese / Jorge Maciel,1964-09,tango,Musica: Armando Pontier y Miguel Caló - Letra: Federico Silva,D:\Dropbox\TDJ\MUSICA\Eduardo\7\02 Que Falta Que Me Hacés     - esu.mp3,True,True,1,False,True,True
Que falta que me hacés,Osvaldo Pugliese / Jorge Maciel,1964-09,tango,Musica: Armando Pontier y Miguel Caló - Letra: Federico Silva,D:\Dropbox\TDJ\MUSICA\Eduardo\7\02 Que Falta Que Me Hacés     -.mp3,True,True,1,False,True,True
Y todavia te quiero,Osvaldo Pugliese / Jorge Maciel,1956-06-21,tango,Musica: Luciano Leocata - Letra: Abel Aznar,"D:\Dropbox\TDJ\MUSICA\Edmundo\Pugliese\Osvaldo Pugliese, Jorge Maciel - Y Todavía Te Quiero.mp3",True,True,1,False,True,True
Nido gaucho,Osvaldo Pugliese / Jorge Maciel y Abel Cordoba,1964-12,tango,Musica: Carlos Di Sarli - Letra: Héctor Marcó,D:\Dropbox\TDJ\MUSICA\Osvaldo LA YUMBA\- PUGLIESE\Kiko pugli\Osvaldo Pugliese - 1964 - 1965 - Todas sus grabaciones\12-nido gaucho -pugliese-duo jorge maciel-abel córdoba-di sarli-marcó-1964.mp3,False,False,1,False,False,True
Abrazo fraternal,Osvaldo Pugliese / Jorge Maciel / Abel Córdoba,1994,tango,,D:\Dropbox\TDJ\MUSICA\Camilo Gatica\Osvaldo Pugliese\Compilados\Philips (1962-1970)\Osvaldo Pugliese - Antología Vol.3 (1964-1966)\04.Arturo Penón & Vicente Demarco - Abrazo fraternal (1964).flac,True,True,1,False,True,False
Nido gaucho,Osvaldo Pugliese / Jorge Maciel / Abel Córdoba,1994,tango,,D:\Dropbox\TDJ\MUSICA\Camilo Gatica\Osvaldo Pugliese\Compilados\Philips (1962-1970)\Osvaldo Pugliese - Antología Vol.3 (1964-1966)\06.Carlos Di Sarli & Héctor Marcó - Nido gaucho (1964).flac,True,True,1,False,True,False
Carmen,Osvaldo Pugliese / Jorge Maciel / Abel Córdoba,1994,tango,,D:\Dropbox\TDJ\MUSICA\Camilo Gatica\Osvaldo Pugliese\Compilados\Philips (1962-1970)\Osvaldo Pugliese - Antología Vol.3 (1964-1966)\17.Fulvio Salamanca - Carmen (1965).flac,True,True,1,False,True,False
Imágen campera,Osvaldo Pugliese / Jorge Maciel / Abel Córdoba,1994,tango,,D:\Dropbox\TDJ\MUSICA\Camilo Gatica\Osvaldo Pugliese\Compilados\Philips (1962-1970)\Osvaldo Pugliese - Antología Vol.5 (1967-1969)\02.Victor Lavallén & Félix Rosario Arena - Imágen campera (1967).flac,True,True,1,False,True,False
Milonga del soldado,Osvaldo Pugliese / Jorge Maciel / Alfredo Belusi,1994,tango milonga,,D:\Dropbox\TDJ\MUSICA\Camilo Gatica\Osvaldo Pugliese\Compilados\Philips (1962-1970)\Osvaldo Pugliese - Antología Vol.1 (1961-1962)\04.Horacio Guarany - Milonga del soldado.flac,True,True,1,False,True,False
Coplas,Osvaldo Pugliese / Jorge Maciel / Alfredo Belusi,1994,tango,,D:\Dropbox\TDJ\MUSICA\Camilo Gatica\Osvaldo Pugliese\Compilados\Philips (1962-1970)\Osvaldo Pugliese - Antología Vol.1 (1961-1962)\07.Aníbal Troilo & Alberto Laureano Martínez - Coplas.flac,True,True,1,False,True,False
Pregonera,Osvaldo Pugliese / Jorge Maciel / Alfredo Belusi,1994,tango,,D:\Dropbox\TDJ\MUSICA\Camilo Gatica\Osvaldo Pugliese\Compilados\Philips (1962-1970)\Osvaldo Pugliese - Antología Vol.1 (1961-1962)\09.Alfredo De Angelis & José Rótulo - Pregonera.flac,True,True,1,False,True,False
Candombe blanco,Osvaldo Pugliese / Jorge Maciel / Alfredo Belusi,1994,tango milonga,,D:\Dropbox\TDJ\MUSICA\Camilo Gatica\Osvaldo Pugliese\Compilados\Philips (1962-1970)\Osvaldo Pugliese - Antología Vol.1 (1961-1962)\13.Emilio Balcarce & Julio Camilloni - Candombe blanco.flac,True,True,1,False,True,False
Nido gaucho,Osvaldo Pugliese / Jorge Maciel y Abel Cordoba,1964-12,tango,Musica: Carlos Di Sarli - Letra: Héctor Marcó,"D:\Dropbox\TDJ\MUSICA\Edmundo\Pugliese\Osvaldo Pugliese, Jorge Maciel, Abel Cordoba - Nido Gaucho.mp3",True,True,1,False,True,True
Abrazo fraternal,Osvaldo Pugliese / Jorge Maciel y Abel Cordoba,1964-11,tango,Musica: Arturo Penón - Letra: Vicente Demarco,D:\Dropbox\TDJ\MUSICA\Eduardo\5\01 Abrazo Fraternal       -.mp3,True,True,1,False,True,True
Abrazo fraternal,Osvaldo Pugliese / Jorge Maciel y Abel Cordoba,1964-11,tango,Musica: Arturo Penón - Letra: Vicente Demarco,D:\Dropbox\TDJ\MUSICA\Leandro\Osvaldo Pugliese\Que falta que me hacés - Vol 1-4\Osvaldo Pugliese - Que Falta que me Haces (Vol.1) (2001)\13 - Abrazo Fraternal.flac,True,True,1,False,True,True
Nido gaucho,Osvaldo Pugliese / Jorge Maciel y Abel Cordoba,1964-12,tango,Musica: Carlos Di Sarli - Letra: Héctor Marcó,D:\Dropbox\TDJ\MUSICA\Eduardo\4\Nido Gaucho.mp3,True,True,1,False,True,True
Abrazo fraternal,Osvaldo Pugliese / Jorge Maciel y Abel Cordoba,1964-11,tango,Musica: Arturo Penón - Letra: Vicente Demarco,D:\Dropbox\TDJ\MUSICA\Eduardo\3\Abrazo Fraternal ( Sin la Samba)  -.mp3,True,True,1,False,True,True
Imagen campera,Osvaldo Pugliese / Jorge Maciel y Abel Córdoba,1967-07,tango,Musica: ? - Letra: ?,D:\Dropbox\TDJ\MUSICA\Leandro\Osvaldo Pugliese\Que falta que me hacés - Vol 1-4\Osvaldo Pugliese - Que Falta que me Haces (Vol.3) (2001)\13 - Imagen campera.flac,True,True,1,False,True,True
Milonga del soldado,Osvaldo Pugliese / Jorge Maciel y Alfredo Belusi,1961-07,tango milonga,Musica: Horacio Guarany - Letra: Horacio Guarany,D:\Dropbox\TDJ\MUSICA\Eduardo\6\17 Milonga Del Soldado.mp3,True,True,1,False,True,True
Coplas,Osvaldo Pugliese / Jorge Maciel y Alfredo Belusi,1961-09,tango,Musica: Aníbal Troilo - Letra: Alberto Laureano Martínez,D:\Dropbox\TDJ\MUSICA\Eduardo\6\20 Coplas.mp3,True,True,1,False,True,True
Vamos tropilla,Osvaldo Pugliese / Jorge Maciel y Alfredo Belusi,1961-07,tango,Musica: ? - Letra: ?,D:\Dropbox\TDJ\MUSICA\Eduardo\7\05 Vamos Tropilla.mp3,True,True,1,False,True,True
Baldosa floja,Osvaldo Pugliese / Jorge Maciel y Alfredo Belusi,1961-07,tango milonga,Musica: Julio Bocazzi y Florindo Sassone - Letra: Dante Gilardoni,D:\Dropbox\TDJ\MUSICA\Eduardo\2\08 Baldosa Floja.mp3,True,True,1,False,True,True
Vamos tropilla,Osvaldo Pugliese / Jorge Maciel y Alfredo Belusi,1961-07,tango,Musica: ? - Letra: ?,D:\Dropbox\TDJ\MUSICA\Osvaldo LA YUMBA\- PUGLIESE\Kiko pugli\Osvaldo Pugliese - 1960 - Todas sus grabaciones\04-vamos tropilla-jorge maciel & alfredo belusi - balcarce y camilloni-1960.mp3,True,True,1,False,True,True
Vamos tropilla,Osvaldo Pugliese / Jorge Maciel y Alfredo Belusi,1961-07,tango,Musica: ? - Letra: ?,D:\Dropbox\TDJ\MUSICA\Dan\Pugliese\El eslabón perdido\Osvaldo Pugliese_El eslabón perdido - 05 - Vamos tropilla.flac,True,True,1,False,True,True
Baldosa floja,Osvaldo Pugliese / Jorge Maciel y Alfredo Belusi,1961-07,tango milonga,Musica: Julio Bocazzi y Florindo Sassone - Letra: Dante Gilardoni,D:\Dropbox\TDJ\MUSICA\Dan\Pugliese\El eslabón perdido\Osvaldo Pugliese_El eslabón perdido - 08 - Baldosa floja.flac,True,True,1,False,True,True
Vamos tropilla,Osvaldo Pugliese / Jorge Maciel y Alfredo Belusi,1961-07,tango,Musica: ? - Letra: ?,D:\Dropbox\TDJ\MUSICA\Leandro\Osvaldo Pugliese\Osvaldo Pugliese - El eslabón perdido (Sello Stentor + Bonus tracks) (1960)\05.Emilio Balcarce & Julio Camilloni - Vamos tropilla.flac,True,True,1,False,True,True
Baldosa floja,Osvaldo Pugliese / Jorge Maciel y Alfredo Belusi,1961-07,tango milonga,Musica: Julio Bocazzi y Florindo Sassone - Letra: Dante Gilardoni,"D:\Dropbox\TDJ\MUSICA\Leandro\Osvaldo Pugliese\Osvaldo Pugliese - El eslabón perdido (Sello Stentor + Bonus tracks) (1960)\08.Julio Bocazzi, Florindo Sassone & Dante Gilardoni - Baldosa floja.flac",True,True,1,False,True,True
Pregonera,Osvaldo Pugliese / Jorge Maciel y Alfredo Belusi,1961-10,tango,Musica: Alfredo De Angelis - Letra: José Rótulo,D:\Dropbox\TDJ\MUSICA\Leandro\Osvaldo Pugliese\Que falta que me hacés - Vol 1-4\Osvaldo Pugliese - Que Falta que me Haces (Vol.1) (2001)\06 - Pregonera.flac,True,True,1,False,True,True
Milonga del soldado,Osvaldo Pugliese / Jorge Maciel y Alfredo Belusi,1961-07,tango milonga,Musica: Horacio Guarany - Letra: Horacio Guarany,D:\Dropbox\TDJ\MUSICA\Leandro\Osvaldo Pugliese\Que falta que me hacés - Vol 1-4\Osvaldo Pugliese - Que Falta que me Haces (Vol.2) (2001)\13 - Milonga del Soldado.flac,True,True,1,False,True,True
Candombe blanco,Osvaldo Pugliese / Jorge Maciel y Alfredo Belusi,1961-12,tango,Musica: Emilio Balcarce - Letra: Julio Camilloni,D:\Dropbox\TDJ\MUSICA\Leandro\Osvaldo Pugliese\Que falta que me hacés - Vol 1-4\Osvaldo Pugliese - Que Falta que me Haces (Vol.4) (2001)\06 - Candombe blanco.flac,True,True,1,False,True,True
Pregonera,Osvaldo Pugliese / Jorge Maciel y Alfredo Belusi,1961-10,tango,Musica: Alfredo De Angelis - Letra: José Rótulo,D:\Dropbox\TDJ\MUSICA\Eduardo\4\Pregonera.mp3,True,True,1,False,True,True
Por un cariño,Osvaldo Pugliese / Jorge Maciel y Carlos Guido,1959-08-07,tango,Musica: J. Demon - Letra: Gerardo Alcázar,D:\Dropbox\TDJ\MUSICA\Eduardo\6\15 Por Un Cariño.mp3,True,True,1,False,True,True
La cumparsita (con mezcla de autores),Osvaldo Pugliese / Jorge Maciel y Carlos Guido y Luis Mela,1959-08-06,tango,"Musica: Gerardo Matos Rodriguez - Letra: Gerardo Matos Rodriguez, Luis Mela, Pascual Contursi y Enrique Maroni",D:\Dropbox\TDJ\MUSICA\Eduardo\5\La Cumparsita 2.mp3,True,True,1,False,True,True
La cumparsita (con mezcla de autores),Osvaldo Pugliese / Jorge Maciel y Carlos Guido y Luis Mela,1959-08-06,tango,"Musica: Gerardo Matos Rodriguez - Letra: Gerardo Matos Rodriguez, Luis Mela, Pascual Contursi y Enrique Maroni","D:\Dropbox\TDJ\MUSICA\Camilo Gatica\Osvaldo Pugliese\Compilados\Odeón (1943-1960)\Osvaldo Pugliese - Edición Aniversario (CD.3) (1956-1977)\17.Gerardo Mátos Rodríguez, Pascual Contursi & Enrique Maroni - La cumparsita (1959).flac",True,True,1,False,True,True
La cumparsita (con mezcla de autores),Osvaldo Pugliese / Jorge Maciel y Carlos Guido y Luis Mela,1959-08-06,tango,"Musica: Gerardo Matos Rodriguez - Letra: Gerardo Matos Rodriguez, Luis Mela, Pascual Contursi y Enrique Maroni",D:\Dropbox\TDJ\MUSICA\Osvaldo LA YUMBA\- PUGLIESE\Kiko pugli\Osvaldo Pugliese - 1959 - Todas sus grabaciones\10-la cumparsita-osvaldo pu1959.mp3,True,True,1,False,True,True
La cumparsita (con mezcla de autores),Osvaldo Pugliese / Jorge Maciel y Carlos Guido y Luis Mela,1959-08-06,tango,"Musica: Gerardo Matos Rodriguez - Letra: Gerardo Matos Rodriguez, Luis Mela, Pascual Contursi y Enrique Maroni",D:\Dropbox\TDJ\MUSICA\Osvaldo LA YUMBA\- PUGLIESE\Kiko pugli\Osvaldo Pugliese - 1959 - Todas sus grabaciones\10-la cumparsita-osvaldo pugliese-carlos guida-jorge maciel-el negro Luis  Mela (recitado)-1959.mp3,True,True,1,False,True,True
La cumparsita (con mezcla de autores),Osvaldo Pugliese / Jorge Maciel y Carlos Guido y Luis Mela,1959-08-06,tango,"Musica: Gerardo Matos Rodriguez - Letra: Gerardo Matos Rodriguez, Luis Mela, Pascual Contursi y Enrique Maroni",D:\Dropbox\TDJ\MUSICA\Eduardo\6\17 La Cumparsita (Si Supieras).mp3,True,True,1,False,True,True
Milonga de mi tierra,Osvaldo Pugliese / Jorge Rubino,1943-10-21,tango milonga,Musica: Alberto Pugliese - Letra: José Sassone,D:\Dropbox\TDJ\MUSICA\Camilo Gatica\Osvaldo Pugliese\Compilados\Odeón (1943-1960)\Osvaldo Pugliese - Edicion Aniversario (CD.1) (1943-1950)\04.Alberto Pugliese & José Sassone - Milonga de mi tierra (1943).flac,True,True,1,False,True,True
Milonga de mi tierra,Osvaldo Pugliese / Jorge Rubino,1943-10-21,tango milonga,Musica: Alberto Pugliese - Letra: José Sassone,D:\Dropbox\TDJ\MUSICA\Eduardo\1\01 Milonga De Mi Tierra.mp3,True,True,1,False,True,True
Barra querida,Osvaldo Pugliese / Jorge Vidal,1950-11-16,tango,Musica: Carlos Sánchez - Letra: César Vedani,D:\Dropbox\TDJ\MUSICA\Osvaldo LA YUMBA\- PUGLIESE\Kiko pugli\Osvaldo Pugliese - 1950 - Todas sus grabaciones\13-pugliese-jorge vidal - barra querida-Vedani-Sanchez-16-11-50.mp3,True,True,1,False,True,True
La cieguita,Osvaldo Pugliese / Jorge Vidal,1949-09-27,tango,Musica: Keppler Lais (Patricio Muñoz Aceña) - Letra: Ramuncho (Ramón Bertrán Reyna),D:\Dropbox\TDJ\MUSICA\Eduardo\2\10 La Cieguita.mp3,True,True,1,False,True,True
Vieja recova,Osvaldo Pugliese / Jorge Vidal,1950-05-03,tango,Musica: Rodolfo Sciammarella - Letra: Enrique Cadícamo,D:\Dropbox\TDJ\MUSICA\Eduardo\6\14 Vieja Recova            -.mp3,True,True,1,False,True,True
Ventanita de arrabal,Osvaldo Pugliese / Jorge Vidal,1950-03-07,tango,Musica: Antonio Scatasso - Letra: Pascual Contursi,D:\Dropbox\TDJ\MUSICA\Eduardo\6\16 Ventanita De Arrabal.mp3,False,False,1,False,False,True
Barra querida,Osvaldo Pugliese / Jorge Vidal,1950-11-16,tango,Musica: Carlos Sánchez - Letra: César Vedani,D:\Dropbox\TDJ\MUSICA\Eduardo\6\18 Barra Querida.mp3,True,True,1,False,True,True
Puente Alsina,Osvaldo Pugliese / Jorge Vidal,1995,tango,,D:\Dropbox\TDJ\MUSICA\Dan\Pugliese\Ausencia\Osvaldo Pugliese feat. Jorge Vidal_Ausencia - 07 - Puente Alsina.flac,True,True,1,False,True,False
La cieguita,Osvaldo Pugliese / Jorge Vidal,1949-09-27,tango,Musica: Keppler Lais (Patricio Muñoz Aceña) - Letra: Ramuncho (Ramón Bertrán Reyna),D:\Dropbox\TDJ\MUSICA\Eduardo\5\La Cieguita 1  -  2_3.mp3,True,True,1,False,True,True
La cieguita,Osvaldo Pugliese / Jorge Vidal,1949-09-27,tango,Musica: Keppler Lais (Patricio Muñoz Aceña) - Letra: Ramuncho (Ramón Bertrán Reyna),D:\Dropbox\TDJ\MUSICA\Eduardo\5\La Cieguita  -  2_3.mp3,True,True,1,False,True,True
Puente Alsina,Osvaldo Pugliese / Jorge Vidal,1949-08-22,tango,Musica: Benjamín Tagle Lara - Letra: Benjamín Tagle Lara,D:\Dropbox\TDJ\MUSICA\Eduardo\4\Puente Alsina    -   1_2-2_2.mp3,True,True,1,False,True,True
Testamento de arrabal,Osvaldo Pugliese / Jorge Vidal,1949-12-07,tango,Musica: Oscar Castagniaro - Letra: Raúl Hormaza,D:\Dropbox\TDJ\MUSICA\Eduardo\4\Testamento De Arrabal   -   2_1.mp3,True,True,1,False,True,True
Puente Alsina,Osvaldo Pugliese / Jorge Vidal,1949-08-22,tango,Musica: Benjamín Tagle Lara - Letra: Benjamín Tagle Lara,D:\Dropbox\TDJ\MUSICA\Camilo Gatica\Osvaldo Pugliese\Compilados\Odeón (1943-1960)\Osvaldo Pugliese - Edicion Aniversario (CD.1) (1943-1950)\22.Benjamín Tagle Lara - Puente Alsina (1949).flac,True,True,1,False,True,True
Testamento de arrabal,Osvaldo Pugliese / Jorge Vidal,1949-12-07,tango,Musica: Oscar Castagniaro - Letra: Raúl Hormaza,D:\Dropbox\TDJ\MUSICA\Camilo Gatica\Osvaldo Pugliese\Compilados\Odeón (1943-1960)\Osvaldo Pugliese - Edicion Aniversario (CD.1) (1943-1950)\25.Oscar Castagniaro & Raúl Hormaza - Testamento de arrabal (1949).flac,True,True,1,False,True,True
Porqué canto el tango,Osvaldo Pugliese / Jorge Vidal,2005,tango,,D:\Dropbox\TDJ\MUSICA\Camilo Gatica\Osvaldo Pugliese\Compilados\Odeón (1943-1960)\Osvaldo Pugliese - Edicion Aniversario (CD.2) (1950-1956)\02.Oscar Castagniaro & Antonio Cantó  - Porqué canto el tango (1950).flac,True,True,1,False,True,False
La cieguita,Osvaldo Pugliese / Jorge Vidal,1993,tango,,D:\Dropbox\TDJ\MUSICA\Dan\Pugliese\Osvaldo Pugliese con sus grandes cantantes\Osvaldo Pugliese feat. Jorge Vidal_Osvaldo Pugliese con sus grandes cantates - 03 - La cieguita.flac,True,True,1,False,True,False
Ventanita de arrabal,Osvaldo Pugliese / Jorge Vidal,1993,tango,,D:\Dropbox\TDJ\MUSICA\Dan\Pugliese\Osvaldo Pugliese con sus grandes cantantes\Osvaldo Pugliese feat. Jorge Vidal_Osvaldo Pugliese con sus grandes cantates - 11 - Ventanita de arrabal.flac,True,True,1,False,True,False
Puente Alsina,Osvaldo Pugliese / Jorge Vidal,1949-08-22,tango,Musica: Benjamín Tagle Lara - Letra: Benjamín Tagle Lara,D:\Dropbox\TDJ\MUSICA\Eduardo\2\07 Puente Alsina.mp3,True,True,1,False,True,True
Puente Alsina,Osvaldo Pugliese / Jorge Vidal,1949-08-22,tango,Musica: Benjamín Tagle Lara - Letra: Benjamín Tagle Lara,"D:\Dropbox\TDJ\MUSICA\Camilo Gatica\Osvaldo Pugliese\Compilados\Odeón (1943-1960)\Osvaldo Pugliese - Sus cantores de los '50- Vidal, Cobos y Montero (1949-1958)\01.Benjamín Tagle Lara - Puente Alsina (1949).flac",True,True,1,False,True,True
La cieguita,Osvaldo Pugliese / Jorge Vidal,1949-09-27,tango,Musica: Keppler Lais (Patricio Muñoz Aceña) - Letra: Ramuncho (Ramón Bertrán Reyna),"D:\Dropbox\TDJ\MUSICA\Camilo Gatica\Osvaldo Pugliese\Compilados\Odeón (1943-1960)\Osvaldo Pugliese - Sus cantores de los '50- Vidal, Cobos y Montero (1949-1958)\02.Patricio Muñoz Aceña & Ramón Bertrán Reyna - La cieguita (1949).flac",True,True,1,False,True,True
Testamento de arrabal,Osvaldo Pugliese / Jorge Vidal,1949-12-07,tango,Musica: Oscar Castagniaro - Letra: Raúl Hormaza,"D:\Dropbox\TDJ\MUSICA\Camilo Gatica\Osvaldo Pugliese\Compilados\Odeón (1943-1960)\Osvaldo Pugliese - Sus cantores de los '50- Vidal, Cobos y Montero (1949-1958)\03.Oscar Castagniaro & Raúl Hormaza - Testamento de arrabal (1949).flac",True,True,1,False,True,True
Ventanita de arrabal,Osvaldo Pugliese / Jorge Vidal,1950-03-07,tango,Musica: Antonio Scatasso - Letra: Pascual Contursi,"D:\Dropbox\TDJ\MUSICA\Camilo Gatica\Osvaldo Pugliese\Compilados\Odeón (1943-1960)\Osvaldo Pugliese - Sus cantores de los '50- Vidal, Cobos y Montero (1949-1958)\04.Antonio Scatasso & Pascual Contursi - Ventanita de arrabal (1950).flac",True,True,1,False,True,True
Vieja recova,Osvaldo Pugliese / Jorge Vidal,1950-05-03,tango,Musica: Rodolfo Sciammarella - Letra: Enrique Cadícamo,"D:\Dropbox\TDJ\MUSICA\Camilo Gatica\Osvaldo Pugliese\Compilados\Odeón (1943-1960)\Osvaldo Pugliese - Sus cantores de los '50- Vidal, Cobos y Montero (1949-1958)\05.Rodolfo Sciammarella & Enrique Cadícamo - Vieja recova (1950).flac",True,True,1,False,True,True
Por qué canto el tango,Osvaldo Pugliese / Jorge Vidal,1950-06-30,tango,Musica: Oscar Castagniaro - Letra: Antonio Cantó,"D:\Dropbox\TDJ\MUSICA\Camilo Gatica\Osvaldo Pugliese\Compilados\Odeón (1943-1960)\Osvaldo Pugliese - Sus cantores de los '50- Vidal, Cobos y Montero (1949-1958)\06.Oscar Castagniaro & Antonio Cantó - Por qué canto el tango (1950).flac",True,True,1,False,True,True
Barra querida,Osvaldo Pugliese / Jorge Vidal,1950-11-16,tango,Musica: Carlos Sánchez - Letra: César Vedani,"D:\Dropbox\TDJ\MUSICA\Camilo Gatica\Osvaldo Pugliese\Compilados\Odeón (1943-1960)\Osvaldo Pugliese - Sus cantores de los '50- Vidal, Cobos y Montero (1949-1958)\07.Carlos Sánchez & César Vedani - Barra querida (1950).flac",True,True,1,False,True,True
Un baile a beneficio,Osvaldo Pugliese / Jorge Vidal,1950-11-16,tango milonga,Musica: Juan Carlos Caccaviello - Letra: José Alfredo Fernández,"D:\Dropbox\TDJ\MUSICA\Camilo Gatica\Osvaldo Pugliese\Compilados\Odeón (1943-1960)\Osvaldo Pugliese - Sus cantores de los '50- Vidal, Cobos y Montero (1949-1958)\08.Juan Carlos Caviello & José Alfredo Fernández - Un baile a beneficio (1950).flac",True,True,1,False,True,True
Ventanita de arrabal,Osvaldo Pugliese / Jorge Vidal,1950-03-07,tango,Musica: Antonio Scatasso - Letra: Pascual Contursi,D:\Dropbox\TDJ\MUSICA\Osvaldo LA YUMBA\- PUGLIESE\Kiko pugli\Osvaldo Pugliese - 1950 - Todas sus grabaciones\01-osvaldo pugliese - jorge vidal - ventanita de arrabal-P.Contursi-Scatazzo-7-3-50.mp3,False,False,1,False,False,True
Barra Querida,Osvaldo Pugliese / Jorge Vidal,1982,tango,,D:\Dropbox\TDJ\MUSICA\Dan\Pugliese\Tangos Famosos\Osvaldo Pugliese - Jorge Vidal_Tangos Famosos - 09 - Barra Querida.flac,True,True,1,False,True,False
Testamento de arrabal,Osvaldo Pugliese / Jorge Vidal,1949-12-07,tango,Musica: Oscar Castagniaro - Letra: Raúl Hormaza,D:\Dropbox\TDJ\MUSICA\Eduardo\4\Testamento De Arrabal.mp3,True,True,1,False,True,True
Porque Canto El Tango,Osvaldo Pugliese / Jorge Vidal,,tango,,D:\Dropbox\TDJ\MUSICA\Osvaldo LA YUMBA\- PUGLIESE\Kiko pugli\Osvaldo Pugliese - 1950 - Todas sus grabaciones\07-porque canto el tango (pugliese-j vidal) - Cantó-Castagnaro-30-6-50.mp3,True,True,1,False,True,False
Cordón,Osvaldo Pugliese / José Ángel Trelles,1982-06-30,tango,Musica: Chico Novarro - Letra: Chico Novarro,D:\Dropbox\TDJ\MUSICA\Eduardo\7\06 Cordon.mp3,True,True,1,False,True,True
Cordón,Osvaldo Pugliese / José Ángel Trelles,1982-06-30,tango,Musica: Chico Novarro - Letra: Chico Novarro,D:\Dropbox\TDJ\MUSICA\Camilo Gatica\Osvaldo Pugliese\Compilados\Odeón (1943-1960)\Osvaldo Pugliese - Edicion Aniversario (CD.4) (1978-1989)\14.Chico Novarro - Cordón (1982).flac,True,True,1,False,True,True
Cordón,Osvaldo Pugliese / José Ángel Trelles,1982-06-30,tango,Musica: Chico Novarro - Letra: Chico Novarro,D:\Dropbox\TDJ\MUSICA\Camilo Gatica\Osvaldo Pugliese\EMI-Odeón (1972-1988)\Osvaldo Pugliese - Futuro (1982)\06.Chico Novarro - Cordón (30-06-1982).flac,True,True,1,False,True,True
No es más que yo,Osvaldo Pugliese / Juan Carlos Cobos,1954-03-17,tango,Musica: Luis Mandarino - Letra: Enrique Dizeo,D:\Dropbox\TDJ\MUSICA\Osvaldo LA YUMBA\- PUGLIESE\Kiko pugli\Osvaldo Pugliese - 1953 - 1954 - Todas sus grabaciones\14-No es más que yo - Pugliese-Juan Carlos Cobos- de Luis Mandarino y Dizeo - 1954.mp3,True,True,1,False,True,True
Milonguera,Osvaldo Pugliese / Juan Carlos Cobos,1953-07-14,tango,Musica: José María Aguilar - Letra: José María Aguilar,D:\Dropbox\TDJ\MUSICA\Eduardo\2\11 Milonguera.mp3,True,True,1,False,True,True
Olvidao,Osvaldo Pugliese / Juan Carlos Cobos,1953-08-06,tango,Musica: Guillermo Barbieri - Letra: Enrique Cadícamo,D:\Dropbox\TDJ\MUSICA\Eduardo\2\13 Olvidao.mp3,True,True,1,False,True,True
Es preciso que te vayas,Osvaldo Pugliese / Juan Carlos Cobos,1953-11-25,tango,Musica: Juan Carlos Cobián - Letra: Celedonio Flores,D:\Dropbox\TDJ\MUSICA\Eduardo\6\18 Es Preciso Que Te Vayas.mp3,True,True,1,False,True,True
Milonguera,Osvaldo Pugliese / Juan Carlos Cobos,1953-07-14,tango,Musica: José María Aguilar - Letra: José María Aguilar,D:\Dropbox\TDJ\MUSICA\Osvaldo LA YUMBA\- PUGLIESE\Kiko pugli\Osvaldo Pugliese - 1953 - 1954 - Todas sus grabaciones\03-Juan Carlos Cobos-osvaldo pugliese - milonguera-Aguilar- 14-7-53.mp3,True,True,1,False,True,True
Milongera,Osvaldo Pugliese / Juan Carlos Cobos,1993,tango,,D:\Dropbox\TDJ\MUSICA\Dan\Pugliese\Osvaldo Pugliese con sus grandes cantantes\Osvaldo Pugliese feat. Juan Carlos Cobos_Osvaldo Pugliese con sus grandes cantates - 07 - Milongera.flac,True,False,0,False,True,False
Te aconsejo que me olvides,Osvaldo Pugliese / Juan Carlos Cobos,1993,tango,,D:\Dropbox\TDJ\MUSICA\Dan\Pugliese\Osvaldo Pugliese con sus grandes cantantes\Osvaldo Pugliese feat. Juan Carlos Cobos_Osvaldo Pugliese con sus grandes cantates - 15 - Te aconsejo que me olvides.flac,True,True,1,False,True,False
Milonguera,Osvaldo Pugliese / Juan Carlos Cobos,1953-07-14,tango,Musica: José María Aguilar - Letra: José María Aguilar,"D:\Dropbox\TDJ\MUSICA\Camilo Gatica\Osvaldo Pugliese\Compilados\Odeón (1943-1960)\Osvaldo Pugliese - Sus cantores de los '50- Vidal, Cobos y Montero (1949-1958)\09.José María Aguilar - Milonguera (1953).flac",True,True,1,False,True,True
Olvidao,Osvaldo Pugliese / Juan Carlos Cobos,1953-08-06,tango,Musica: Guillermo Barbieri - Letra: Enrique Cadícamo,"D:\Dropbox\TDJ\MUSICA\Camilo Gatica\Osvaldo Pugliese\Compilados\Odeón (1943-1960)\Osvaldo Pugliese - Sus cantores de los '50- Vidal, Cobos y Montero (1949-1958)\10.Guillermo Barbieri & Enrique Cadícamo - Olvidao (1953).flac",True,True,1,False,True,True
Es preciso que te vayas,Osvaldo Pugliese / Juan Carlos Cobos,1953-11-25,tango,Musica: Juan Carlos Cobián - Letra: Celedonio Flores,"D:\Dropbox\TDJ\MUSICA\Camilo Gatica\Osvaldo Pugliese\Compilados\Odeón (1943-1960)\Osvaldo Pugliese - Sus cantores de los '50- Vidal, Cobos y Montero (1949-1958)\11.Juan Carlos Cobián & Celedonio Flores - Es preciso que te vayas (1953).flac",True,True,1,False,True,True
Picaneao,Osvaldo Pugliese / Juan Carlos Cobos,1954-01-05,tango,Musica: Héctor Baldi - Letra: Enrique Cadícamo,"D:\Dropbox\TDJ\MUSICA\Camilo Gatica\Osvaldo Pugliese\Compilados\Odeón (1943-1960)\Osvaldo Pugliese - Sus cantores de los '50- Vidal, Cobos y Montero (1949-1958)\12.Héctor Baldi & Enrique Cadícamo - Picaneao (1954).flac",True,True,1,False,True,True
No es más que yo,Osvaldo Pugliese / Juan Carlos Cobos,1954-03-17,tango,Musica: Luis Mandarino - Letra: Enrique Dizeo,"D:\Dropbox\TDJ\MUSICA\Camilo Gatica\Osvaldo Pugliese\Compilados\Odeón (1943-1960)\Osvaldo Pugliese - Sus cantores de los '50- Vidal, Cobos y Montero (1949-1958)\13.Luis Mandarino & Enrique Dizeo - No es más que yo (1954).flac",True,True,1,False,True,True
Te aconsejo que me olvides,Osvaldo Pugliese / Juan Carlos Cobos,1954-05-13,tango,Musica: Pedro Maffia - Letra: Jorge Curi,"D:\Dropbox\TDJ\MUSICA\Camilo Gatica\Osvaldo Pugliese\Compilados\Odeón (1943-1960)\Osvaldo Pugliese - Sus cantores de los '50- Vidal, Cobos y Montero (1949-1958)\14.Pedro Maffia & Jorge Curi - Te aconsejo que me olvides (1954).flac",True,True,1,False,True,True
Milonguera,Osvaldo Pugliese / Juan Carlos Cobos,1982,tango,,D:\Dropbox\TDJ\MUSICA\Dan\Pugliese\Tangos Famosos\Osvaldo Pugliese - Juan Carlos Cobos_Tangos Famosos - 06 - Milonguera.flac,True,True,1,False,True,False
Olvidao,Osvaldo Pugliese / Juan Carlos Cobos,1953-08-06,tango,Musica: Guillermo Barbieri - Letra: Enrique Cadícamo,D:\Dropbox\TDJ\MUSICA\Osvaldo LA YUMBA\- PUGLIESE\Kiko pugli\Osvaldo Pugliese - 1953 - 1954 - Todas sus grabaciones\05-Olvidao -Pugliese-Juan Carlos Cobos- (Barbieri-Cadicamo) 6-8-53.mp3,True,True,1,False,True,True
Y no puedo olvidarte,Osvaldo Pugliese / María Graña,1981-12-23,tango,Musica: Armando Cupo - Letra: Abel Aznar,D:\Dropbox\TDJ\MUSICA\Eduardo\1\01 Y No Puedo Olvidarte.mp3,True,True,1,False,True,True
Y no puedo olvidarte,Osvaldo Pugliese / María Graña,1981-12-23,tango,Musica: Armando Cupo - Letra: Abel Aznar,"D:\Dropbox\TDJ\MUSICA\Dan\De Caro\Los clásicos argentinos- Tango, volumen 13- Julio De Caro- el gran melodioso\Osvaldo Pugliese & María Graña - Y no puedo olvidarte.flac",True,True,1,False,True,True
Y no puedo olvidarte,Osvaldo Pugliese / María Graña,1981-12-23,tango,Musica: Armando Cupo - Letra: Abel Aznar,D:\Dropbox\TDJ\MUSICA\Camilo Gatica\Osvaldo Pugliese\Compilados\Odeón (1943-1960)\Osvaldo Pugliese - Edicion Aniversario (CD.4) (1978-1989)\12.Armando Cupo & Abel Aznar - Y no puedo olvidarte (1981).flac,True,True,1,False,True,True
Y no puedo olvidarte,Osvaldo Pugliese / María Graña,1981-12-23,tango,Musica: Armando Cupo - Letra: Abel Aznar,D:\Dropbox\TDJ\MUSICA\Camilo Gatica\Osvaldo Pugliese\EMI-Odeón (1972-1988)\Osvaldo Pugliese - Futuro (1982)\01.Armando Cupo & Abel Aznar - Y no puedo olvidarte (23-12-1981).flac,False,False,1,False,False,True
Y no puedo olvidarte,Osvaldo Pugliese / María Graña,1981-12-23,tango,Musica: Armando Cupo - Letra: Abel Aznar,D:\Dropbox\TDJ\MUSICA\Eduardo\2\11 Y No Puedo Olvidarte.mp3,True,True,1,False,True,True
El encopao,Osvaldo Pugliese / Mario Alonso,1948,tango,,D:\Dropbox\TDJ\MUSICA\Leandro\Osvaldo Pugliese\Osvaldo Pugliese - El eslabón perdido (Sello Stentor + Bonus tracks) (1960)\13.Osvaldo Pugliese & Enrique Dizeo - El encopao (1948).flac,True,True,3,False,True,False
A barquinazos (1948),Osvaldo Pugliese / Mario Alonso,1948,tango,,D:\Dropbox\TDJ\MUSICA\Leandro\Osvaldo Pugliese\Osvaldo Pugliese - El eslabón perdido (Sello Stentor + Bonus tracks) (1960)\15.Osvaldo Pugliese & Homero Expósito - A barquinazos (1948).flac,True,True,1,False,True,False
Dicha pasada,Osvaldo Pugliese / Miguel Montero,1958-11-19,tango,Musica: Guillermo Barbieri - Letra: Guillermo Barbieri,D:\Dropbox\TDJ\MUSICA\Osvaldo LA YUMBA\- PUGLIESE\- Pugliese  cantado\PUGLI - MORAN     DICHA PASADA -  ALBERTO MORÁN -  ARMANDO CUPO -  - TANGO.mp3,True,True,1,False,True,True
A la luz del candil,Osvaldo Pugliese / Miguel Montero,1954-07-14,tango,Musica: Carlos Vicente Geroni Flores - Letra: Julio Navarrine,D:\Dropbox\TDJ\MUSICA\Osvaldo LA YUMBA\- PUGLIESE\Kiko pugli\Osvaldo Pugliese - 1953 - 1954 - Todas sus grabaciones\20- a la luz del candil - pugliese-montero - geroni flores-navarrine - 1954.mp3,True,True,1,False,True,True
Antiguo reloj de cobre,Osvaldo Pugliese / Miguel Montero,1955-09-02,tango,Musica: Eduardo Marvezzi - Letra: Eduardo Marvezzi,D:\Dropbox\TDJ\MUSICA\Osvaldo LA YUMBA\- PUGLIESE\Kiko pugli\Osvaldo Pugliese - 1955 - 1956 - Todas sus grabaciones\Osvaldo Pugliese-Antiguo reloj de cobre.mp3,True,True,1,False,True,True
Por una muñeca,Osvaldo Pugliese / Miguel Montero,1954-10-29,tango,Musica: Emilio Balcarce - Letra: Manuel Barros,D:\Dropbox\TDJ\MUSICA\Osvaldo LA YUMBA\- PUGLIESE\Kiko pugli\Osvaldo Pugliese - 1953 - 1954 - Todas sus grabaciones\22- por una muñeca - pugliese-montero - balcarce-barros - 1954.mp3,True,True,1,False,True,True
Antiguo reloj de cobre,Osvaldo Pugliese / Miguel Montero,1995,tango,,D:\Dropbox\TDJ\MUSICA\Dan\Pugliese\Ausencia\Osvaldo Pugliese feat. Miguel Montero_Ausencia - 13 - Antiguo reloj de cobre.flac,True,True,1,False,True,False
Antiguo reloj de cobre,Osvaldo Pugliese / Miguel Montero,1955-09-02,tango,Musica: Eduardo Marvezzi - Letra: Eduardo Marvezzi,D:\Dropbox\TDJ\MUSICA\Eva\Osvaldo Pugliese\La Yumba\05 Antiguo Reloj De Cuerda.m4a,True,True,1,False,True,True
Que te pasa Buenos Aires,Osvaldo Pugliese / Miguel Montero,1956-03-20,tango,Musica: Eduardo Cortti - Letra: Juan José Correia,D:\Dropbox\TDJ\MUSICA\Eva\Osvaldo Pugliese\La Yumba\10 Qué Te Pasa Buenos Aires.m4a,True,True,1,False,True,True
Che Cristóbal,Osvaldo Pugliese / Miguel Montero,1958-05-29,tango,Musica: Orlando Calautti - Letra: Roberto Vallejos,D:\Dropbox\TDJ\MUSICA\Eva\Osvaldo Pugliese\La Yumba\12 Che Cristobal.m4a,True,True,1,False,True,True
Dicha pasada,Osvaldo Pugliese / Miguel Montero,1958-11-19,tango,Musica: Guillermo Barbieri - Letra: Guillermo Barbieri,D:\Dropbox\TDJ\MUSICA\Eduardo\6\20 Dicha Pasada   -    1_1-2_4  -Ins.mp3,True,True,1,False,True,True
Cachá viaje,Osvaldo Pugliese / Miguel Montero,1957-07-10,tango,Musica: Jaime Vila - Letra: Ernesto Cardenal,D:\Dropbox\TDJ\MUSICA\Eduardo\6\21 Cacha Viaje.mp3,True,True,1,False,True,True
Acquaforte,Osvaldo Pugliese / Miguel Montero,1958-07-23,tango,Musica: Horacio Pettorossi - Letra: Juan Carlos Marambio Catán,D:\Dropbox\TDJ\MUSICA\Eduardo\6\22 Acquaforte       -          1_2-2.mp3,True,True,1,False,True,True
Acquaforte,Osvaldo Pugliese / Miguel Montero,1958-07-23,tango,Musica: Horacio Pettorossi - Letra: Juan Carlos Marambio Catán,D:\Dropbox\TDJ\MUSICA\Eduardo\3\Acquaforte   1 - esu320(128)ok.mp3,True,True,1,False,True,True
Dicha pasada,Osvaldo Pugliese / Miguel Montero,1958-11-19,tango,Musica: Guillermo Barbieri - Letra: Guillermo Barbieri,D:\Dropbox\TDJ\MUSICA\Eduardo\3\Dicha Pasada    1 - esu191 ok.mp3,True,True,1,False,True,True
Dicha pasada,Osvaldo Pugliese / Miguel Montero,1958-11-19,tango,Musica: Guillermo Barbieri - Letra: Guillermo Barbieri,D:\Dropbox\TDJ\MUSICA\Eduardo\3\Dicha Pasada    1 - esu188 ok.mp3,True,True,1,False,True,True
A la luz del candil,Osvaldo Pugliese / Miguel Montero,1954-07-14,tango,Musica: Carlos Vicente Geroni Flores - Letra: Julio Navarrine,"D:\Dropbox\TDJ\MUSICA\Edmundo\Pugliese\Osvaldo Pugliese,  Miguel Montero - A la luz de un candil.flac",True,True,1,False,True,True
A la luz del candil,Osvaldo Pugliese / Miguel Montero,1954-07-14,tango,Musica: Carlos Vicente Geroni Flores - Letra: Julio Navarrine,D:\Dropbox\TDJ\MUSICA\Camilo Gatica\Osvaldo Pugliese\Compilados\Odeón (1943-1960)\Osvaldo Pugliese - Edicion Aniversario (CD.2) (1950-1956)\20.Carlos Vicente Geroni Flores & Julio Navarrine - A la luz de un candil (1954).flac,True,True,1,False,True,True
Por una muñeca,Osvaldo Pugliese / Miguel Montero,1954-10-29,tango,Musica: Emilio Balcarce - Letra: Manuel Barros,D:\Dropbox\TDJ\MUSICA\Camilo Gatica\Osvaldo Pugliese\Compilados\Odeón (1943-1960)\Osvaldo Pugliese - Edicion Aniversario (CD.2) (1950-1956)\22.Emilio Balcarce & Enrique Barros - Por una muñeca (1954).flac,True,True,1,False,True,True
La conciencia,Osvaldo Pugliese / Miguel Montero,1957-06-24,tango,Musica: Emilio Balcarce - Letra: Manuel Barros,D:\Dropbox\TDJ\MUSICA\Camilo Gatica\Osvaldo Pugliese\Compilados\Odeón (1943-1960)\Osvaldo Pugliese - Edición Aniversario (CD.3) (1956-1977)\05.Emilio Balcarce & Manuel Barros - La conciencia (1957).flac,True,True,1,False,True,True
Pa' la muchachada,Osvaldo Pugliese / Miguel Montero,1957-12-18,tango,Musica: Miguel Montero - Letra: Carlos Jonsson,D:\Dropbox\TDJ\MUSICA\Camilo Gatica\Osvaldo Pugliese\Compilados\Odeón (1943-1960)\Osvaldo Pugliese - Edición Aniversario (CD.3) (1956-1977)\07.Miguel Montero & Carlos Johnsson - Pa' la muchachada (1957).flac,True,True,1,False,True,True
A la luz del candil,Osvaldo Pugliese / Miguel Montero,1954-07-14,tango,Musica: Carlos Vicente Geroni Flores - Letra: Julio Navarrine,D:\Dropbox\TDJ\MUSICA\Camilo Gatica\Osvaldo Pugliese\Compilados\Odeón (1943-1960)\Osvaldo Pugliese - Sus grandes éxitos - Cantan Miguel Montero y Jorge Maciel (1954-1958)\01.Carlos Vicente Geroni Flores & Julio Navarrine - A la luz de un candil (1954).flac,True,True,1,False,True,True
Por una muñeca,Osvaldo Pugliese / Miguel Montero,1954-10-29,tango,Musica: Emilio Balcarce - Letra: Manuel Barros,D:\Dropbox\TDJ\MUSICA\Camilo Gatica\Osvaldo Pugliese\Compilados\Odeón (1943-1960)\Osvaldo Pugliese - Sus grandes éxitos - Cantan Miguel Montero y Jorge Maciel (1954-1958)\02Emilio Balcarce & Enrique Barros - Por una muñeca (1954).flac,True,True,1,False,True,True
El poncho del amor,Osvaldo Pugliese / Miguel Montero,1955-09-22,tango,Musica: Antonio Scatasso - Letra: Alberto Vacarezza,D:\Dropbox\TDJ\MUSICA\Camilo Gatica\Osvaldo Pugliese\Compilados\Odeón (1943-1960)\Osvaldo Pugliese - Sus grandes éxitos - Cantan Miguel Montero y Jorge Maciel (1954-1958)\03.Antonio Scatasso & Alberto Vaccarezza - El poncho del amor (1955).flac,True,True,1,False,True,True
"Muchachos, mi último tango",Osvaldo Pugliese / Miguel Montero,2004,tango,,"D:\Dropbox\TDJ\MUSICA\Camilo Gatica\Osvaldo Pugliese\Compilados\Odeón (1943-1960)\Osvaldo Pugliese - Sus grandes éxitos - Cantan Miguel Montero y Jorge Maciel (1954-1958)\04.Ernesto Rossi & Justo Ricardo Thompson - Muchachos, mi último tango (1956).flac",True,True,1,False,True,False
Te estaba esperando,Osvaldo Pugliese / Miguel Montero,1956-08-02,tango,Musica: Roberto Giménez - Letra: Roberto Giménez,D:\Dropbox\TDJ\MUSICA\Camilo Gatica\Osvaldo Pugliese\Compilados\Odeón (1943-1960)\Osvaldo Pugliese - Sus grandes éxitos - Cantan Miguel Montero y Jorge Maciel (1954-1958)\11.Roberto Giménez - Te estaba esperando (1956).flac,True,True,1,False,True,True
Los largos del pibe,Osvaldo Pugliese / Miguel Montero,1957-04-04,tango,Musica: Samuel Pribluda (Sampri) - Letra: Enrique Lary,D:\Dropbox\TDJ\MUSICA\Camilo Gatica\Osvaldo Pugliese\Compilados\Odeón (1943-1960)\Osvaldo Pugliese - Sus grandes éxitos - Cantan Miguel Montero y Jorge Maciel (1954-1958)\12.Samuel Pribluda & Enrique Lary - Los largos del pibe (1957).flac,True,True,1,False,True,True
Y con eso donde voy,Osvaldo Pugliese / Miguel Montero,1956-11-28,tango,Musica: Angel Cabral - Letra: Enrique Dizeo,D:\Dropbox\TDJ\MUSICA\Camilo Gatica\Osvaldo Pugliese\Compilados\Odeón (1943-1960)\Osvaldo Pugliese - Sus grandes éxitos - Cantan Miguel Montero y Jorge Maciel (1954-1958)\13.Ángel Cabral & Enrique Dizeo - Y con eso donde voy (1956).flac,True,True,1,False,True,True
La conciencia,Osvaldo Pugliese / Miguel Montero,1957-06-24,tango,Musica: Emilio Balcarce - Letra: Manuel Barros,D:\Dropbox\TDJ\MUSICA\Camilo Gatica\Osvaldo Pugliese\Compilados\Odeón (1943-1960)\Osvaldo Pugliese - Sus grandes éxitos - Cantan Miguel Montero y Jorge Maciel (1954-1958)\14.Emilio Balcarce & Manuel Barros - La conciencia (1957).flac,True,True,1,False,True,True
Pa' la muchachada,Osvaldo Pugliese / Miguel Montero,1957-12-18,tango,Musica: Miguel Montero - Letra: Carlos Jonsson,D:\Dropbox\TDJ\MUSICA\Camilo Gatica\Osvaldo Pugliese\Compilados\Odeón (1943-1960)\Osvaldo Pugliese - Sus grandes éxitos - Cantan Miguel Montero y Jorge Maciel (1954-1958)\17.Miguel Montero & Carlos Johnsson - Pa' la muchachada (1957).flac,True,True,1,False,True,True
Che Cristóbal,Osvaldo Pugliese / Miguel Montero,1958-05-29,tango,Musica: Orlando Calautti - Letra: Roberto Vallejos,D:\Dropbox\TDJ\MUSICA\Camilo Gatica\Osvaldo Pugliese\Compilados\Odeón (1943-1960)\Osvaldo Pugliese - Sus grandes éxitos - Cantan Miguel Montero y Jorge Maciel (1954-1958)\18.Orlando Calautti & Elbio Vallejo - Che Cristobal (1958).flac,True,True,1,False,True,True
Acquaforte,Osvaldo Pugliese / Miguel Montero,1993,tango,,D:\Dropbox\TDJ\MUSICA\Dan\Pugliese\Osvaldo Pugliese con sus grandes cantantes\Osvaldo Pugliese feat. Miguel Montero_Osvaldo Pugliese con sus grandes cantates - 06 - Acquaforte.flac,True,True,1,False,True,False
Dicha pasada,Osvaldo Pugliese / Miguel Montero,1993,tango,,D:\Dropbox\TDJ\MUSICA\Dan\Pugliese\Osvaldo Pugliese con sus grandes cantantes\Osvaldo Pugliese feat. Miguel Montero_Osvaldo Pugliese con sus grandes cantates - 14 - Dicha pasada.flac,True,True,1,False,True,False
Te estaba esperando,Osvaldo Pugliese / Miguel Montero,1956-08-02,tango,Musica: Roberto Giménez - Letra: Roberto Giménez,D:\Dropbox\TDJ\MUSICA\Eduardo\7\05 Te Estaba Esperando.mp3,True,True,1,False,True,True
Antiguo reloj de cobre,Osvaldo Pugliese / Miguel Montero,1955-09-02,tango,Musica: Eduardo Marvezzi - Letra: Eduardo Marvezzi,"D:\Dropbox\TDJ\MUSICA\Camilo Gatica\Osvaldo Pugliese\Compilados\Odeón (1943-1960)\Osvaldo Pugliese - Sus cantores de los '50- Vidal, Cobos y Montero (1949-1958)\15.Eduardo Marvezi - Antiguo reloj de cobre (1955).flac",True,True,1,False,True,True
Que te pasa Buenos Aires,Osvaldo Pugliese / Miguel Montero,1956-03-20,tango,Musica: Eduardo Cortti - Letra: Juan José Correia,"D:\Dropbox\TDJ\MUSICA\Camilo Gatica\Osvaldo Pugliese\Compilados\Odeón (1943-1960)\Osvaldo Pugliese - Sus cantores de los '50- Vidal, Cobos y Montero (1949-1958)\16.Eduardo Cortti & Juan José Correira - Qué te pasa Buenos Aires (1956).flac",True,True,1,False,True,True
Cachá viaje,Osvaldo Pugliese / Miguel Montero,1957-07-10,tango,Musica: Jaime Vila - Letra: Ernesto Cardenal,"D:\Dropbox\TDJ\MUSICA\Camilo Gatica\Osvaldo Pugliese\Compilados\Odeón (1943-1960)\Osvaldo Pugliese - Sus cantores de los '50- Vidal, Cobos y Montero (1949-1958)\17.Jaime Vila & Ernesto Cardenal - Cacha viaje (1957).flac",True,True,1,False,True,True
Gurisa,Osvaldo Pugliese / Miguel Montero,1958-01-16,tango,Musica: Aminto Vidal - Letra: Enrique García Satur,"D:\Dropbox\TDJ\MUSICA\Camilo Gatica\Osvaldo Pugliese\Compilados\Odeón (1943-1960)\Osvaldo Pugliese - Sus cantores de los '50- Vidal, Cobos y Montero (1949-1958)\18.Aminio Vidal & Enrique García Satur - Gurisa (1958).flac",True,True,1,False,True,True
Acquaforte,Osvaldo Pugliese / Miguel Montero,1958-07-23,tango,Musica: Horacio Pettorossi - Letra: Juan Carlos Marambio Catán,"D:\Dropbox\TDJ\MUSICA\Camilo Gatica\Osvaldo Pugliese\Compilados\Odeón (1943-1960)\Osvaldo Pugliese - Sus cantores de los '50- Vidal, Cobos y Montero (1949-1958)\19.Horacio Petterossi & Juan Carlos Marambio Catán - Acquaforte (1950).flac",True,True,1,False,True,True
Dicha pasada,Osvaldo Pugliese / Miguel Montero,1958-11-19,tango,Musica: Guillermo Barbieri - Letra: Guillermo Barbieri,"D:\Dropbox\TDJ\MUSICA\Camilo Gatica\Osvaldo Pugliese\Compilados\Odeón (1943-1960)\Osvaldo Pugliese - Sus cantores de los '50- Vidal, Cobos y Montero (1949-1958)\20.Guillermo Barbieri - Dicha pasada (1958).flac",True,True,1,False,True,True
Que te pasa Buenos Aires,Osvaldo Pugliese / Miguel Montero,1956-03-20,tango,Musica: Eduardo Cortti - Letra: Juan José Correia,D:\Dropbox\TDJ\MUSICA\Eduardo\2\07 Que Te Pasa Buenos Aire    1 - es.mp3,True,True,1,False,True,True
Che Cristóbal,Osvaldo Pugliese / Miguel Montero,1958-05-29,tango,Musica: Orlando Calautti - Letra: Roberto Vallejos,D:\Dropbox\TDJ\MUSICA\Eduardo\2\09 Che Cristobal.mp3,True,True,1,False,True,True
Que te pasa Buenos Aires,Osvaldo Pugliese / Miguel Montero,1956-03-20,tango,Musica: Eduardo Cortti - Letra: Juan José Correia,D:\Dropbox\TDJ\MUSICA\Eduardo\4\Que Te Pasa Buenos Aires  1-esu320(1.mp3,True,True,1,False,True,True
A La Luz Del Candil,Osvaldo Pugliese / Miguel Montero,1982,tango,,D:\Dropbox\TDJ\MUSICA\Dan\Pugliese\Tangos Famosos\Osvaldo Pugliese - Miguel Montero_Tangos Famosos - 05 - A La Luz Del Candil.flac,True,True,1,False,True,False
Dicha Pasada,Osvaldo Pugliese / Miguel Montero,1982,tango,,D:\Dropbox\TDJ\MUSICA\Dan\Pugliese\Tangos Famosos\Osvaldo Pugliese - Miguel Montero_Tangos Famosos - 11 - Dicha Pasada.flac,True,True,1,False,True,False
La conciencia,Osvaldo Pugliese / Miguel Montero,1957-06-24,tango,Musica: Emilio Balcarce - Letra: Manuel Barros,D:\Dropbox\TDJ\MUSICA\Eduardo\5\La Conciencia.mp3,True,True,1,False,True,True
Por una muñeca,Osvaldo Pugliese / Miguel Montero,1954-10-29,tango,Musica: Emilio Balcarce - Letra: Manuel Barros,D:\Dropbox\TDJ\MUSICA\Eduardo\4\Por Una Muñeca.mp3,True,True,1,False,True,True
Pa' la muchachada,Osvaldo Pugliese / Miguel Montero,1957-12-18,tango,Musica: Miguel Montero - Letra: Carlos Jonsson,D:\Dropbox\TDJ\MUSICA\Eduardo\1\Pa' La Muchachada.mp3,True,True,1,False,True,True
El poncho del amor,Osvaldo Pugliese / Miguel Montero,1955-09-22,tango,Musica: Antonio Scatasso - Letra: Alberto Vacarezza,D:\Dropbox\TDJ\MUSICA\Eduardo\6\18 El Poncho Del Amor.MP3,True,True,1,False,True,True
Mi serenata,Osvaldo Pugliese / Miguel Montero y Jorge Maciel,1955-09-02,tango,Musica: Edgardo Donato - Letra: Juan Carlos Thorry,D:\Dropbox\TDJ\MUSICA\Eduardo\4\Mi Serenata.mp3,True,True,1,False,True,True
Silueta porteña,Osvaldo Pugliese / Miguel Montero y Jorge Maciel,1956-08-02,tango milonga,Musica: Nicolás Luis Cuccaro y Juan Ventura Cuccaro - Letra: Ernesto Nolli y Orlando D'Aniello,D:\Dropbox\TDJ\MUSICA\Eduardo\2\08 Silueta Porteña.mp3,True,True,1,False,True,True
Mi serenata,Osvaldo Pugliese / Miguel Montero y Jorge Maciel,1955-09-02,tango,Musica: Edgardo Donato - Letra: Juan Carlos Thorry,D:\Dropbox\TDJ\MUSICA\Camilo Gatica\Osvaldo Pugliese\Compilados\Odeón (1943-1960)\Osvaldo Pugliese - Sus grandes éxitos - Cantan Miguel Montero y Jorge Maciel (1954-1958)\08.Edgardo Donato & Juan Carlos Thorry - Mi serenata (1955).flac,True,True,1,False,True,True
Silueta porteña,Osvaldo Pugliese / Miguel Montero y Jorge Maciel,1956-08-02,tango milonga,Musica: Nicolás Luis Cuccaro y Juan Ventura Cuccaro - Letra: Ernesto Nolli y Orlando D'Aniello,"D:\Dropbox\TDJ\MUSICA\Camilo Gatica\Osvaldo Pugliese\Compilados\Odeón (1943-1960)\Osvaldo Pugliese - Sus grandes éxitos - Cantan Miguel Montero y Jorge Maciel (1954-1958)\09.Juan Ventura Cuccaro, Nicolás Luis Cuccaro & Orlando D'Aniello & Ernesto Nolli - Silueta porteña (1956).flac",True,True,1,False,True,True
Mentiras,Osvaldo Pugliese / Miguel Montero y Jorge Maciel,1956-12-26,tango,Musica: Juan Bautista Abad Reyes - Letra: Juan Bautista Abad Reyes,D:\Dropbox\TDJ\MUSICA\Camilo Gatica\Osvaldo Pugliese\Compilados\Odeón (1943-1960)\Osvaldo Pugliese - Sus grandes éxitos - Cantan Miguel Montero y Jorge Maciel (1954-1958)\16.Francisco Pracánico & Celedonio Flores - Mentiras (1956).flac,True,True,1,False,True,True
En otros caminos,Osvaldo Pugliese / Miguel Montero y Jorge Maciel,1957-07-10,tango,Musica: Guillermo López - Letra: Oscar Pariente,D:\Dropbox\TDJ\MUSICA\Camilo Gatica\Osvaldo Pugliese\Compilados\Odeón (1943-1960)\Osvaldo Pugliese - Sus grandes éxitos - Cantan Miguel Montero y Jorge Maciel (1954-1958)\19.Guillermo López & Oscar Pariente - En otros caminos (1957).flac,True,True,1,False,True,True
En otros caminos,Osvaldo Pugliese / Miguel Montero y Jorge Maciel,1957-07-10,tango,Musica: Guillermo López - Letra: Oscar Pariente,D:\Dropbox\TDJ\MUSICA\Eduardo\1\En Otros Caminos.mp3,True,True,1,False,True,True
Mentira,Osvaldo Pugliese / Nelly Vázquez,1977-10-20,tango,Musica: Francisco Pracánico - Letra: Celedonio Flores,D:\Dropbox\TDJ\MUSICA\Eduardo\4\Mentira.mp3,True,True,1,False,True,True
Mentira,Osvaldo Pugliese / Nélly Vázquez,2005,tango,,D:\Dropbox\TDJ\MUSICA\Camilo Gatica\Osvaldo Pugliese\Compilados\Odeón (1943-1960)\Osvaldo Pugliese - Edición Aniversario (CD.3) (1956-1977)\23.Francisco Pracánico & Celedonio Flores - Mentira (1977).flac,True,True,2,False,True,False
Mentira,Osvaldo Pugliese / Nélly Vázquez,2017-11-01,tango,,D:\Dropbox\TDJ\MUSICA\Camilo Gatica\Osvaldo Pugliese\EMI-Odeón (1972-1988)\Osvaldo Pugliese - Mato y voy (1979)\04.Francisco Pracánico & Celedonio Flores - Mentira.flac,True,True,2,False,True,False
Esta es mi ciudad,Osvaldo Pugliese / Patricia Lasala,1982-09-03,tango,Musica: ? - Letra: ?,D:\Dropbox\TDJ\MUSICA\Eduardo\2\09 Esta Es Mi Ciudad.mp3,True,True,1,False,True,True
Estás en mi ciudad,Osvaldo Pugliese / Patricia Lasala,2005,tango,Osvaldo Requena,D:\Dropbox\TDJ\MUSICA\Camilo Gatica\Osvaldo Pugliese\Compilados\Odeón (1943-1960)\Osvaldo Pugliese - Edicion Aniversario (CD.4) (1978-1989)\16.Osvaldo Requena & Julián Centeya - Estás en mi ciudad (1982).flac,True,True,6,False,True,False
Estás en mi ciudad,Osvaldo Pugliese / Patricia Lasala,1982-09-03,tango,,D:\Dropbox\TDJ\MUSICA\Camilo Gatica\Osvaldo Pugliese\EMI-Odeón (1972-1988)\Osvaldo Pugliese - Futuro (1982)\09.Osvaldo Requena & Julián Centeya - Estás en mi ciudad (03-09-1982).flac,True,True,6,False,True,False
Y no le erré,Osvaldo Pugliese / Ricardo Medina,1959-07-24,tango,Musica: Carlos Olmedo - Letra: Abel Aznar,D:\Dropbox\TDJ\MUSICA\Camilo Gatica\Osvaldo Pugliese\Compilados\Odeón (1943-1960)\Osvaldo Pugliese - Edición Aniversario (CD.3) (1956-1977)\16.Carlos Olmedo & Abel Aznar - Y no le erré (1959).flac,True,True,1,False,True,True
Y no le erré,Osvaldo Pugliese / Ricardo Medina,1959-07-24,tango,Musica: Carlos Olmedo - Letra: Abel Aznar,D:\Dropbox\TDJ\MUSICA\Eduardo\2\12 Y No Le Erré.mp3,True,True,1,False,True,True
Sentencia,Osvaldo Pugliese / Ricardo Medina,1959-07-24,tango,Musica: Pedro Maffia - Letra: Celedonio Flores,D:\Dropbox\TDJ\MUSICA\Eduardo\2\13 Sentencia.mp3,True,True,1,False,True,True
Y no le erré,Osvaldo Pugliese / Ricardo Medina,1959-07-24,tango,Musica: Carlos Olmedo - Letra: Abel Aznar,D:\Dropbox\TDJ\MUSICA\Osvaldo LA YUMBA\- PUGLIESE\Kiko pugli\Osvaldo Pugliese - 1959 - Todas sus grabaciones\07-y no le erre-osvaldo pugliese con ricardo medina-olmedo y aznar - 1959.mp3,True,True,1,False,True,True
Consejo de oro,Osvaldo Pugliese / Roberto Chanel,1946-02-27,tango,Musica: Arquímedes Arci - Letra: Arquímedes Arci,"D:\Dropbox\TDJ\MUSICA\Edmundo\Pugliese\Osvaldo Pugliese, Roberto Chanel - Consejo de oro.flac",True,True,1,False,True,True
Galleguita,Osvaldo Pugliese / Roberto Chanel,1945-11-06,tango,Musica: Horacio Pettorossi - Letra: Alfredo Navarrine,"D:\Dropbox\TDJ\MUSICA\Edmundo\Pugliese\Osvaldo Pugliese, Roberto Chanel - Galleguita.flac",True,True,1,False,True,True
La abandoné y no sabía,Osvaldo Pugliese / Roberto Chanel,1944-07-20,tango,Musica: José Canet - Letra: José Canet,"D:\Dropbox\TDJ\MUSICA\Edmundo\Pugliese\Osvaldo Pugliese, Roberto Chanel - La abandoné y no sabía.flac",True,True,1,False,True,True
Amiga,Osvaldo Pugliese / Roberto Chanel,1947-06-10,tango,Musica: Carlos Viván - Letra: Horacio Sanguinetti,D:\Dropbox\TDJ\MUSICA\Osvaldo LA YUMBA\- PUGLIESE\Kiko pugli\Osvaldo Pugliese - 1947 - Todas sus grabaciones\07-amiga osvaldo pugliese - roberto chanel- Vivan-Sanguinetti- 10-6-47l -.mp3,True,True,1,False,True,True
Bolero,Osvaldo Pugliese / Roberto Chanel,1947-12-16,tango,Musica: Santos Lipesker - Letra: Reinaldo Yiso,D:\Dropbox\TDJ\MUSICA\Osvaldo LA YUMBA\- PUGLIESE\Kiko pugli\Osvaldo Pugliese - 1947 - Todas sus grabaciones\14- bolero canta roberto chanel - Santos Lipesker-Yiso-16 12 47.mp3,True,True,1,False,True,True
Corrientes y Esmeralda,Osvaldo Pugliese / Roberto Chanel,1944-10-17,tango,Musica: Francisco Pracánico - Letra: Celedonio Flores,D:\Dropbox\TDJ\MUSICA\Osvaldo LA YUMBA\- PUGLIESE\Kiko pugli\Osvaldo Pugliese - 1943 - 1944 - Todas sus grabaciones\Osvaldo Pugliese   Roberto Chanel-Corrientes y Esmeralda.mp3,True,True,1,False,True,True
Muchachos comienza la ronda,Osvaldo Pugliese / Roberto Chanel,1943-08-27,tango,Musica: Luis Porcell - Letra: Leopoldo Díaz Vélez,D:\Dropbox\TDJ\MUSICA\Eva\Unknown Artist\Unknown Album\11 Muchachos comienza La Ronda  Osvaldo Pugliese.m4a,True,True,1,False,True,True
Cabecitas blancas,Osvaldo Pugliese / Roberto Chanel,1947-10-14,tango,Musica: Alberto Pugliese - Letra: Enrique Dizeo,D:\Dropbox\TDJ\MUSICA\Osvaldo LA YUMBA\- PUGLIESE\Kiko pugli\Osvaldo Pugliese - 1947 - Todas sus grabaciones\10-Cabecitas blancas-Roberto Chanel- alberto pugliese-dizeo - 1947.mp3,True,True,1,False,True,True
La abandoné y no sabía,Osvaldo Pugliese / Roberto Chanel,1944-07-20,tango,Musica: José Canet - Letra: José Canet,D:\Dropbox\TDJ\MUSICA\Eva\Unknown Artist\Unknown Album\12 La Abandone y no Sabia  Osvaldo Pugliese.m4a,True,True,1,False,True,True
Corrientes y Esmeralda,Osvaldo Pugliese / Roberto Chanel,1944-10-17,tango,Musica: Francisco Pracánico - Letra: Celedonio Flores,D:\Dropbox\TDJ\MUSICA\Eva\Unknown Artist\Unknown Album\13 Corrientes y Esmeralda  Osvaldo Pugliese.m4a,True,True,1,False,True,True
Escúchame Manón (Indiferencia),Osvaldo Pugliese / Roberto Chanel,1947-06-10,tango,Musica: Francisco Pracánico - Letra: Claudio Frollo y Roberto Chanel,D:\Dropbox\TDJ\MUSICA\Eva\Unknown Artist\Unknown Album\14 Escuchame Manon  Osvaldo Pugliese.m4a,True,True,1,False,True,True
Rondando tu esquina,Osvaldo Pugliese / Roberto Chanel,1945-07-18,tango,Musica: Charlo - Letra: Enrique Cadícamo,D:\Dropbox\TDJ\MUSICA\Osvaldo LA YUMBA\- PUGLIESE\Kiko pugli\Osvaldo Pugliese - 1945 - Todas sus grabaciones\Osvaldo Pugliese-Rondando Tu Esquina.mp3,True,True,1,False,True,True
Rondando tu esquina,Osvaldo Pugliese / Roberto Chanel,1945-07-18,tango,Musica: Charlo - Letra: Enrique Cadícamo,D:\Dropbox\TDJ\MUSICA\Osvaldo LA YUMBA\- PUGLIESE\- Pugliese  cantado\Osvaldo Pugliese   Roberto Chanel-Rondando tu esquina.mp3,True,True,1,False,True,True
Tiempo,Osvaldo Pugliese / Roberto Chanel,1946-07-31,tango,Musica: Osvaldo Ruggiero - Letra: Francisco García Jiménez,D:\Dropbox\TDJ\MUSICA\Osvaldo LA YUMBA\- PUGLIESE\Kiko pugli\Osvaldo Pugliese - 1946 - Todas sus grabaciones\09- tiempo-roberto chanel - ruggero y garcia jimenez - 1946.mp3,True,True,1,False,True,True
Tu casa ya no está,Osvaldo Pugliese / Roberto Chanel,1944-07-20,tango vals,Musica: Virgilio Expósito - Letra: Homero Expósito,D:\Dropbox\TDJ\MUSICA\Osvaldo LA YUMBA\- PUGLIESE\Kiko pugli\Osvaldo Pugliese - 1943 - 1944 - Todas sus grabaciones\13-pugliese -chanel- tu casa ya no está-V. y H. Exposito- 20-7-44.mp3,True,True,1,False,True,True
Muchachos comienza la ronda,Osvaldo Pugliese / Roberto Chanel,1943-08-27,tango,Musica: Luis Porcell - Letra: Leopoldo Díaz Vélez,D:\Dropbox\TDJ\MUSICA\Osvaldo LA YUMBA\- PUGLIESE\Kiko pugli\Osvaldo Pugliese - 1943 - 1944 - Todas sus grabaciones\Osvaldo Pugliese   Roberto Chanel-Muchachos comienza la ronda.mp3,True,True,1,False,True,True
Nada más que un corazón,Osvaldo Pugliese / Roberto Chanel,1944-11-24,tango,Musica: Manuel Sucher - Letra: Carlos Bahr,D:\Dropbox\TDJ\MUSICA\Eduardo\2\09 Nada Mas Que Un Corazón     -.mp3,True,True,1,False,True,True
El sueño del pibe,Osvaldo Pugliese / Roberto Chanel,1945-03-22,tango,Musica: Juan Puey - Letra: Reinaldo Yiso,D:\Dropbox\TDJ\MUSICA\Eduardo\2\10 El Sueño Del Pibe.mp3,True,True,1,False,True,True
Corrientes y Esmeralda,Osvaldo Pugliese / Roberto Chanel,1944-10-17,tango,Musica: Francisco Pracánico - Letra: Celedonio Flores,D:\Dropbox\TDJ\MUSICA\Eduardo\2\12 Corrientes Y Esmeralda.mp3,True,True,1,False,True,True
Farol,Osvaldo Pugliese / Roberto Chanel,1943-07-15,tango,Musica: Virgilio Expósito - Letra: Homero Expósito,"D:\Dropbox\TDJ\MUSICA\Edmundo\Pugliese\Osvaldo Pugliese, Roberto Chanel - Farol.mp3",True,True,1,False,True,True
Rondando tu esquina,Osvaldo Pugliese / Roberto Chanel,1945-07-18,tango,Musica: Charlo - Letra: Enrique Cadícamo,"D:\Dropbox\TDJ\MUSICA\Edmundo\Pugliese\Osvaldo Pugliese, Roberto Chanel - Rondando Tu Esquina.mp3",True,True,1,False,True,True
Farol,Osvaldo Pugliese / Roberto Chanel,1995,tango,,D:\Dropbox\TDJ\MUSICA\Dan\Pugliese\Ausencia\Osvaldo Pugliese feat. Roberto Chanel_Ausencia - 01 - Farol.flac,True,True,1,False,True,False
Rondando tu esquina,Osvaldo Pugliese / Roberto Chanel,1995,tango,,D:\Dropbox\TDJ\MUSICA\Dan\Pugliese\Ausencia\Osvaldo Pugliese feat. Roberto Chanel_Ausencia - 04 - Rondando tu esquina.flac,True,True,1,False,True,False
Fuimos,Osvaldo Pugliese / Roberto Chanel,1995,tango,,D:\Dropbox\TDJ\MUSICA\Dan\Pugliese\Ausencia\Osvaldo Pugliese feat. Roberto Chanel_Ausencia - 05 - Fuimos.flac,True,True,1,False,True,False
Corrientes y Esmeralda,Osvaldo Pugliese / Roberto Chanel,1944-10-17,tango,Musica: Francisco Pracánico - Letra: Celedonio Flores,"D:\Dropbox\TDJ\MUSICA\Edmundo\Pugliese\Osvaldo Pugliese, Roberto Chanel - Corrientes Y Esmeralda 14166_GA.flac",True,True,1,False,True,True
Nada más que un corazón,Osvaldo Pugliese / Roberto Chanel,1944-11-24,tango,Musica: Manuel Sucher - Letra: Carlos Bahr,"D:\Dropbox\TDJ\MUSICA\Edmundo\Pugliese\Osvaldo Pugliese, Roberto Chanel - Nada más que un corazón.flac",True,True,1,False,True,True
Rondando tu esquina,Osvaldo Pugliese / Roberto Chanel,1945-07-18,tango,Musica: Charlo - Letra: Enrique Cadícamo,"D:\Dropbox\TDJ\MUSICA\Edmundo\Pugliese\Osvaldo Pugliese, Roberto Chanel - Rondando tu esquina.flac",True,True,1,False,True,True
Fuimos,Osvaldo Pugliese / Roberto Chanel,1946-03-28,tango,Musica: José Dames - Letra: Homero Manzi,"D:\Dropbox\TDJ\MUSICA\Edmundo\Pugliese\Osvaldo Pugliese, Roberto Chanel - Fuimos.flac",True,True,1,False,True,True
Yo te bendigo,Osvaldo Pugliese / Roberto Chanel,1947-03-27,tango,Musica: Juan de Dios Filiberto - Letra: Juan Andrés Bruno,"D:\Dropbox\TDJ\MUSICA\Edmundo\Pugliese\Osvaldo Pugliese, Roberto Chanel - Yo te bendigo.flac",True,True,1,False,True,True
La mascota del barrio,Osvaldo Pugliese / Roberto Chanel,1946-11-08,tango,Musica: Abel Aznar - Letra: Reinaldo Yiso,D:\Dropbox\TDJ\MUSICA\Eva\Compilations\Cantan Alberto Moran y Roberto Chanel\15 La Mascota Del Barrio.m4a,True,True,1,False,True,True
El día de tu ausencia,Osvaldo Pugliese / Roberto Chanel,1944-07-06,tango,Musica: Argentino Galván - Letra: Manuel Arcos,D:\Dropbox\TDJ\MUSICA\Eva\Compilations\Cantan Alberto Moran y Roberto Chanel\16 El Dia De Tu Ausencia.m4a,True,True,1,False,True,True
Corrientes y Esmeralda,Osvaldo Pugliese / Roberto Chanel,1944-10-17,tango,Musica: Francisco Pracánico - Letra: Celedonio Flores,D:\Dropbox\TDJ\MUSICA\Eduardo\3\Corrientes Y Esmeralda - 1_1-  ver i.mp3,True,True,1,False,True,True
Dandy,Osvaldo Pugliese / Roberto Chanel,1945-12-03,tango,Musica: Lucio Demare - Letra: Agustín Irusta y Roberto Fugazot,D:\Dropbox\TDJ\MUSICA\Eduardo\3\Dandy   -   Comodin.mp3,True,True,1,False,True,True
El día de tu ausencia,Osvaldo Pugliese / Roberto Chanel,1944-07-06,tango,Musica: Argentino Galván - Letra: Manuel Arcos,D:\Dropbox\TDJ\MUSICA\Eduardo\1\El dia De Tu Ausencia -  Comodin.mp3,True,True,1,False,True,True
La abandoné y no sabía,Osvaldo Pugliese / Roberto Chanel,1944-07-20,tango,Musica: José Canet - Letra: José Canet,D:\Dropbox\TDJ\MUSICA\Eduardo\5\La Abandone Y No Sabia  -  3_4.mp3,True,True,1,False,True,True
Qué bien te queda (Cómo has cambiado),Osvaldo Pugliese / Roberto Chanel,1943-10-21,tango,Musica: Vicente Salerno - Letra: Juan Mazaroni,D:\Dropbox\TDJ\MUSICA\Eduardo\4\Que Bien Te Queda   - 3_3.mp3,True,True,1,False,True,True
Rondando tu esquina,Osvaldo Pugliese / Roberto Chanel,1943,tango,,D:\Dropbox\TDJ\MUSICA\Eduardo\sc1\Rondando Tu Esquina - Dicri  - 1_3.mp3,True,True,1,False,True,False
Corrientes y Esmeralda,Osvaldo Pugliese / Roberto Chanel,1944-10-17,tango,Musica: Francisco Pracánico - Letra: Celedonio Flores,D:\Dropbox\TDJ\MUSICA\Eduardo\3\Corrientes Y Esmeralda  1 - esu192.mp3,True,True,1,False,True,True
Farol,Osvaldo Pugliese / Roberto Chanel,1943-07-15,tango,Musica: Virgilio Expósito - Letra: Homero Expósito,D:\Dropbox\TDJ\MUSICA\Eduardo\1\Farol Hi    1Hi - esu141ok.mp3,True,True,1,False,True,True
Muchachos comienza la ronda,Osvaldo Pugliese / Roberto Chanel,1943-08-27,tango,Musica: Luis Porcell - Letra: Leopoldo Díaz Vélez,D:\Dropbox\TDJ\MUSICA\Eduardo\4\Muchachos Comienza La Ronda esu134.mp3,True,True,1,False,True,True
Muchachos comienza la ronda,Osvaldo Pugliese / Roberto Chanel,1943-08-27,tango,Musica: Luis Porcell - Letra: Leopoldo Díaz Vélez,D:\Dropbox\TDJ\MUSICA\Eduardo\4\Muchachos Comienza La Ronda RR esu11.mp3,True,True,1,False,True,True
Nada más que un corazón,Osvaldo Pugliese / Roberto Chanel,1944-11-24,tango,Musica: Manuel Sucher - Letra: Carlos Bahr,D:\Dropbox\TDJ\MUSICA\Eduardo\4\Nada Mas Que Un Corazón   -esu118.mp3,True,True,1,False,True,True
Fuimos,Osvaldo Pugliese / Roberto Chanel,1946-03-28,tango,Musica: José Dames - Letra: Homero Manzi,D:\Dropbox\TDJ\MUSICA\Eduardo\1\Fuimos      1 - esu134ok.mp3,True,True,1,False,True,True
Nada más que un corazón,Osvaldo Pugliese / Roberto Chanel,1944-11-24,tango,Musica: Manuel Sucher - Letra: Carlos Bahr,D:\Dropbox\TDJ\MUSICA\Eduardo\4\Nada Más Que Un Corazón1-esu193ok.mp3,True,True,1,False,True,True
Rondando tu esquina,Osvaldo Pugliese / Roberto Chanel,1943,tango,,D:\Dropbox\TDJ\MUSICA\Eduardo\sc1\Rondando Tu esquina Dicri 1- esu188.mp3,True,True,1,False,True,False
Silbar de boyero,Osvaldo Pugliese / Roberto Chanel,1944-03-31,tango,Musica: David Barberis - Letra: José Barreiros Bazán,D:\Dropbox\TDJ\MUSICA\Eduardo\7\03 Silbar De Boyero.mp3,True,True,1,False,True,True
El día de tu ausencia,Osvaldo Pugliese / Roberto Chanel,1944-07-06,tango,Musica: Argentino Galván - Letra: Manuel Arcos,D:\Dropbox\TDJ\MUSICA\Eduardo\7\04 El Día De Tu Ausencia.mp3,True,True,1,False,True,True
Tu casa ya no está,Osvaldo Pugliese / Roberto Chanel,1944-07-20,tango vals,Musica: Virgilio Expósito - Letra: Homero Expósito,D:\Dropbox\TDJ\MUSICA\Eduardo\7\05 Tu Casa Ya No Esta.mp3,True,True,1,False,True,True
Puentecito de mi río,Osvaldo Pugliese / Roberto Chanel,1944-12-21,tango vals,Musica: Antonio Tormo  y Manuel Canales - Letra: Buenaventura Luna,D:\Dropbox\TDJ\MUSICA\Eduardo\2\10 Puentecito De Mi Río.mp3,True,True,1,False,True,True
Ojos maulas,Osvaldo Pugliese / Roberto Chanel,1947-01-28,tango,Musica: Luis Bernstein - Letra: Alfredo Faustino Roldán,D:\Dropbox\TDJ\MUSICA\Eduardo\6\16 Ojos Maulas.mp3,True,True,1,False,True,True
Cabecitas blancas,Osvaldo Pugliese / Roberto Chanel,1947-10-14,tango,Musica: Alberto Pugliese - Letra: Enrique Dizeo,D:\Dropbox\TDJ\MUSICA\Eduardo\6\18 Cabecitas Blancas.mp3,True,True,1,False,True,True
Andá que te cure Lola,Osvaldo Pugliese / Roberto Chanel,1947-12-01,tango milonga,Musica: Luis Caruso - Letra: Luis Caruso,D:\Dropbox\TDJ\MUSICA\Eduardo\6\19 Anda Que Te Cure Lola.mp3,True,True,1,False,True,True
Corrientes y Esmeralda,Osvaldo Pugliese / Roberto Chanel,1944-10-17,tango,Musica: Francisco Pracánico - Letra: Celedonio Flores,"D:\Dropbox\TDJ\MUSICA\Edmundo\Pugliese\Osvaldo Pugliese, Roberto Chanel - Corrientes Y Esmeralda.mp3",True,True,1,False,True,True
El sueño del pibe,Osvaldo Pugliese / Roberto Chanel,1945-03-22,tango,Musica: Juan Puey - Letra: Reinaldo Yiso,"D:\Dropbox\TDJ\MUSICA\Edmundo\Pugliese\Osvaldo Pugliese, Roberto Chanel - El Sueño Del Pibe.mp3",True,True,1,False,True,True
Farol,Osvaldo Pugliese / Roberto Chanel,1943-07-15,tango,Musica: Virgilio Expósito - Letra: Homero Expósito,D:\Dropbox\TDJ\MUSICA\Eva\Compilations\Fiesta Del 40\20-01 FAROL  OSVALDO PUGLIESE.m4a,True,True,1,False,True,True
Yo te bendigo,Osvaldo Pugliese / Roberto Chanel,1947-03-27,tango,Musica: Juan de Dios Filiberto - Letra: Juan Andrés Bruno,D:\Dropbox\TDJ\MUSICA\Eva\Compilations\Fiesta Del 40\20-02 YO TE BENDIGO  OSVALDO PUGLIESE.m4a,True,True,1,False,True,True
Fuimos,Osvaldo Pugliese / Roberto Chanel,1946-03-28,tango,Musica: José Dames - Letra: Homero Manzi,D:\Dropbox\TDJ\MUSICA\Eva\Compilations\Fiesta Del 40\20-03 FUIMOS  OSVALDO PUGLIESE.m4a,True,True,1,False,True,True
Dandy,Osvaldo Pugliese / Roberto Chanel,1945-12-03,tango,Musica: Lucio Demare - Letra: Agustín Irusta y Roberto Fugazot,D:\Dropbox\TDJ\MUSICA\Eva\Compilations\Fiesta Del 40\20-04 DANDY  OSVLADO PUGLIESE.m4a,True,True,1,False,True,True
Farol,Osvaldo Pugliese / Roberto Chanel,1943-07-15,tango,Musica: Virgilio Expósito - Letra: Homero Expósito,D:\Dropbox\TDJ\MUSICA\Eva\Osvaldo Pugliese\La MUSICA DE MARIO E. ORLANDO VOL.30=\092 FAROL.mp3,True,True,1,False,True,True
Farol,Osvaldo Pugliese / Roberto Chanel,1943-07-15,tango,Musica: Virgilio Expósito - Letra: Homero Expósito,D:\Dropbox\TDJ\MUSICA\Eva\Osvaldo Pugliese\La MUSICA DE MARIO E. ORLANDO VOL.30=\01 FAROL   OSVALDO PUGLIESE.mp3,True,True,1,False,True,True
Farol,Osvaldo Pugliese / Roberto Chanel,1943-07-15,tango,Musica: Virgilio Expósito - Letra: Homero Expósito,D:\Dropbox\TDJ\MUSICA\Eva\Osvaldo Pugliese\La MUSICA DE MARIO E. ORLANDO VOL.30=\01 032 FAROL  PUGLIESE.mp3,True,True,1,False,True,True
Muchachos comienza la ronda,Osvaldo Pugliese / Roberto Chanel,1943-08-27,tango,Musica: Luis Porcell - Letra: Leopoldo Díaz Vélez,D:\Dropbox\TDJ\MUSICA\Eva\Osvaldo Pugliese\La MUSICA DE MARIO E. ORLANDO VOL.30=\02 MUCHACHOS COMIENZA LA RONDA  OSVALDO PUGLIESE.mp3,True,True,1,False,True,True
Qué bien te queda (Cómo has cambiado),Osvaldo Pugliese / Roberto Chanel,1943-10-21,tango,Musica: Vicente Salerno - Letra: Juan Mazaroni,D:\Dropbox\TDJ\MUSICA\Eva\Osvaldo Pugliese\La MUSICA DE MARIO E. ORLANDO VOL.30=\03 QUE BIEN TE QUEDA  OSVALDO PUGLIESE.mp3,True,True,1,False,True,True
Silbar de boyero,Osvaldo Pugliese / Roberto Chanel,1944-03-31,tango,Musica: David Barberis - Letra: José Barreiros Bazán,D:\Dropbox\TDJ\MUSICA\Eva\Osvaldo Pugliese\La MUSICA DE MARIO E. ORLANDO VOL.30=\04 031 SILBAR DE BOYERO  PUGLIESE.mp3,True,True,1,False,True,True
Silbar de boyero,Osvaldo Pugliese / Roberto Chanel,1944-03-31,tango,Musica: David Barberis - Letra: José Barreiros Bazán,D:\Dropbox\TDJ\MUSICA\Eva\Osvaldo Pugliese\La MUSICA DE MARIO E. ORLANDO VOL.30=\04 SILBAR DE BOYERO  OSVALDO PUGLIESE.mp3,True,True,1,False,True,True
El Tango es una historia,Osvaldo Pugliese / Roberto Chanel,1944-08-22,tango,Musica: Roberto Chanel - Letra: Reinaldo Yiso,D:\Dropbox\TDJ\MUSICA\Eva\Osvaldo Pugliese\La MUSICA DE MARIO E. ORLANDO VOL.45=\09 033 EL TANGO ES UNA HISTORIA  PUGLIESE.mp3,True,True,1,False,True,True
El Tango es una historia,Osvaldo Pugliese / Roberto Chanel,1944-08-22,tango,Musica: Roberto Chanel - Letra: Reinaldo Yiso,D:\Dropbox\TDJ\MUSICA\Eva\Osvaldo Pugliese\La MUSICA DE MARIO E. ORLANDO VOL.45=\091 EL TANGO ES UNA HISTORIA.mp3,True,True,1,False,True,True
Corrientes y Esmeralda,Osvaldo Pugliese / Roberto Chanel,1944-10-17,tango,Musica: Francisco Pracánico - Letra: Celedonio Flores,D:\Dropbox\TDJ\MUSICA\Eva\Osvaldo Pugliese\La MUSICA DE MARIO E. ORLANDO VOL.45=\10 030 CORRIENTES Y ESMERALDA  PUGLIESE.mp3,True,True,1,False,True,True
Andá que te cure Lola,Osvaldo Pugliese / Roberto Chanel,1947-12-01,tango milonga,Musica: Luis Caruso - Letra: Luis Caruso,D:\Dropbox\TDJ\MUSICA\Osvaldo LA YUMBA\- PUGLIESE\Kiko pugli\Osvaldo Pugliese - 1947 - Todas sus grabaciones\12-osvaldo pugliese & roberto chanel - andá que te cure lola-luis caruso- 1947.mp3,True,True,1,False,True,True
Dandy,Osvaldo Pugliese / Roberto Chanel,1945-12-03,tango,Musica: Lucio Demare - Letra: Agustín Irusta y Roberto Fugazot,D:\Dropbox\TDJ\MUSICA\Osvaldo LA YUMBA\- PUGLIESE\Kiko pugli\Osvaldo Pugliese - 1945 - Todas sus grabaciones\18-roberto chanel & osvaldo pugliese - dandy-irusta-fugazot y demare-1945.mp3,True,True,1,False,True,True
Farol,Osvaldo Pugliese / Roberto Chanel,1943-07-15,tango,Musica: Virgilio Expósito - Letra: Homero Expósito,D:\Dropbox\TDJ\MUSICA\Eva\Osvaldo Pugliese\La Yumba\02 Farol.m4a,True,True,1,False,True,True
Corrientes y Esmeralda,Osvaldo Pugliese / Roberto Chanel,1944-10-17,tango,Musica: Francisco Pracánico - Letra: Celedonio Flores,D:\Dropbox\TDJ\MUSICA\Eva\Osvaldo Pugliese\La Yumba\07 Corrientes Y Esmeralda.m4a,True,True,1,False,True,True
Andá que te cure Lola,Osvaldo Pugliese / Roberto Chanel,1947-12-01,tango milonga,Musica: Luis Caruso - Letra: Luis Caruso,D:\Dropbox\TDJ\MUSICA\Eva\Osvaldo Pugliese\La Yumba\09 Andá Que Te Cure Lola.m4a,True,True,1,False,True,True
Ojos Maulas                                            1947,Osvaldo Pugliese / Roberto Chanel,,tango,,D:\Dropbox\TDJ\MUSICA\Osvaldo LA YUMBA\- PUGLIESE\Kiko pugli\Osvaldo Pugliese - 1947 - Todas sus grabaciones\01-ojos maulas-pugliese-roberto chanel-Berstein-Roldan- 28-1-47.mp3,True,True,1,False,True,False
Silbar de boyero,Osvaldo Pugliese / Roberto Chanel,1944-03-31,tango,Musica: David Barberis - Letra: José Barreiros Bazán,D:\Dropbox\TDJ\MUSICA\Osvaldo LA YUMBA\- PUGLIESE\Kiko pugli\Osvaldo Pugliese - 1943 - 1944 - Todas sus grabaciones\07-osvaldo pugliese & roberto chanel - silbar de boyero-Barberis-Barreiros Bazan- 31-3-44.mp3,True,True,1,False,True,True
Corrientes y Esmeralda,Osvaldo Pugliese / Roberto Chanel,1944-10-17,tango,Musica: Francisco Pracánico - Letra: Celedonio Flores,D:\Dropbox\TDJ\MUSICA\Osvaldo LA YUMBA\- PUGLIESE\- Pugliese  cantado\Osvaldo Pugliese   Roberto Chanel-Corrientes y Esmeralda.mp3,True,True,1,False,True,True
La mascota del barrio,Osvaldo Pugliese / Roberto Chanel,1946-11-08,tango,Musica: Abel Aznar - Letra: Reinaldo Yiso,D:\Dropbox\TDJ\MUSICA\Eduardo\5\La Mascota Del Barrio.MP3,True,True,1,False,True,True
La abandoné y no sabía,Osvaldo Pugliese / Roberto Chanel,1944-07-20,tango,Musica: José Canet - Letra: José Canet,D:\Dropbox\TDJ\MUSICA\Eduardo\7\04 La Abandone Y No Sabia.mp3,True,True,1,False,True,True
Qué bien te queda (Cómo has cambiado),Osvaldo Pugliese / Roberto Chanel,1943-10-21,tango,Musica: Vicente Salerno - Letra: Juan Mazaroni,D:\Dropbox\TDJ\MUSICA\Eduardo\6\17 Que Bien Te Queda.mp3,True,True,1,False,True,True
Tortazos,Osvaldo Pugliese / Roberto Chanel,1944-06-01,tango milonga,Musica: José Razzano - Letra: Enrique Pedro Maroni,D:\Dropbox\TDJ\MUSICA\Eduardo\4\Tortazos.mp3,True,True,1,False,True,True
Tortazos,Osvaldo Pugliese / Roberto Chanel,1944-06-01,tango milonga,Musica: José Razzano - Letra: Enrique Pedro Maroni,D:\Dropbox\TDJ\MUSICA\Eduardo\4\Tortazos    - esu 192.mp3,True,True,1,False,True,True
Qué bien te queda (Cómo has cambiado),Osvaldo Pugliese / Roberto Chanel,1943-10-21,tango,Musica: Vicente Salerno - Letra: Juan Mazaroni,D:\Dropbox\TDJ\MUSICA\Osvaldo LA YUMBA\- PUGLIESE\Kiko pugli\Osvaldo Pugliese - 1943 - 1944 - Todas sus grabaciones\06-que bien te queda (r chanel)-mazzaroni y salerno-1943.mp3,True,True,1,False,True,True
Dandy,Osvaldo Pugliese / Roberto Chanel,1945-12-03,tango,Musica: Lucio Demare - Letra: Agustín Irusta y Roberto Fugazot,"D:\Dropbox\TDJ\MUSICA\Edmundo\Pugliese\Osvaldo Pugliese, Roberto Chanel - Dandy.flac",True,True,1,False,True,True
Dandy,Osvaldo Pugliese / Roberto Chanel,1945-12-03,tango,Musica: Lucio Demare - Letra: Agustín Irusta y Roberto Fugazot,"D:\Dropbox\TDJ\MUSICA\Camilo Gatica\Osvaldo Pugliese\Compilados\Odeón (1943-1960)\Osvaldo Pugliese - Cantan Alberto Morán y Roberto Chanel (1944-1954)\11.Lucio Demare & Agustín Irusta, Roberto Fugazot - Dandy (1945).flac",True,True,1,False,True,True
Tortazos,Osvaldo Pugliese / Roberto Chanel,1944-06-01,tango milonga,Musica: José Razzano - Letra: Enrique Pedro Maroni,D:\Dropbox\TDJ\MUSICA\Camilo Gatica\Osvaldo Pugliese\Compilados\Odeón (1943-1960)\Osvaldo Pugliese - Cantan Alberto Morán y Roberto Chanel (1944-1954)\12.José Razzano & Enrique Maroni - Tortazos (1944).flac,True,True,1,False,True,True
El sueño del pibe,Osvaldo Pugliese / Roberto Chanel,1945-03-22,tango,Musica: Juan Puey - Letra: Reinaldo Yiso,"D:\Dropbox\TDJ\MUSICA\Edmundo\Pugliese\Osvaldo Pugliese, Roberto Chanel - El sueño del pibe.flac",True,True,1,False,True,True
El sueño del pibe,Osvaldo Pugliese / Roberto Chanel,1945-03-22,tango,Musica: Juan Puey - Letra: Reinaldo Yiso,D:\Dropbox\TDJ\MUSICA\Camilo Gatica\Osvaldo Pugliese\Compilados\Odeón (1943-1960)\Osvaldo Pugliese - Cantan Alberto Morán y Roberto Chanel (1944-1954)\13.Juan Puey & Reinaldo Yiso - El sueño del pibe (1945).flac,True,True,1,False,True,True
La mascota del barrio,Osvaldo Pugliese / Roberto Chanel,1946-11-08,tango,Musica: Abel Aznar - Letra: Reinaldo Yiso,"D:\Dropbox\TDJ\MUSICA\Edmundo\Pugliese\Osvaldo Pugliese, Roberto Chanel - La mascota del barrio.flac",True,True,1,False,True,True
La mascota del barrio,Osvaldo Pugliese / Roberto Chanel,1946-11-08,tango,Musica: Abel Aznar - Letra: Reinaldo Yiso,D:\Dropbox\TDJ\MUSICA\Camilo Gatica\Osvaldo Pugliese\Compilados\Odeón (1943-1960)\Osvaldo Pugliese - Cantan Alberto Morán y Roberto Chanel (1944-1954)\15.Abel Aznar & Reinaldo Yiso - La mascota del barrio (1946).flac,True,True,1,False,True,True
El día de tu ausencia,Osvaldo Pugliese / Roberto Chanel,1944-07-06,tango,Musica: Argentino Galván - Letra: Manuel Arcos,D:\Dropbox\TDJ\MUSICA\Camilo Gatica\Osvaldo Pugliese\Compilados\Odeón (1943-1960)\Osvaldo Pugliese - Cantan Alberto Morán y Roberto Chanel (1944-1954)\16.Argentino Galván & Manuel Arcos - El día de tu ausencia (1944).flac,True,True,1,False,True,True
El día de tu ausencia,Osvaldo Pugliese / Roberto Chanel,1944-07-06,tango,Musica: Argentino Galván - Letra: Manuel Arcos,"D:\Dropbox\TDJ\MUSICA\Edmundo\Pugliese\Osvaldo Pugliese, Roberto Chanel - El día de tu ausencia.flac",True,True,1,False,True,True
Silbar de boyero,Osvaldo Pugliese / Roberto Chanel,1944-03-31,tango,Musica: David Barberis - Letra: José Barreiros Bazán,D:\Dropbox\TDJ\MUSICA\Camilo Gatica\Osvaldo Pugliese\Compilados\Odeón (1943-1960)\Osvaldo Pugliese - Cantan Alberto Morán y Roberto Chanel (1944-1954)\17.David Barberis & José Barreiros Bazán - Silbar de boyero (1944).flac,True,True,1,False,True,True
Silbar de boyero,Osvaldo Pugliese / Roberto Chanel,1944-03-31,tango,Musica: David Barberis - Letra: José Barreiros Bazán,"D:\Dropbox\TDJ\MUSICA\Edmundo\Pugliese\Osvaldo Pugliese, Roberto Chanel - Silbar de boyero.flac",True,True,1,False,True,True
Bolero,Osvaldo Pugliese / Roberto Chanel,1947-12-16,tango,Musica: Santos Lipesker - Letra: Reinaldo Yiso,D:\Dropbox\TDJ\MUSICA\Camilo Gatica\Osvaldo Pugliese\Compilados\Odeón (1943-1960)\Osvaldo Pugliese - Cantan Alberto Morán y Roberto Chanel (1944-1954)\19.Santos Lipesker & Reinaldo Yiso - Bolero (1947).flac,True,True,1,False,True,True
Andá que te cure Lola,Osvaldo Pugliese / Roberto Chanel,1947-12-01,tango milonga,Musica: Luis Caruso - Letra: Luis Caruso,D:\Dropbox\TDJ\MUSICA\Camilo Gatica\Osvaldo Pugliese\Compilados\Odeón (1943-1960)\Osvaldo Pugliese - Cantan Alberto Morán y Roberto Chanel (1944-1954)\20.Luis Caruso - Andá que te cure lola (1947).flac,True,True,1,False,True,True
Farol,Osvaldo Pugliese / Roberto Chanel,1943-07-15,tango,Musica: Virgilio Expósito - Letra: Homero Expósito,D:\Dropbox\TDJ\MUSICA\Camilo Gatica\Osvaldo Pugliese\Compilados\Odeón (1943-1960)\Osvaldo Pugliese - Edicion Aniversario (CD.1) (1943-1950)\01.Virgilio Expósito & Homero Expósito - Farol (1943).flac,True,True,1,False,True,True
Farol,Osvaldo Pugliese / Roberto Chanel,1943-07-15,tango,Musica: Virgilio Expósito - Letra: Homero Expósito,"D:\Dropbox\TDJ\MUSICA\Edmundo\Pugliese\Osvaldo Pugliese, Roberto Chanel - Farol.flac",True,True,1,False,True,True
El Tango es una historia,Osvaldo Pugliese / Roberto Chanel,1944-08-22,tango,Musica: Roberto Chanel - Letra: Reinaldo Yiso,"D:\Dropbox\TDJ\MUSICA\Edmundo\Pugliese\Osvaldo Pugliese, Roberto Chanel - El tango es una historia.flac",True,True,1,False,True,True
El Tango es una historia,Osvaldo Pugliese / Roberto Chanel,1944-08-22,tango,Musica: Roberto Chanel - Letra: Reinaldo Yiso,D:\Dropbox\TDJ\MUSICA\Camilo Gatica\Osvaldo Pugliese\Compilados\Odeón (1943-1960)\Osvaldo Pugliese - Edicion Aniversario (CD.1) (1943-1950)\06.Roberto Chanel & Reinaldo Yiso - El tango es una historia (1944).flac,True,True,1,False,True,True
Tiempo,Osvaldo Pugliese / Roberto Chanel,1946-07-31,tango,Musica: Osvaldo Ruggiero - Letra: Francisco García Jiménez,D:\Dropbox\TDJ\MUSICA\Camilo Gatica\Osvaldo Pugliese\Compilados\Odeón (1943-1960)\Osvaldo Pugliese - Edicion Aniversario (CD.1) (1943-1950)\13.Osvaldo Ruggiero & Francisco García Jiménez - Tiempo (1946).flac,True,True,1,False,True,True
Escúchame Manón (Indiferencia),Osvaldo Pugliese / Roberto Chanel,1947-06-10,tango,Musica: Francisco Pracánico - Letra: Claudio Frollo y Roberto Chanel,D:\Dropbox\TDJ\MUSICA\Camilo Gatica\Osvaldo Pugliese\Compilados\Odeón (1943-1960)\Osvaldo Pugliese - Edicion Aniversario (CD.1) (1943-1950)\17.Francisco Pracánico & Roberto Chanel - Escúchame Manón (1947).flac,True,True,1,False,True,True
Yo te bendigo,Osvaldo Pugliese / Roberto Chanel,1947-03-27,tango,Musica: Juan de Dios Filiberto - Letra: Juan Andrés Bruno,D:\Dropbox\TDJ\MUSICA\Camilo Gatica\Osvaldo Pugliese\Compilados\Odeón (1943-1960)\Osvaldo Pugliese - Sus éxitos con Roberto Chanel (1943-1947)\01.Juan De Dios Filiberto & Juan Andrés Bruno - Yo te bendigo (23-07-1947).flac,False,False,1,False,False,True
Fuimos,Osvaldo Pugliese / Roberto Chanel,1946-03-28,tango,Musica: José Dames - Letra: Homero Manzi,D:\Dropbox\TDJ\MUSICA\Camilo Gatica\Osvaldo Pugliese\Compilados\Odeón (1943-1960)\Osvaldo Pugliese - Sus éxitos con Roberto Chanel (1943-1947)\02.José Damés & Homero Manzi - Fuimos (28-03-1946).flac,True,True,1,False,True,True
Rondando tu esquina,Osvaldo Pugliese / Roberto Chanel,1945-07-18,tango,Musica: Charlo - Letra: Enrique Cadícamo,D:\Dropbox\TDJ\MUSICA\Camilo Gatica\Osvaldo Pugliese\Compilados\Odeón (1943-1960)\Osvaldo Pugliese - Sus éxitos con Roberto Chanel (1943-1947)\03.Charlo & Homero Manzi - Rondando tu esquina (18-07-1945).flac,True,True,1,False,True,True
La abandoné y no sabía,Osvaldo Pugliese / Roberto Chanel,1944-07-20,tango,Musica: José Canet - Letra: José Canet,D:\Dropbox\TDJ\MUSICA\Camilo Gatica\Osvaldo Pugliese\Compilados\Odeón (1943-1960)\Osvaldo Pugliese - Sus éxitos con Roberto Chanel (1943-1947)\04.José Canet - La abandoné y no sabía (20-07-1944).flac,True,True,1,False,True,True
Corrientes y Esmeralda,Osvaldo Pugliese / Roberto Chanel,1944-10-17,tango,Musica: Francisco Pracánico - Letra: Celedonio Flores,D:\Dropbox\TDJ\MUSICA\Camilo Gatica\Osvaldo Pugliese\Compilados\Odeón (1943-1960)\Osvaldo Pugliese - Sus éxitos con Roberto Chanel (1943-1947)\05.Francisco Pracánico & Celedonio Flores - Corrientes y Esmeralda (01-10-1944).flac,False,False,1,False,False,True
Puentecito de mi río,Osvaldo Pugliese / Roberto Chanel,1944-12-21,tango vals,Musica: Antonio Tormo  y Manuel Canales - Letra: Buenaventura Luna,"D:\Dropbox\TDJ\MUSICA\Camilo Gatica\Osvaldo Pugliese\Compilados\Odeón (1943-1960)\Osvaldo Pugliese - Sus éxitos con Roberto Chanel (1943-1947)\06.Diego Benítez, Antonio Tormo & Buenaventura Luna - Puentecito de mi río (21-12-1944).flac",True,True,1,False,True,True
Farol,Osvaldo Pugliese / Roberto Chanel,1943-07-15,tango,Musica: Virgilio Expósito - Letra: Homero Expósito,D:\Dropbox\TDJ\MUSICA\Camilo Gatica\Osvaldo Pugliese\Compilados\Odeón (1943-1960)\Osvaldo Pugliese - Sus éxitos con Roberto Chanel (1943-1947)\07.Virgilio Expósito & Homero Expósito - Farol (15-07-1943).flac,True,True,1,False,True,True
Muchachos comienza la ronda,Osvaldo Pugliese / Roberto Chanel,1943-08-27,tango,Musica: Luis Porcell - Letra: Leopoldo Díaz Vélez,D:\Dropbox\TDJ\MUSICA\Camilo Gatica\Osvaldo Pugliese\Compilados\Odeón (1943-1960)\Osvaldo Pugliese - Sus éxitos con Roberto Chanel (1943-1947)\08.Luis Porcell & Leopoldo Díaz Velez - Muchachos comienza la ronda (27-08-1943).flac,True,True,1,False,True,True
Nada más que un corazón,Osvaldo Pugliese / Roberto Chanel,1944-11-24,tango,Musica: Manuel Sucher - Letra: Carlos Bahr,D:\Dropbox\TDJ\MUSICA\Camilo Gatica\Osvaldo Pugliese\Compilados\Odeón (1943-1960)\Osvaldo Pugliese - Sus éxitos con Roberto Chanel (1943-1947)\09.Manuel Sucher & Carlos Bahr - Nada más que un corazón (24-11-1944).flac,True,True,1,False,True,True
Galleguita,Osvaldo Pugliese / Roberto Chanel,1945-11-06,tango,Musica: Horacio Pettorossi - Letra: Alfredo Navarrine,D:\Dropbox\TDJ\MUSICA\Camilo Gatica\Osvaldo Pugliese\Compilados\Odeón (1943-1960)\Osvaldo Pugliese - Sus éxitos con Roberto Chanel (1943-1947)\10.Horacio Petterossi & Alfredo Navarrine - Galleguita (06-11-1945).flac,True,True,1,False,True,True
Sin lágrimas,Osvaldo Pugliese / Roberto Chanel,1946-05-27,tango,Musica: Charlo - Letra: José María Contursi,D:\Dropbox\TDJ\MUSICA\Camilo Gatica\Osvaldo Pugliese\Compilados\Odeón (1943-1960)\Osvaldo Pugliese - Sus éxitos con Roberto Chanel (1943-1947)\11.Charlo & José María Contursi - Sin lágrimas (27-05-1946).flac,True,True,1,False,True,True
Tu casa ya no está,Osvaldo Pugliese / Roberto Chanel,1944-07-20,tango vals,Musica: Virgilio Expósito - Letra: Homero Expósito,D:\Dropbox\TDJ\MUSICA\Camilo Gatica\Osvaldo Pugliese\Compilados\Odeón (1943-1960)\Osvaldo Pugliese - Sus éxitos con Roberto Chanel (1943-1947)\12.Virgilio Expósito & Homero Expósito - Tu casa ya no está (20-07-1944).flac,True,True,1,False,True,True
Tiempo,Osvaldo Pugliese / Roberto Chanel,1946-07-31,tango,Musica: Osvaldo Ruggiero - Letra: Francisco García Jiménez,D:\Dropbox\TDJ\MUSICA\Camilo Gatica\Osvaldo Pugliese\Compilados\Odeón (1943-1960)\Osvaldo Pugliese - Sus éxitos con Roberto Chanel (1943-1947)\13.Osvaldo Ruggiero & Francisco García Jiménez - Tiempo (31-07-1946).flac,True,True,1,False,True,True
Ojos maulas,Osvaldo Pugliese / Roberto Chanel,1947-01-28,tango,Musica: Luis Bernstein - Letra: Alfredo Faustino Roldán,D:\Dropbox\TDJ\MUSICA\Camilo Gatica\Osvaldo Pugliese\Compilados\Odeón (1943-1960)\Osvaldo Pugliese - Sus éxitos con Roberto Chanel (1943-1947)\14.Luis Bernstein & Alfredo Faustino Roldán - Ojos maulas (28-01-1947).flac,True,True,1,False,True,True
Amiga,Osvaldo Pugliese / Roberto Chanel,1947-06-10,tango,Musica: Carlos Viván - Letra: Horacio Sanguinetti,D:\Dropbox\TDJ\MUSICA\Camilo Gatica\Osvaldo Pugliese\Compilados\Odeón (1943-1960)\Osvaldo Pugliese - Sus éxitos con Roberto Chanel (1943-1947)\15.Carlos Vivan & Horacio Petterossi - Amiga (10-06-1947).flac,True,True,1,False,True,True
Consejo de oro,Osvaldo Pugliese / Roberto Chanel,1946-02-27,tango,Musica: Arquímedes Arci - Letra: Arquímedes Arci,D:\Dropbox\TDJ\MUSICA\Camilo Gatica\Osvaldo Pugliese\Compilados\Odeón (1943-1960)\Osvaldo Pugliese - Sus éxitos con Roberto Chanel (1943-1947)\16.Arquímedes Arci - Consejo de oro (27-02-1946).flac,True,True,1,False,True,True
Qué bien te queda (Cómo has cambiado),Osvaldo Pugliese / Roberto Chanel,1943-10-21,tango,Musica: Vicente Salerno - Letra: Juan Mazaroni,D:\Dropbox\TDJ\MUSICA\Camilo Gatica\Osvaldo Pugliese\Compilados\Odeón (1943-1960)\Osvaldo Pugliese - Sus éxitos con Roberto Chanel (1943-1947)\17.Vicente Salerno & Juan Mazaroni - Qué bien te queda (21-10-1943).flac,True,True,1,False,True,True
El Tango es una historia,Osvaldo Pugliese / Roberto Chanel,1944-08-22,tango,Musica: Roberto Chanel - Letra: Reinaldo Yiso,D:\Dropbox\TDJ\MUSICA\Camilo Gatica\Osvaldo Pugliese\Compilados\Odeón (1943-1960)\Osvaldo Pugliese - Sus éxitos con Roberto Chanel (1943-1947)\18.Roberto Chanel & Reinaldo Yiso - El tango es una historia (22-08-1944).flac,True,True,1,False,True,True
Escúchame Manón (Indiferencia),Osvaldo Pugliese / Roberto Chanel,1947-06-10,tango,Musica: Francisco Pracánico - Letra: Claudio Frollo y Roberto Chanel,D:\Dropbox\TDJ\MUSICA\Camilo Gatica\Osvaldo Pugliese\Compilados\Odeón (1943-1960)\Osvaldo Pugliese - Sus éxitos con Roberto Chanel (1943-1947)\19.Francisco Pracánico & Roberto Chanel - Escúchame Manón (10-06-1947).flac,True,True,1,False,True,True
Cabecitas blancas,Osvaldo Pugliese / Roberto Chanel,1947-10-14,tango,Musica: Alberto Pugliese - Letra: Enrique Dizeo,D:\Dropbox\TDJ\MUSICA\Camilo Gatica\Osvaldo Pugliese\Compilados\Odeón (1943-1960)\Osvaldo Pugliese - Sus éxitos con Roberto Chanel (1943-1947)\20.Alberto Pugliese & Enrique Dizeo - Cabecitas blancas (14-10-1947).flac,True,True,1,False,True,True
Corrientes y Esmeralda,Osvaldo Pugliese / Roberto Chanel,1944-10-17,tango,Musica: Francisco Pracánico - Letra: Celedonio Flores,D:\Dropbox\TDJ\MUSICA\Dan\Pugliese\Osvaldo Pugliese con sus grandes cantantes\Osvaldo Pugliese feat. Roberto Chanel_Osvaldo Pugliese con sus grandes cantates - 02 - Corrientes y Esmeralda.flac,True,True,1,False,True,True
Por qué?,Osvaldo Pugliese / Roberto Chanel,1993,tango,,D:\Dropbox\TDJ\MUSICA\Dan\Pugliese\Osvaldo Pugliese con sus grandes cantantes\Osvaldo Pugliese feat. Roberto Chanel_Osvaldo Pugliese con sus grandes cantates - 05 - Por qué？.flac,True,False,0,False,True,False
La abandoné y no sabía,Osvaldo Pugliese / Roberto Chanel,1993,tango,,D:\Dropbox\TDJ\MUSICA\Dan\Pugliese\Osvaldo Pugliese con sus grandes cantantes\Osvaldo Pugliese feat. Roberto Chanel_Osvaldo Pugliese con sus grandes cantates - 10 - La abandoné y no sabía.flac,True,True,1,False,True,False
Rondando tu esquina,Osvaldo Pugliese / Roberto Chanel,1945-07-18,tango,Musica: Charlo - Letra: Enrique Cadícamo,D:\Dropbox\TDJ\MUSICA\Eduardo\7\04 Rondando Tu Esquina.mp3,True,True,1,False,True,True
Sin lágrimas,Osvaldo Pugliese / Roberto Chanel,1946-05-27,tango,Musica: Charlo - Letra: José María Contursi,D:\Dropbox\TDJ\MUSICA\Eduardo\2\11 Sin Lagrimas.mp3,True,True,1,False,True,True
Tortazos,Osvaldo Pugliese / Roberto Chanel,1944-06-01,tango milonga,Musica: José Razzano - Letra: Enrique Pedro Maroni,D:\Dropbox\TDJ\MUSICA\Eduardo\2\07 Tortazos.mp3,True,True,1,False,True,True
La abandoné y no sabía,Osvaldo Pugliese / Roberto Chanel,1944-07-20,tango,Musica: José Canet - Letra: José Canet,D:\Dropbox\TDJ\MUSICA\Eva\Pugliese\Pugliese- La Abandone y no sabia- Pasional\25 083.La Abandone Y No Sabia.m4a,True,True,1,False,True,True
El sueño del pibe,Osvaldo Pugliese / Roberto Chanel,1945-03-22,tango,Musica: Juan Puey - Letra: Reinaldo Yiso,D:\Dropbox\TDJ\MUSICA\Eva\Pugliese\Pugliese- La Abandone y no sabia- Pasional\26 084.El Sueno Del Pibe.m4a,True,True,1,False,True,True
Yo te bendigo,Osvaldo Pugliese / Roberto Chanel,1947-03-27,tango,Musica: Juan de Dios Filiberto - Letra: Juan Andrés Bruno,D:\Dropbox\TDJ\MUSICA\Eduardo\1\01-YO TE BENDIGO.mp3,True,True,1,False,True,True
Fuimos,Osvaldo Pugliese / Roberto Chanel,1946-03-28,tango,Musica: José Dames - Letra: Homero Manzi,D:\Dropbox\TDJ\MUSICA\Eduardo\7\02-FUIMOS.mp3,True,True,1,False,True,True
La abandoné y no sabía,Osvaldo Pugliese / Roberto Chanel,1944-07-20,tango,Musica: José Canet - Letra: José Canet,D:\Dropbox\TDJ\MUSICA\Eduardo\7\04-LA ABANDONE Y NO SABIA.mp3,True,True,1,False,True,True
Puentecito de mi río,Osvaldo Pugliese / Roberto Chanel,1944-12-21,tango vals,Musica: Antonio Tormo  y Manuel Canales - Letra: Buenaventura Luna,D:\Dropbox\TDJ\MUSICA\Eduardo\2\06-PUENTECITO DE MI RIO.mp3,True,True,1,False,True,True
Farol,Osvaldo Pugliese / Roberto Chanel,1943-07-15,tango,Musica: Virgilio Expósito - Letra: Homero Expósito,D:\Dropbox\TDJ\MUSICA\Eduardo\2\07-FAROL.mp3,True,True,1,False,True,True
Muchachos comienza la ronda,Osvaldo Pugliese / Roberto Chanel,1943-08-27,tango,Musica: Luis Porcell - Letra: Leopoldo Díaz Vélez,D:\Dropbox\TDJ\MUSICA\Eduardo\2\08 Muchachos Comienza La Ronda    -.mp3,True,True,1,False,True,True
Nada más que un corazón,Osvaldo Pugliese / Roberto Chanel,1944-11-24,tango,Musica: Manuel Sucher - Letra: Carlos Bahr,D:\Dropbox\TDJ\MUSICA\Eduardo\2\09-NADA MAS QUE UN CORAZON.mp3,True,True,1,False,True,True
Galleguita,Osvaldo Pugliese / Roberto Chanel,1945-11-06,tango,Musica: Horacio Pettorossi - Letra: Alfredo Navarrine,D:\Dropbox\TDJ\MUSICA\Eduardo\2\10 Galleguita.mp3,True,True,1,False,True,True
Tu casa ya no está,Osvaldo Pugliese / Roberto Chanel,1944-07-20,tango vals,Musica: Virgilio Expósito - Letra: Homero Expósito,D:\Dropbox\TDJ\MUSICA\Eduardo\2\12-TU CASA YA NO ESTA.mp3,True,True,1,False,True,True
Tiempo,Osvaldo Pugliese / Roberto Chanel,1946-07-31,tango,Musica: Osvaldo Ruggiero - Letra: Francisco García Jiménez,D:\Dropbox\TDJ\MUSICA\Eduardo\2\13-TIEMPO.mp3,True,True,1,False,True,True
Ojos maulas,Osvaldo Pugliese / Roberto Chanel,1947-01-28,tango,Musica: Luis Bernstein - Letra: Alfredo Faustino Roldán,D:\Dropbox\TDJ\MUSICA\Eduardo\6\14-OJOS MAULAS.mp3,True,True,1,False,True,True
Cabecitas blancas,Osvaldo Pugliese / Roberto Chanel,1947-10-14,tango,Musica: Alberto Pugliese - Letra: Enrique Dizeo,D:\Dropbox\TDJ\MUSICA\Eduardo\6\20-CABECITAS BLANCAS.mp3,True,True,1,False,True,True
Galleguita,Osvaldo Pugliese / Roberto Chanel,1945-11-06,tango,Musica: Horacio Pettorossi - Letra: Alfredo Navarrine,D:\Dropbox\TDJ\MUSICA\Osvaldo LA YUMBA\- PUGLIESE\Kiko pugli\Osvaldo Pugliese - 1945 - Todas sus grabaciones\16-galleguita - osvaldo pugliese con roberto chanel(2)-Petorossi y Navarrini-1945.mp3,True,True,1,False,True,True
Tiempo,Osvaldo Pugliese / Roberto Chanel,1946-07-31,tango,Musica: Osvaldo Ruggiero - Letra: Francisco García Jiménez,D:\Dropbox\TDJ\MUSICA\Eduardo\2\13 Tiempo.mp3,True,True,1,False,True,True
Amiga,Osvaldo Pugliese / Roberto Chanel,1947-06-10,tango,Musica: Carlos Viván - Letra: Horacio Sanguinetti,D:\Dropbox\TDJ\MUSICA\Eduardo\6\15 Amiga.mp3,True,True,1,False,True,True
Consejo de oro,Osvaldo Pugliese / Roberto Chanel,1946-02-27,tango,Musica: Arquímedes Arci - Letra: Arquímedes Arci,D:\Dropbox\TDJ\MUSICA\Eduardo\6\16 Consejo De Oro.mp3,True,True,1,False,True,True
Escúchame Manón (Indiferencia),Osvaldo Pugliese / Roberto Chanel,1947-06-10,tango,Musica: Francisco Pracánico - Letra: Claudio Frollo y Roberto Chanel,D:\Dropbox\TDJ\MUSICA\Eduardo\6\19 Escuchame Manon.mp3,True,True,1,False,True,True
Rondando Tu Esquina,Osvaldo Pugliese / Roberto Chanel,1982,tango,,D:\Dropbox\TDJ\MUSICA\Dan\Pugliese\Tangos Famosos\Osvaldo Pugliese - Roberto Chanel_Tangos Famosos - 03 - Rondando Tu Esquina.flac,True,True,1,False,True,False
Tortazos,Osvaldo Pugliese / Roberto Chanel,1944-06-01,tango milonga,Musica: José Razzano - Letra: Enrique Pedro Maroni,D:\Dropbox\TDJ\MUSICA\Osvaldo LA YUMBA\- PUGLIESE\Kiko pugli\Osvaldo Pugliese - 1943 - 1944 - Todas sus grabaciones\09-TORTAZOS-chanel- jose razzano y maroni-1944.mp3,True,True,1,False,True,True
La abandoné y no sabía,Osvaldo Pugliese / Roberto Chanel,1944-07-20,tango,Musica: José Canet - Letra: José Canet,D:\Dropbox\TDJ\MUSICA\Osvaldo LA YUMBA\- PUGLIESE\Kiko pugli\Osvaldo Pugliese - 1943 - 1944 - Todas sus grabaciones\Osvaldo Pugliese-La Abandone Y No Sabia.mp3,True,True,1,False,True,True
El sueño del pibe,Osvaldo Pugliese / Roberto Chanel,1945-03-22,tango,Musica: Juan Puey - Letra: Reinaldo Yiso,D:\Dropbox\TDJ\MUSICA\Osvaldo LA YUMBA\- PUGLIESE\Kiko pugli\Osvaldo Pugliese - 1945 - Todas sus grabaciones\04-El sueño del pibe-chanel-yiso y puey-1945.mp3,True,True,1,False,True,True
Yo te bendigo,Osvaldo Pugliese / Roberto Chanel,1947-03-27,tango,Musica: Juan de Dios Filiberto - Letra: Juan Andrés Bruno,D:\Dropbox\TDJ\MUSICA\Osvaldo LA YUMBA\- PUGLIESE\Kiko pugli\Osvaldo Pugliese - 1947 - Todas sus grabaciones\03- YO TE BENDIGO-chanel - filiberto y bruno - 1947.mp3,True,True,1,False,True,True
El Tango es una historia,Osvaldo Pugliese / Roberto Chanel,1944-08-22,tango,Musica: Roberto Chanel - Letra: Reinaldo Yiso,D:\Dropbox\TDJ\MUSICA\Eduardo\1\El Tango Es Una Historia.mp3,True,True,1,False,True,True
Farol,Osvaldo Pugliese / Roberto Chanel,1943-07-15,tango,Musica: Virgilio Expósito - Letra: Homero Expósito,D:\Dropbox\TDJ\MUSICA\Eduardo\1\01 Farol.mp3,True,True,1,False,True,True
Yo te bendigo,Osvaldo Pugliese / Roberto Chanel,1947-03-27,tango,Musica: Juan de Dios Filiberto - Letra: Juan Andrés Bruno,D:\Dropbox\TDJ\MUSICA\Eduardo\6\18 Yo Te Bendigo.mp3,True,True,1,False,True,True
Fuimos,Osvaldo Pugliese / Roberto Chanel,1946-03-28,tango,Musica: José Dames - Letra: Homero Manzi,D:\Dropbox\TDJ\MUSICA\Eduardo\6\25 Fuimos.mp3,True,True,1,False,True,True
Dandy,Osvaldo Pugliese / Roberto Chanel,1945-12-03,tango,Musica: Lucio Demare - Letra: Agustín Irusta y Roberto Fugazot,D:\Dropbox\TDJ\MUSICA\Eduardo\2\08 Dandy.mp3,True,True,1,False,True,True
Bolero,Osvaldo Pugliese / Roberto Chanel,1947-12-16,tango,Musica: Santos Lipesker - Letra: Reinaldo Yiso,D:\Dropbox\TDJ\MUSICA\Eduardo\3\Bolero.mp3,True,True,1,False,True,True
El mareo,Osvaldo Pugliese / Roberto Chanel y Alberto Moran,1947-10-14,tango,Musica: Julio De Caro - Letra: Mario César Gomila,D:\Dropbox\TDJ\MUSICA\Osvaldo LA YUMBA\- PUGLIESE\Kiko pugli\Osvaldo Pugliese - 1947 - Todas sus grabaciones\11-pugliese - el mareo (alberto morán - roberto chanel)- de caro y gomila - 1947.mp3,True,True,1,False,True,True
El mareo,Osvaldo Pugliese / Roberto Chanel y Alberto Moran,1947-10-14,tango,Musica: Julio De Caro - Letra: Mario César Gomila,D:\Dropbox\TDJ\MUSICA\Eduardo\6\24 El Mareo.mp3,True,True,1,False,True,True
Mirando la lluvia,Osvaldo Pugliese / Roberto Chanel y Alberto Moran,1946-12-20,tango,Musica: Adolfo Avilés - Letra: Leopoldo Torre Ríos,D:\Dropbox\TDJ\MUSICA\Camilo Gatica\Osvaldo Pugliese\Compilados\Odeón (1943-1960)\Osvaldo Pugliese - Cantan Alberto Morán y Roberto Chanel (1944-1954)\10.Adolfo Avilés & Leopoldo Torre Ríos - Mirando la lluvia (1946).flac,True,True,1,False,True,True
El mareo,Osvaldo Pugliese / Roberto Chanel y Alberto Moran,1947-10-14,tango,Musica: Julio De Caro - Letra: Mario César Gomila,D:\Dropbox\TDJ\MUSICA\Camilo Gatica\Osvaldo Pugliese\Compilados\Odeón (1943-1960)\Osvaldo Pugliese - Sus éxitos con Alberto Moran Vol.2 (1945-1954)\09.Julio De Caro & Mario César Gomía - El mareo (1947).flac,True,True,1,False,True,True
Mirando la lluvia,Osvaldo Pugliese / Roberto Chanel y Alberto Moran,1946-12-20,tango,Musica: Adolfo Avilés - Letra: Leopoldo Torre Ríos,D:\Dropbox\TDJ\MUSICA\Osvaldo LA YUMBA\- PUGLIESE\Kiko pugli\Osvaldo Pugliese - 1946 - Todas sus grabaciones\15 Mirando la lluvia-duo Roberto Chanel-Alberto Morán - Avilés-Torres Ríos - 20-12-46.mp3,True,True,1,False,True,True
Mirando la lluvia,Osvaldo Pugliese / Roberto Chanel y Alberto Moran,1946-12-20,tango,Musica: Adolfo Avilés - Letra: Leopoldo Torre Ríos,D:\Dropbox\TDJ\MUSICA\Eduardo\4\Mirando La Lluvia.mp3,True,True,1,False,True,True
